Category,Real Category,Business Name,Address,City,State,Postal Code,Country,Phone,Email,Website,Latitude,Longitude,Map Link,Details Link
mall,mall,Kec. Aesesa,"Kabupaten Nagekeo, Nusa Tenggara Tim.","Kabupaten Nagekeo, Nusa Tenggara Tim.",NUSA TENGGARA TIMUR,,Indonesia,,,,-8.5575585,121.2692731,https://maps.google.com/?cid=0x0:0x7382490e0d580d1,
mall,Pusat Perbelanjaan,Aeramo Mandiri,"C8JG+F68, Aeramo, Kec. Aesesa, Kabupaten Nagekeo, Nusa Tenggara Tim.","Kabupaten Nagekeo, Nusa Tenggara Tim.",NUSA TENGGARA TIMUR,,Indonesia,81236031682.0,,,-8.5688385,121.3255676,https://maps.google.com/?cid=0x0:0x53e83ce664437cd5,
mall,Pasar,Ruko Mega Mas,"F88H+GPW, Nangadhero, Kec. Aesesa, Kabupaten Nagekeo, Nusa Tenggara Tim.","Kabupaten Nagekeo, Nusa Tenggara Tim.",NUSA TENGGARA TIMUR,,Indonesia,,,,-8.5336332,121.3293242,https://maps.google.com/?cid=0x0:0xe9d74a5504ac860d,
mall,Pusat Perbelanjaan,Kios Anjelina,"C87V+R35, Aeramo, Kec. Aesesa, Kabupaten Nagekeo, Nusa Tenggara Tim.","Kabupaten Nagekeo, Nusa Tenggara Tim.",NUSA TENGGARA TIMUR,,Indonesia,81237408647.0,,,-8.5854853,121.3427262,https://maps.google.com/?cid=0x0:0x18c61fa925873b51,
mall,Pasar,Pasar Senin Aewoe,"444W+45P, Unnamed Road, Aewoe, Kec. Mauponggo, Kabupaten Nagekeo, Nusa Tenggara Tim.","Kabupaten Nagekeo, Nusa Tenggara Tim.",NUSA TENGGARA TIMUR,,Indonesia,,,,-8.8946653,121.1454389,https://maps.google.com/?cid=0x0:0xb38cdfdde4b9ea8e,
mall,Toko,Toko Angelia,"C7R9+VM3, Jl, Soerharto, Danga, Kec. Aesesa, Kabupaten Nagekeo, Nusa Tenggara Tim.","Kabupaten Nagekeo, Nusa Tenggara Tim.",NUSA TENGGARA TIMUR,,Indonesia,82147132930.0,,,-8.5578656,121.2691645,https://maps.google.com/?cid=0x0:0xe30eb0805971c4fb,
mall,Toko,Wil Wu No,"C7J9+Q8H, Danga, Kec. Aesesa, Kabupaten Nagekeo, Nusa Tenggara Tim.","Kabupaten Nagekeo, Nusa Tenggara Tim.",NUSA TENGGARA TIMUR,,Indonesia,,,,-8.568067,121.2683591,https://maps.google.com/?cid=0x0:0x4a1a33a5e921500f,
mall,Sekolah Negeri,SMK Negeri 1 Aesesa,"SMK Negeri 1 Aesesa, Nusa Tenggara Tim., Aeramo, Aesesa, Nagekeo Regency, East Nusa Tenggara","Kabupaten Nagekeo, Nusa Tenggara Tim.",NUSA TENGGARA TIMUR,,Indonesia,,,,-8.5752499,121.3374075,https://maps.google.com/?cid=0x0:0xa803e2ac094633ac,
mall,Pembangunan Perumahan,Malalado,"96XW+G5C, Dhawe, Kec. Aesesa, Kabupaten Nagekeo, Nusa Tenggara Tim.","Kabupaten Nagekeo, Nusa Tenggara Tim.",NUSA TENGGARA TIMUR,,Indonesia,,,,-8.6011839,121.2453844,https://maps.google.com/?cid=0x0:0x289d373cfd1ec947,
mall,Kantor Perusahaan,Kantor Bupati Nagekeo,"C7FJ+RCH, Lape, Kec. Aesesa, Kabupaten Nagekeo, Nusa Tenggara Tim.","Kabupaten Nagekeo, Nusa Tenggara Tim.",NUSA TENGGARA TIMUR,,Indonesia,380402151.0,,,-8.5754492,121.2811236,https://maps.google.com/?cid=0x0:0x7119323402d29a85,
mall,Komplek perumahan,Mesjid Aeramo,"C8CH+C43, Aeramo, Kec. Aesesa, Kabupaten Nagekeo, Nusa Tenggara Tim.","Kabupaten Nagekeo, Nusa Tenggara Tim.",NUSA TENGGARA TIMUR,,Indonesia,,,,-8.578981,121.32781,https://maps.google.com/?cid=0x0:0x455681b48316d566,
mall,Toko Perlengkapan Rumah,Cio kios aeramo,"Aeramo, Kec. Aesesa, Kabupaten Nagekeo, Nusa Tenggara Tim.","Kabupaten Nagekeo, Nusa Tenggara Tim.",NUSA TENGGARA TIMUR,,Indonesia,,,,-8.5819192,121.3339533,https://maps.google.com/?cid=0x0:0x6d11fd697d80a3eb,
mall,Kios,Kios Sebo Susa,"Lape, Kec. Aesesa, Kabupaten Nagekeo, Nusa Tenggara Tim.","Kabupaten Nagekeo, Nusa Tenggara Tim.",NUSA TENGGARA TIMUR,,Indonesia,82247263047.0,,,-8.5660411,121.2882971,https://maps.google.com/?cid=0x0:0x9beae3848a9b656f,
mall,Kantor Perusahaan,BALOK KELAPA ADIMAT,"F89H+PV5, Nangadhero, Kec. Aesesa, Kabupaten Nagekeo, Nusa Tenggara Tim.","Kabupaten Nagekeo, Nusa Tenggara Tim.",NUSA TENGGARA TIMUR,,Indonesia,82236213639.0,,,-8.5307262,121.3297271,https://maps.google.com/?cid=0x0:0x453dfc43db812bcb,
mall,Pusat Perbelanjaan,UD Roda Mulia,"C8CM+J9H, Aeramo, Kec. Aesesa, Kabupaten Nagekeo, Nusa Tenggara Tim.","Kabupaten Nagekeo, Nusa Tenggara Tim.",NUSA TENGGARA TIMUR,,Indonesia,,,,-8.5784276,121.3334798,https://maps.google.com/?cid=0x0:0x7bd4a5310cb15357,
mall,Pasar Petani,Kios Pertanian DEPOT AGRO 88,"Nangadhero, Kec. Aesesa, Kabupaten Nagekeo, Nusa Tenggara Tim.","Kabupaten Nagekeo, Nusa Tenggara Tim.",NUSA TENGGARA TIMUR,,Indonesia,81237875788.0,,,-8.5310448,121.3295655,https://maps.google.com/?cid=0x0:0x2c78b134cb16bc40,
mall,Toko umum,UD NEBE JAYA,"88XF+HG4, Labolewa, Kec. Aesesa, Kabupaten Nagekeo, Nusa Tenggara Tim.","Kabupaten Nagekeo, Nusa Tenggara Tim.",NUSA TENGGARA TIMUR,,Indonesia,81375105270.0,,,-8.6511085,121.3238375,https://maps.google.com/?cid=0x0:0x31f0b1c05e15a0dc,
mall,Toko,Kios julio,"C7MF+PQ3, Jl. Kelimutu, Danga, Kec. Aesesa, Kabupaten Nagekeo, Nusa Tenggara Tim.","Kabupaten Nagekeo, Nusa Tenggara Tim.",NUSA TENGGARA TIMUR,,Indonesia,82144127422.0,,,-8.5657448,121.2744289,https://maps.google.com/?cid=0x0:0xd2c5f7f359d30ce4,
mall,Toko umum,UD Horas,"C7JV+48M, Penginanga Pojok Timur Lapangan Pancasila, Mbay I, Kec. Aesesa, Kabupaten Nagekeo, Nusa Tenggara Tim.","Kabupaten Nagekeo, Nusa Tenggara Tim.",NUSA TENGGARA TIMUR,,Indonesia,81238700387.0,,,-8.5696515,121.2932873,https://maps.google.com/?cid=0x0:0x6cc939c2ee3ac356,
mall,Toko,Toko Bagunan Aeramo Jaya,"C8CM+22R, Jalan Raya Mbay-, Uneng City, Alok, Sikka Regency, East Nusa Tenggara","Kabupaten Sikka, Nusa Tenggara Tim.",NUSA TENGGARA TIMUR,,Indonesia,,,,-8.5798801,121.3325008,https://maps.google.com/?cid=0x0:0xed5fa59820787f9b,
mall,mall,Nusa Tenggara Tim.,,Nusa Tenggara Tim.,NUSA TENGGARA TIMUR,,Indonesia,,,,-8.6573819,121.0793705,https://maps.google.com/?cid=0x0:0x1030bfbcaf71ae0,
mall,Pusat Perbelanjaan,Mall Lembuswana Samarinda,"Jl. S. Parman, Gn. Kelua, Kec. Samarinda Ulu, Kota Samarinda, Kalimantan Timur 75242","Gn. Kelua, Kec. Samarinda Ulu, Kota Samarinda",NUSA TENGGARA TIMUR,75242.0,Indonesia,,,,-0.4753055,117.1472429,https://maps.google.com/?cid=0x0:0x907e27c39da576ed,
mall,mall,Kugar Mekar Sari,"F8V2+75W, Unnamed Road, Tonggu Rambang, Kec. Aesesa, Kabupaten Nagekeo, Nusa Tenggara Tim.","Kabupaten Nagekeo, Nusa Tenggara Tim.",NUSA TENGGARA TIMUR,,Indonesia,,,,-8.5067641,121.3004525,https://maps.google.com/?cid=0x0:0x58a5867ce6fe2357,
mall,Pasar,Ruko Mega Mas,"F88H+GPW, Nangadhero, Kec. Aesesa, Kabupaten Nagekeo, Nusa Tenggara Tim.","Kabupaten Nagekeo, Nusa Tenggara Tim.",NUSA TENGGARA TIMUR,,Indonesia,,,,-8.5336332,121.3293242,https://maps.google.com/?cid=0x0:0xe9d74a5504ac860d,
mall,Pusat Perbelanjaan,UD Roda Mulia,"C8CM+J9H, Aeramo, Kec. Aesesa, Kabupaten Nagekeo, Nusa Tenggara Tim.","Kabupaten Nagekeo, Nusa Tenggara Tim.",NUSA TENGGARA TIMUR,,Indonesia,,,,-8.5784276,121.3334798,https://maps.google.com/?cid=0x0:0x7bd4a5310cb15357,
mall,Pusat Perbelanjaan,Kios Anjelina,"C87V+R35, Aeramo, Kec. Aesesa, Kabupaten Nagekeo, Nusa Tenggara Tim.","Kabupaten Nagekeo, Nusa Tenggara Tim.",NUSA TENGGARA TIMUR,,Indonesia,81237408647.0,,,-8.5854853,121.3427262,https://maps.google.com/?cid=0x0:0x18c61fa925873b51,
mall,Toko,Kios julio,"C7MF+PQ3, Jl. Kelimutu, Danga, Kec. Aesesa, Kabupaten Nagekeo, Nusa Tenggara Tim.","Kabupaten Nagekeo, Nusa Tenggara Tim.",NUSA TENGGARA TIMUR,,Indonesia,82144127422.0,,,-8.5657448,121.2744289,https://maps.google.com/?cid=0x0:0xd2c5f7f359d30ce4,
mall,Toko,Toko Freshcom Boawae,"Unnamed Road, Nageoga, Kec. Boawae, Kabupaten Nagekeo, Nusa Tenggara Tim.","Kabupaten Nagekeo, Nusa Tenggara Tim.",NUSA TENGGARA TIMUR,,Indonesia,82247611622.0,,,-8.7625342,121.1860814,https://maps.google.com/?cid=0x0:0x18d4b61f9f1087f,
mall,Pembangunan Perumahan,BENGKEL ORAKERI,"6F49+P8M, Unnamed Road, Nangapanda, Kabupaten Nusa Tenggara Tim., Ndorurea I, Kec. Nangapanda, Kabupaten Ende, Nusa Tenggara Tim.","Kabupaten Ende, Nusa Tenggara Tim.",NUSA TENGGARA TIMUR,,Indonesia,81338109833.0,,,-8.7931554,121.4682991,https://maps.google.com/?cid=0x0:0x86d9158ec56868ef,
mall,Pusat Perbelanjaan,Aeramo Mandiri,"C8JG+F68, Aeramo, Kec. Aesesa, Kabupaten Nagekeo, Nusa Tenggara Tim.","Kabupaten Nagekeo, Nusa Tenggara Tim.",NUSA TENGGARA TIMUR,,Indonesia,81236031682.0,,,-8.5688385,121.3255676,https://maps.google.com/?cid=0x0:0x53e83ce664437cd5,
mall,Toko umum,Roni kios,"56V8+MGW, Mulakoli, Kec. Boawae, Kabupaten Nagekeo, Nusa Tenggara Tim.","Kabupaten Nagekeo, Nusa Tenggara Tim.",NUSA TENGGARA TIMUR,,Indonesia,81237441423.0,,,-8.8057573,121.2163348,https://maps.google.com/?cid=0x0:0x19462e12c3fbc5bb,
mall,Toko,Toko Angelia,"C7R9+VM3, Jl, Soerharto, Danga, Kec. Aesesa, Kabupaten Nagekeo, Nusa Tenggara Tim.","Kabupaten Nagekeo, Nusa Tenggara Tim.",NUSA TENGGARA TIMUR,,Indonesia,82147132930.0,,,-8.5578656,121.2691645,https://maps.google.com/?cid=0x0:0xe30eb0805971c4fb,
mall,mall,Rumah Kelor Kemasama Nuakutu,"Jalan christina martha tiahahu, RT 027, kelurahan Danga, Kecamatan Aesesa, Mbay, Kabupaten Nagekeo","Kabupaten Nagekeo, Nusa Tenggara Tim.",NUSA TENGGARA TIMUR,,Indonesia,81338318383.0,,,-8.568067,121.2683591,https://maps.google.com/?cid=0x0:0x5a718f5915fa76de,
mall,mall,Nuansa Baru,"67X7+JC5, Jalan Trans Flores, Raja, Kec. Boawae, Kabupaten Nagekeo, Nusa Tenggara Tim.","Kabupaten Nagekeo, Nusa Tenggara Tim.",NUSA TENGGARA TIMUR,,Indonesia,,,,-8.7509917,121.2636003,https://maps.google.com/?cid=0x0:0x8201812fb7c1d7fa,
mall,mall,Rumah Kelor KWT Kemasama Nuakutu,"C7HF+QXQ, Danga, Kec. Aesesa, Kabupaten Nagekeo, Nusa Tenggara Tim.","Kabupaten Nagekeo, Nusa Tenggara Tim.",NUSA TENGGARA TIMUR,,Indonesia,,,,-8.5705277,121.275,https://maps.google.com/?cid=0x0:0x66385b59b5a1ada,
mall,mall,Kios nuril,"C7R9+RQM, Danga, Kec. Aesesa, Kabupaten Nagekeo, Nusa Tenggara Tim.","Kabupaten Nagekeo, Nusa Tenggara Tim.",NUSA TENGGARA TIMUR,,Indonesia,,,,-8.5578724,121.2694613,https://maps.google.com/?cid=0x0:0xa7c0ad34c5939608,
mall,mall,Kec. Nangaroro,"Kabupaten Nagekeo, Nusa Tenggara Tim.","Kabupaten Nagekeo, Nusa Tenggara Tim.",NUSA TENGGARA TIMUR,,Indonesia,,,,-8.7877249,121.393929,https://maps.google.com/?cid=0x0:0x7c1a30a4c1814805,
mall,mall,Kios Harapan Jasa,"696R+H72, Jl. Raya Bajawa, Bajawa, Kec. Nangaroro, Kabupaten Nagekeo, Nusa Tenggara Tim.","Kabupaten Nagekeo, Nusa Tenggara Tim.",NUSA TENGGARA TIMUR,,Indonesia,81337850879.0,,,-8.7886229,121.3906471,https://maps.google.com/?cid=0x0:0x1624846aad7dda24,
mall,mall,Kec. Boawae,"Kabupaten Nagekeo, Nusa Tenggara Tim.","Kabupaten Nagekeo, Nusa Tenggara Tim.",NUSA TENGGARA TIMUR,,Indonesia,,,,-8.7639474,121.1651632,https://maps.google.com/?cid=0x0:0x7defadf688be794f,
mall,Kantor Pemerintah,Pasar Rabu Boawae,"65Q7+Q42, Natanage, Kec. Boawae, Kabupaten Nagekeo, Nusa Tenggara Tim.","Kabupaten Nagekeo, Nusa Tenggara Tim.",NUSA TENGGARA TIMUR,,Indonesia,,,,-8.7606205,121.1627539,https://maps.google.com/?cid=0x0:0xc9629f79bf3b8397,
mall,Pembangunan Perumahan,wae lama,"55J8+C4V, Kelewae, Kec. Boawae, Kabupaten Nagekeo, Nusa Tenggara Tim.","Kabupaten Nagekeo, Nusa Tenggara Tim.",NUSA TENGGARA TIMUR,,Indonesia,,,,-8.8188851,121.1653117,https://maps.google.com/?cid=0x0:0x907f597cea92614e,
mall,Balai Kota,Kantor Camat Boawae,"65M7+7QJ, Natanage, Kec. Boawae, Kabupaten Nagekeo, Nusa Tenggara Tim.","Kabupaten Nagekeo, Nusa Tenggara Tim.",NUSA TENGGARA TIMUR,,Indonesia,,,,-8.7667768,121.1643827,https://maps.google.com/?cid=0x0:0xfba9003c6497ec51,
mall,mall,"Paytren FLORES, Nagekeo, Indonesia","Wolopogo, Kec. Boawae, Kabupaten Nagekeo, Nusa Tenggara Tim. 86462","Kec. Boawae, Kabupaten Nagekeo",NUSA TENGGARA TIMUR,86462.0,Indonesia,82144904422.0,,,-8.7731832,121.2060769,https://maps.google.com/?cid=0x0:0x6227dac9779a31d7,
mall,mall,Nuansa Baru,"67X7+JC5, Jalan Trans Flores, Raja, Kec. Boawae, Kabupaten Nagekeo, Nusa Tenggara Tim.","Kabupaten Nagekeo, Nusa Tenggara Tim.",NUSA TENGGARA TIMUR,,Indonesia,,,,-8.7509917,121.2636003,https://maps.google.com/?cid=0x0:0x8201812fb7c1d7fa,
mall,Toko,Toko Freshcom Boawae,"Unnamed Road, Nageoga, Kec. Boawae, Kabupaten Nagekeo, Nusa Tenggara Tim.","Kabupaten Nagekeo, Nusa Tenggara Tim.",NUSA TENGGARA TIMUR,,Indonesia,82247611622.0,,,-8.7625342,121.1860814,https://maps.google.com/?cid=0x0:0x18d4b61f9f1087f,
mall,Toko Alat Tulis Kantor,Jesse Copy Center (Ebend Raga),"66M2+G7H, Rega, Kec. Boawae, Kabupaten Nagekeo, Nusa Tenggara Tim.","Kabupaten Nagekeo, Nusa Tenggara Tim.",NUSA TENGGARA TIMUR,,Indonesia,81353061178.0,,,-8.7661781,121.2007189,https://maps.google.com/?cid=0x0:0xb63e1c374dc06d75,
mall,Vegetarian cafe and deli,Nusa Tenggara Timur,"83VH+2PX, Nginamanu, Kec. Wolomeze, Kabupaten Ngada, Nusa Tenggara Tim.","Kabupaten Ngada, Nusa Tenggara Tim.",NUSA TENGGARA TIMUR,,Indonesia,,,,-8.6573819,121.0793705,https://maps.google.com/?cid=0x0:0x27af687c1dcf24cf,
mall,Taman Kanak-kanak,Kelompok Tojowasa,"65MJ+WJW, Unnamed Road, Nageoga, Kec. Boawae, Kabupaten Nagekeo, Nusa Tenggara Tim.","Kabupaten Nagekeo, Nusa Tenggara Tim.",NUSA TENGGARA TIMUR,,Indonesia,,,,-8.7651421,121.1815665,https://maps.google.com/?cid=0x0:0x385608abeff573b8,
mall,Perhimpunan Pengembang Perumahan,"Rowa Traditional village, Wolopogo","Rowa, Kec. Boawae, Kabupaten Nagekeo, Nusa Tenggara Tim.","Kabupaten Nagekeo, Nusa Tenggara Tim.",NUSA TENGGARA TIMUR,,Indonesia,82235499925.0,,,-8.782439,121.1220945,https://maps.google.com/?cid=0x0:0x3a02b1f57063d2d7,
mall,Komplek perumahan,Warung 2 PUTRA,"649Q+XR7, Solo, Kec. Boawae, Kabupaten Nagekeo, Nusa Tenggara Tim.","Kabupaten Nagekeo, Nusa Tenggara Tim.",NUSA TENGGARA TIMUR,,Indonesia,,,,-8.7800992,121.1395358,https://maps.google.com/?cid=0x0:0xc2df9cf318e1075,
mall,Toko umum,Roni kios,"56V8+MGW, Mulakoli, Kec. Boawae, Kabupaten Nagekeo, Nusa Tenggara Tim.","Kabupaten Nagekeo, Nusa Tenggara Tim.",NUSA TENGGARA TIMUR,,Indonesia,81237441423.0,,,-8.8057573,121.2163348,https://maps.google.com/?cid=0x0:0x19462e12c3fbc5bb,
mall,Kios,Kios Yosep Egho,"758P+3G4, Ratongamobo, Kec. Boawae, Kabupaten Nagekeo, Nusa Tenggara Tim.","Kabupaten Nagekeo, Nusa Tenggara Tim.",NUSA TENGGARA TIMUR,,Indonesia,,,,-8.7348712,121.1863399,https://maps.google.com/?cid=0x0:0x9b74734085c6bd5d,
mall,mall,Nusa Tenggara Tim.,,Nusa Tenggara Tim.,NUSA TENGGARA TIMUR,,Indonesia,,,,-8.6573819,121.0793705,https://maps.google.com/?cid=0x0:0x1030bfbcaf71ae0,
mall,Hipermarket,Lippo Plaza Kupang,"Jl. Veteran, Fatululi, Kec. Oebobo, Kota Kupang, Nusa Tenggara Tim.","Kota Kupang, Nusa Tenggara Tim.",NUSA TENGGARA TIMUR,,Indonesia,,,,-10.158877,123.6112188,https://maps.google.com/?cid=0x0:0x2d473260f9494ae7,
mall,Komplek perumahan,GELU,"5629+93M, Wololelu, Kec. Mauponggo, Kabupaten Nagekeo, Nusa Tenggara Tim.","Kabupaten Nagekeo, Nusa Tenggara Tim.",NUSA TENGGARA TIMUR,,Indonesia,,,,-8.8490339,121.2176669,https://maps.google.com/?cid=0x0:0x7102ff7b8cd2bdcf,
mall,Kantor Pemerintah,Kelurahan mauponggo,"4697+C3Q, Mauponggo, Kec. Mauponggo, Kabupaten Nagekeo, Nusa Tenggara Tim.","Kabupaten Nagekeo, Nusa Tenggara Tim.",NUSA TENGGARA TIMUR,,Indonesia,,,,-8.8814125,121.2127344,https://maps.google.com/?cid=0x0:0xaf5fd83eb1c57a4b,
mall,Kelompok Bermain,sdk majamere,"5675+2W4, Woloede, Kec. Mauponggo, Kabupaten Nagekeo, Nusa Tenggara Tim.","Kabupaten Nagekeo, Nusa Tenggara Tim.",NUSA TENGGARA TIMUR,,Indonesia,,,,-8.8374937,121.209818,https://maps.google.com/?cid=0x0:0xc29f9b2f9b637cbd,
mall,Pusat Perbelanjaan,Labuan Square,"Jl. Soekarno Hatta, Goron Talo, Kec. Komodo, Kabupaten Manggarai Barat, Nusa Tenggara Tim.","Kabupaten Manggarai Barat, Nusa Tenggara Tim.",NUSA TENGGARA TIMUR,,Indonesia,81138795888.0,,,-8.4985625,119.8827575,https://maps.google.com/?cid=0x0:0xbbaef32f1cc06bd,
mall,Sekolah,SD NEGERI MAUWARU,"455V+M2X, Mauwaru, RT.002/RW.001, Lokalaba, Kec. Mauponggo, Kabupaten Nagekeo, Nusa Tenggara Tim.","Kabupaten Nagekeo, Nusa Tenggara Tim.",NUSA TENGGARA TIMUR,,Indonesia,,,,-8.8907668,121.1926046,https://maps.google.com/?cid=0x0:0x13b1fc60214c5f11,
mall,mall,Kec. Mauponggo,"Kabupaten Nagekeo, Nusa Tenggara Tim.","Kabupaten Nagekeo, Nusa Tenggara Tim.",NUSA TENGGARA TIMUR,,Indonesia,,,,-8.8893553,121.2119342,https://maps.google.com/?cid=0x0:0x6584ed4b0b02f822,
mall,Pusat Perbelanjaan,Toko Adika,"4667+J44, Mauponggo, Kec. Mauponggo, Kabupaten Nagekeo, Nusa Tenggara Tim.","Kabupaten Nagekeo, Nusa Tenggara Tim.",NUSA TENGGARA TIMUR,,Indonesia,,,,-8.8884832,121.2128378,https://maps.google.com/?cid=0x0:0x5a7ca1b6ba9c8614,
mall,Pasar,Pasar Senin Aewoe,"444W+45P, Unnamed Road, Aewoe, Kec. Mauponggo, Kabupaten Nagekeo, Nusa Tenggara Tim.","Kabupaten Nagekeo, Nusa Tenggara Tim.",NUSA TENGGARA TIMUR,,Indonesia,,,,-8.8946653,121.1454389,https://maps.google.com/?cid=0x0:0xb38cdfdde4b9ea8e,
mall,Otoritas Pelabuhan,Pasar Maumbawa,"442P+HH9, Kezewea, Kec. Golewa, Kabupaten Ngada, Nusa Tenggara Tim.","Kabupaten Ngada, Nusa Tenggara Tim.",NUSA TENGGARA TIMUR,,Indonesia,,,,-8.8985911,121.1364996,https://maps.google.com/?cid=0x0:0x3f3f0bad6f1065c0,
mall,Toko umum,Roni kios,"56V8+MGW, Mulakoli, Kec. Boawae, Kabupaten Nagekeo, Nusa Tenggara Tim.","Kabupaten Nagekeo, Nusa Tenggara Tim.",NUSA TENGGARA TIMUR,,Indonesia,81237441423.0,,,-8.8057573,121.2163348,https://maps.google.com/?cid=0x0:0x19462e12c3fbc5bb,
mall,Kantor Pemerintah Kota,KANTOR DESA WOLOEDE,"5656+R48, LOKAWOLO MAJAMERE, Woloede, Kec. Mauponggo, Kabupaten Nagekeo, Nusa Tenggara Tim.","Kabupaten Nagekeo, Nusa Tenggara Tim.",NUSA TENGGARA TIMUR,,Indonesia,,,,-8.8404648,121.2103303,https://maps.google.com/?cid=0x0:0xc46e880038de35a,
mall,mall,P4S HARAPAN KITA,"444G+55X, Were III, Kec. Golewa, Kabupaten Ngada, Nusa Tenggara Tim.","Kabupaten Ngada, Nusa Tenggara Tim.",NUSA TENGGARA TIMUR,,Indonesia,81237449312.0,,,-8.8945063,121.1254793,https://maps.google.com/?cid=0x0:0xb0ae438b63c16a06,
mall,mall,Kios Sembako,"46PW+8GV, Kotagana, Kec. Mauponggo, Kabupaten Nagekeo, Nusa Tenggara Tim.","Kabupaten Nagekeo, Nusa Tenggara Tim.",NUSA TENGGARA TIMUR,,Indonesia,,,,-8.8648267,121.2463213,https://maps.google.com/?cid=0x0:0xf951636da28f0efe,
mall,Toko Alat Tulis Kantor,Jesse Copy Center (Ebend Raga),"66M2+G7H, Rega, Kec. Boawae, Kabupaten Nagekeo, Nusa Tenggara Tim.","Kabupaten Nagekeo, Nusa Tenggara Tim.",NUSA TENGGARA TIMUR,,Indonesia,81353061178.0,,,-8.7661781,121.2007189,https://maps.google.com/?cid=0x0:0xb63e1c374dc06d75,
mall,mall,Kec. Wolowae,"Kabupaten Nagekeo, Nusa Tenggara Tim.","Kabupaten Nagekeo, Nusa Tenggara Tim.",NUSA TENGGARA TIMUR,,Indonesia,,,,-8.6305795,121.5020191,https://maps.google.com/?cid=0x0:0x21a9f7a6f47b294d,
mall,Toko umum,Toko,"9GH9+Q2Q, Tenda Kinde, Kec. Wolowae, Kabupaten Nagekeo, Nusa Tenggara Tim.","Kabupaten Nagekeo, Nusa Tenggara Tim.",NUSA TENGGARA TIMUR,,Indonesia,85216852786.0,,,-8.6205281,121.5176209,https://maps.google.com/?cid=0x0:0x20fd664c06c09b94,
mall,Komplek perumahan,Pasar Marilewa,"9F9X+3GP, Tendatoto, Kec. Wolowae, Kabupaten Nagekeo, Nusa Tenggara Tim.","Kabupaten Nagekeo, Nusa Tenggara Tim.",NUSA TENGGARA TIMUR,,Indonesia,,,,-8.6322878,121.498822,https://maps.google.com/?cid=0x0:0xa59093cb6c74d990,
mall,Pusat Perbelanjaan,TPI AERAMO,"C8FG+R2M, Unnamed Road, Aeramo, Kec. Aesesa, Kabupaten Nagekeo, Nusa Tenggara Tim.","Kabupaten Nagekeo, Nusa Tenggara Tim.",NUSA TENGGARA TIMUR,,Indonesia,81246456288.0,,,-8.5754192,121.3250513,https://maps.google.com/?cid=0x0:0x7fdc31edef212e42,
mall,Pusat Perbelanjaan,Aeramo Mandiri,"C8JG+F68, Aeramo, Kec. Aesesa, Kabupaten Nagekeo, Nusa Tenggara Tim.","Kabupaten Nagekeo, Nusa Tenggara Tim.",NUSA TENGGARA TIMUR,,Indonesia,81236031682.0,,,-8.5688385,121.3255676,https://maps.google.com/?cid=0x0:0x53e83ce664437cd5,
mall,Pusat Perbelanjaan,Puri Indah Mall,"Jl. Puri Agung No.1, Kembangan Sel., Kec. Kembangan, Kota Jakarta Barat, Daerah Khusus Ibukota Jakarta 11610","Kembangan Sel., Kec. Kembangan, Kota Jakarta Barat",NUSA TENGGARA TIMUR,11610.0,Indonesia,215822582.0,,,-6.1887759,106.7347896,https://maps.google.com/?cid=0x0:0x6653aecc17740a12,
mall,Pusat Perbelanjaan,Summarecon Mall Kelapa Gading,"Jl. Boulevard Raya, Klp. Gading Tim., Kec. Klp. Gading, Jkt Utara, Daerah Khusus Ibukota Jakarta 14240","Klp. Gading Tim., Kec. Klp. Gading, Jkt Utara",NUSA TENGGARA TIMUR,14240.0,Indonesia,214531101.0,,,-6.1572666,106.9084263,https://maps.google.com/?cid=0x0:0x1c1a278e20ff1c47,
mall,Pusat Perbelanjaan,Kios Anjelina,"C87V+R35, Aeramo, Kec. Aesesa, Kabupaten Nagekeo, Nusa Tenggara Tim.","Kabupaten Nagekeo, Nusa Tenggara Tim.",NUSA TENGGARA TIMUR,,Indonesia,81237408647.0,,,-8.5854853,121.3427262,https://maps.google.com/?cid=0x0:0x18c61fa925873b51,
mall,Toko umum,Kios ddk,"9F8X+274, Tendatoto, Wolowae, Nagekeo Regency, East Nusa Tenggara","Kabupaten Nagekeo, Nusa Tenggara Tim.",NUSA TENGGARA TIMUR,,Indonesia,,,,-8.634978,121.4982017,https://maps.google.com/?cid=0x0:0x1fdc55a10221faad,
mall,Sekolah menengah,SMAN 1 Keo Tengah,"38R9+8X2, Kotadirumali, Kec. Keo Tengah, Kabupaten Nagekeo, Nusa Tenggara Tim.","Kabupaten Nagekeo, Nusa Tenggara Tim.",NUSA TENGGARA TIMUR,,Indonesia,,,,-8.9092288,121.3198972,https://maps.google.com/?cid=0x0:0xbe50b33e5aa58a60,
mall,Sekolah Menengah Umum,SMAN 1 MAUPONGGO,"Wolokisa, Kec. Mauponggo, Kabupaten Nagekeo, Nusa Tenggara Tim.","Kabupaten Nagekeo, Nusa Tenggara Tim.",NUSA TENGGARA TIMUR,,Indonesia,,,,-8.894332,121.1507249,https://maps.google.com/?cid=0x0:0xdf88ee3da535ee41,
mall,Sekolah Menengah Pertama,Tanjung Bengga_pantai harapan,"38RC+48W, Unnamed Road, Kotadirumali, Kec. Keo Tengah, Kabupaten Nagekeo, Nusa Tenggara Tim.","Kabupaten Nagekeo, Nusa Tenggara Tim.",NUSA TENGGARA TIMUR,,Indonesia,,,,-8.9096438,121.3208142,https://maps.google.com/?cid=0x0:0xd165d5b5633cb743,
mall,mall,Pasar Mundemu,"5833+2HF, mabhaulu, Ladolima, Kec. Keo Tengah, Kabupaten Nagekeo, Nusa Tenggara Tim.","Kabupaten Nagekeo, Nusa Tenggara Tim.",NUSA TENGGARA TIMUR,,Indonesia,,,,-8.8474473,121.30392,https://maps.google.com/?cid=0x0:0x50c1bbc6d687508b,
mall,mall,Kios Sembako,"46PW+8GV, Kotagana, Kec. Mauponggo, Kabupaten Nagekeo, Nusa Tenggara Tim.","Kabupaten Nagekeo, Nusa Tenggara Tim.",NUSA TENGGARA TIMUR,,Indonesia,,,,-8.8648267,121.2463213,https://maps.google.com/?cid=0x0:0xf951636da28f0efe,
mall,mall,Kec. Aesesa Sel.,"Kabupaten Nagekeo, Nusa Tenggara Tim.","Kabupaten Nagekeo, Nusa Tenggara Tim.",NUSA TENGGARA TIMUR,,Indonesia,,,,-8.6719735,121.2280955,https://maps.google.com/?cid=0x0:0xfaff85aad88b98e2,
mall,Kios,Kios Sebo Susa,"Lape, Kec. Aesesa, Kabupaten Nagekeo, Nusa Tenggara Tim.","Kabupaten Nagekeo, Nusa Tenggara Tim.",NUSA TENGGARA TIMUR,,Indonesia,82247263047.0,,,-8.5660411,121.2882971,https://maps.google.com/?cid=0x0:0x9beae3848a9b656f,
mall,Pusat Perbelanjaan,Aeramo Mandiri,"C8JG+F68, Aeramo, Kec. Aesesa, Kabupaten Nagekeo, Nusa Tenggara Tim.","Kabupaten Nagekeo, Nusa Tenggara Tim.",NUSA TENGGARA TIMUR,,Indonesia,81236031682.0,,,-8.5688385,121.3255676,https://maps.google.com/?cid=0x0:0x53e83ce664437cd5,
mall,Toko,Kios julio,"C7MF+PQ3, Jl. Kelimutu, Danga, Kec. Aesesa, Kabupaten Nagekeo, Nusa Tenggara Tim.","Kabupaten Nagekeo, Nusa Tenggara Tim.",NUSA TENGGARA TIMUR,,Indonesia,82144127422.0,,,-8.5657448,121.2744289,https://maps.google.com/?cid=0x0:0xd2c5f7f359d30ce4,
mall,Toko umum,UD Horas,"C7JV+48M, Penginanga Pojok Timur Lapangan Pancasila, Mbay I, Kec. Aesesa, Kabupaten Nagekeo, Nusa Tenggara Tim.","Kabupaten Nagekeo, Nusa Tenggara Tim.",NUSA TENGGARA TIMUR,,Indonesia,81238700387.0,,,-8.5696515,121.2932873,https://maps.google.com/?cid=0x0:0x6cc939c2ee3ac356,
mall,Toko,Toko Freshcom Boawae,"Unnamed Road, Nageoga, Kec. Boawae, Kabupaten Nagekeo, Nusa Tenggara Tim.","Kabupaten Nagekeo, Nusa Tenggara Tim.",NUSA TENGGARA TIMUR,,Indonesia,82247611622.0,,,-8.7625342,121.1860814,https://maps.google.com/?cid=0x0:0x18d4b61f9f1087f,
mall,Toko,Wil Wu No,"C7J9+Q8H, Danga, Kec. Aesesa, Kabupaten Nagekeo, Nusa Tenggara Tim.","Kabupaten Nagekeo, Nusa Tenggara Tim.",NUSA TENGGARA TIMUR,,Indonesia,,,,-8.568067,121.2683591,https://maps.google.com/?cid=0x0:0x4a1a33a5e921500f,
mall,mall,Toko baju Sarepale,"C7M8+C68, Jl. Moh. Hatta, Danga, Kec. Aesesa, Kabupaten Nagekeo, Nusa Tenggara Tim.","Kabupaten Nagekeo, Nusa Tenggara Tim.",NUSA TENGGARA TIMUR,,Indonesia,,,,-8.5664714,121.2655694,https://maps.google.com/?cid=0x0:0x2d3fc8a9a0854ac9,
mall,mall,KIOS Babak Tevan,"86R6+5F, Tengatiba, Kec. Aesesa Sel., Kabupaten Nagekeo, Nusa Tenggara Tim.","Kabupaten Nagekeo, Nusa Tenggara Tim.",NUSA TENGGARA TIMUR,,Indonesia,82145354080.0,,,-8.6595041,121.2111641,https://maps.google.com/?cid=0x0:0x3f1041bd0912576,
mall,Kantor Perusahaan,Tutubhada,"963F+R7, Langedhawe, Kec. Aesesa Sel., Kabupaten Nagekeo, Nusa Tenggara Tim.","Kabupaten Nagekeo, Nusa Tenggara Tim.",NUSA TENGGARA TIMUR,,Indonesia,,,,-8.6454562,121.2231382,https://maps.google.com/?cid=0x0:0x4786c2b9cac3e657,
mall,Komplek perumahan,Malapoma,"78W2+736, Rendu Butowe, Kec. Aesesa Sel., Kabupaten Nagekeo, Nusa Tenggara Tim.","Kabupaten Nagekeo, Nusa Tenggara Tim.",NUSA TENGGARA TIMUR,,Indonesia,,,,-8.704327,121.3001323,https://maps.google.com/?cid=0x0:0x1a7670df1856848b,
mall,Komplek perumahan,Mbay,"C7QF+893, Danga, Kec. Aesesa, Kabupaten Nagekeo, Nusa Tenggara Tim.","Kabupaten Nagekeo, Nusa Tenggara Tim.",NUSA TENGGARA TIMUR,,Indonesia,,,,-8.5617373,121.2734241,https://maps.google.com/?cid=0x0:0x3a28c0dd1b3900c1,
mall,Kios,Kios Yosep Egho,"758P+3G4, Ratongamobo, Kec. Boawae, Kabupaten Nagekeo, Nusa Tenggara Tim.","Kabupaten Nagekeo, Nusa Tenggara Tim.",NUSA TENGGARA TIMUR,,Indonesia,,,,-8.7348712,121.1863399,https://maps.google.com/?cid=0x0:0x9b74734085c6bd5d,
mall,mall,Rumah Kelor Kemasama Nuakutu,"Jalan christina martha tiahahu, RT 027, kelurahan Danga, Kecamatan Aesesa, Mbay, Kabupaten Nagekeo","Kabupaten Nagekeo, Nusa Tenggara Tim.",NUSA TENGGARA TIMUR,,Indonesia,81338318383.0,,,-8.568067,121.2683591,https://maps.google.com/?cid=0x0:0x5a718f5915fa76de,
supermarket,supermarket,Kec. Aesesa,"Kabupaten Nagekeo, Nusa Tenggara Tim.","Kabupaten Nagekeo, Nusa Tenggara Tim.",NUSA TENGGARA TIMUR,,Indonesia,,,,-8.5575585,121.2692731,https://maps.google.com/?cid=0x0:0x7382490e0d580d1,
supermarket,Toko bahan makanan,SAHABAT MART,"Danga, Kec. Aesesa, Kabupaten Nagekeo, Nusa Tenggara Tim.","Kabupaten Nagekeo, Nusa Tenggara Tim.",NUSA TENGGARA TIMUR,,Indonesia,82147283913.0,,,-8.5643331,121.2689547,https://maps.google.com/?cid=0x0:0xcad11a5e48f298dc,
supermarket,Toko bahan makanan,Sinar Swalayan Watukesu Mbay,"Danga, Kec. Aesesa, Kabupaten Nagekeo, Nusa Tenggara Tim.","Kabupaten Nagekeo, Nusa Tenggara Tim.",NUSA TENGGARA TIMUR,,Indonesia,82146008013.0,,,-8.5676284,121.2783052,https://maps.google.com/?cid=0x0:0x306bffd0c01b2655,
supermarket,Toko Swalayan,KIM Mart,"Danga, Kec. Aesesa, Kabupaten Nagekeo, Nusa Tenggara Tim.","Kabupaten Nagekeo, Nusa Tenggara Tim.",NUSA TENGGARA TIMUR,,Indonesia,81138796111.0,,,-8.5646203,121.2723703,https://maps.google.com/?cid=0x0:0xfca6d5a22a836958,
supermarket,Toko bahan makanan,CV SRK MART,"C7W9+28X, Mbay I, Kec. Aesesa, Kabupaten Nagekeo, Nusa Tenggara Tim.","Kabupaten Nagekeo, Nusa Tenggara Tim.",NUSA TENGGARA TIMUR,,Indonesia,,,,-8.5543635,121.2679399,https://maps.google.com/?cid=0x0:0x6abcc7ae12b46a60,
supermarket,Toko bahan makanan,AHMAD STORE,"C7W9+VGX, Jl. Ir. H. Djuanda, Mbay I, Kec. Aesesa, Kabupaten Nagekeo, Nusa Tenggara Tim.","Kabupaten Nagekeo, Nusa Tenggara Tim.",NUSA TENGGARA TIMUR,,Indonesia,,,,-8.5527555,121.2688618,https://maps.google.com/?cid=0x0:0x1edbe35f8a582e47,
supermarket,Toko Pakaian,TOKO JUWITA Penginanga,"Jl. Dadiwuwu Danga RT.03, Lape, Kec. Aesesa, Kabupaten Nagekeo, Nusa Tenggara Tim. 86472","Lape, Kec. Aesesa, Kabupaten Nagekeo",NUSA TENGGARA TIMUR,86472.0,Indonesia,81238700387.0,,,-8.5701017,121.2930667,https://maps.google.com/?cid=0x0:0xe0d20b48d72c6e0d,
supermarket,Toko bahan makanan,Kios Deden Fastpay,"Jalan Gunung Kelud No.2, RT.20, Aeramo, Kec. Aesesa, Kabupaten Nagekeo, Nusa Tenggara Tim.","Kabupaten Nagekeo, Nusa Tenggara Tim.",NUSA TENGGARA TIMUR,,Indonesia,82324643515.0,,,-8.5753074,121.325503,https://maps.google.com/?cid=0x0:0x70b5b701169eac55,
supermarket,Toko bahan makanan,Pancaran Mart,"C7JC+W47, Jalan Soekarno - Hatta, Mbay, Kec. Aesesa, Kabupaten Nagekeo, Nusa Tenggara Tim.","Kabupaten Nagekeo, Nusa Tenggara Tim.",NUSA TENGGARA TIMUR,,Indonesia,,,,-8.5677001,121.2702991,https://maps.google.com/?cid=0x0:0xfa17762e2f34af36,
supermarket,Toko Pertanian,Toko MITRA UTAMA,"C7JF+R48, Jl. Ktr. Bupati Nagekeo, Danga, Kec. Aesesa, Kabupaten Nagekeo, Nusa Tenggara Tim.","Kabupaten Nagekeo, Nusa Tenggara Tim.",NUSA TENGGARA TIMUR,,Indonesia,82144863118.0,,,-8.5679642,121.2728248,https://maps.google.com/?cid=0x0:0x90364ab75d8e6adb,
supermarket,supermarket,Jual/Beli Sapi Abah,"Mbay 1, Kabupaten Nagekeo, Nusa Tenggara Tim. 86472",Kabupaten Nagekeo,NUSA TENGGARA TIMUR,86472.0,Indonesia,81339063165.0,,,-8.5277323,121.2737527,https://maps.google.com/?cid=0x0:0xaa134cca94706730,
supermarket,Grosir,Watukesu,"C7RG+3JR, Danga, Kec. Aesesa, Kabupaten Nagekeo, Nusa Tenggara Tim.","Kabupaten Nagekeo, Nusa Tenggara Tim.",NUSA TENGGARA TIMUR,,Indonesia,81237433318.0,,,-8.5597614,121.2765289,https://maps.google.com/?cid=0x0:0x4e8d9b7d7ba74446,
supermarket,Toko Roti,K'Bakery  Cafe,"C7JG+QMF, Danga, Kec. Aesesa, Kabupaten Nagekeo, Nusa Tenggara Tim.","Kabupaten Nagekeo, Nusa Tenggara Tim.",NUSA TENGGARA TIMUR,,Indonesia,81236287894.0,,,-8.5683631,121.2775689,https://maps.google.com/?cid=0x0:0xcccb510c55b6c139,
supermarket,Toko bahan makanan,RUKO PASAR DANGA,"C7M8+HQR, Danga, Kec. Aesesa, Kabupaten Nagekeo, Nusa Tenggara Tim.","Kabupaten Nagekeo, Nusa Tenggara Tim.",NUSA TENGGARA TIMUR,,Indonesia,,,,-8.5660228,121.2669019,https://maps.google.com/?cid=0x0:0x33d7ad826815b063,
supermarket,Pasar,Kios Bintang,"C7M9+XCC, Danga, Kec. Aesesa, Kabupaten Nagekeo, Nusa Tenggara Tim.","Kabupaten Nagekeo, Nusa Tenggara Tim.",NUSA TENGGARA TIMUR,,Indonesia,,,,-8.5650585,121.2685258,https://maps.google.com/?cid=0x0:0xb0ab117261fcdc8e,
supermarket,,LUXCINDO JAYA,"Gang 2 Kolibali Mbay, Danga, Kec. Aesesa, Kabupaten Nagekeo, Nusa Tenggara Tim.","Kabupaten Nagekeo, Nusa Tenggara Tim.",NUSA TENGGARA TIMUR,,Indonesia,,,,-8.5658826,121.2718839,https://maps.google.com/?cid=0x0:0x4d0c3252a9b4bdf9,
supermarket,Toko,Toko Sinar Kasih,"C7M9+Q83, Jl. Pramuka, Danga, Kec. Aesesa, Kabupaten Nagekeo, Nusa Tenggara Tim.","Kabupaten Nagekeo, Nusa Tenggara Tim.",NUSA TENGGARA TIMUR,,Indonesia,,,,-8.5656071,121.2682854,https://maps.google.com/?cid=0x0:0xb5f551692887fa40,
supermarket,Komplek perumahan,Rumah Ega,"C7VC+6R7, Danga, Kec. Aesesa, Kabupaten Nagekeo, Nusa Tenggara Tim.","Kabupaten Nagekeo, Nusa Tenggara Tim.",NUSA TENGGARA TIMUR,,Indonesia,,,,-8.5569338,121.2720585,https://maps.google.com/?cid=0x0:0xecefdebe979ed66e,
supermarket,Toko bahan makanan,Kios Anita,"C7QH+V2G, Gg. 10, Danga, Kec. Aesesa, Kabupaten Nagekeo, Nusa Tenggara Tim.","Kabupaten Nagekeo, Nusa Tenggara Tim.",NUSA TENGGARA TIMUR,,Indonesia,81246582087.0,,,-8.5603129,121.2775652,https://maps.google.com/?cid=0x0:0x2e888f0cfbe99101,
supermarket,supermarket,Toko Kelontong Resty Doe,"F7PH+Q26, Mbay II, Kec. Aesesa, Kabupaten Nagekeo, Nusa Tenggara Tim.","Kabupaten Nagekeo, Nusa Tenggara Tim.",NUSA TENGGARA TIMUR,,Indonesia,,,,-8.5130562,121.2775208,https://maps.google.com/?cid=0x0:0xe28c1338d2c77748,
supermarket,Grosir,Fotocopy  Kios Sembako GONSALO,"C8G2+GG3, Lape, Kec. Aesesa, Kabupaten Nagekeo, Nusa Tenggara Tim.","Kabupaten Nagekeo, Nusa Tenggara Tim.",NUSA TENGGARA TIMUR,,Indonesia,,,,-8.5737452,121.301295,https://maps.google.com/?cid=0x0:0xe2d7efcaa5ecaa6f,
supermarket,Pusat Perbelanjaan,Toko.Selera Baru,"C7JF+VF8, Jl. Moh. Hatta, Danga, Kec. Aesesa, Kabupaten Nagekeo, Nusa Tenggara Tim. 86472","Jl. Moh. Hatta, Danga, Kec. Aesesa, Kabupaten Nagekeo",NUSA TENGGARA TIMUR,86472.0,Indonesia,82235240500.0,,,-8.5678253,121.2737082,https://maps.google.com/?cid=0x0:0x690b7f35fbb7d1be,
supermarket,Toko,TOKO SINAR TERANG,"Marapokot, Kec. Aesesa, Kabupaten Nagekeo, Nusa Tenggara Tim.","Kabupaten Nagekeo, Nusa Tenggara Tim.",NUSA TENGGARA TIMUR,,Indonesia,,,,-8.5237815,121.324368,https://maps.google.com/?cid=0x0:0x15eb9378ca07f569,
supermarket,Toko Swalayan,Noel Bebi Daga,"Sipi, Labolewa, Kec. Aesesa, Kabupaten Nagekeo, Nusa Tenggara Tim.","Kabupaten Nagekeo, Nusa Tenggara Tim.",NUSA TENGGARA TIMUR,,Indonesia,,,,-8.6753545,121.3084088,https://maps.google.com/?cid=0x0:0x562a2df8ebab2a75,
supermarket,supermarket,Kios nila,"F7PM+VF7, Mbay II, Kec. Aesesa, Kabupaten Nagekeo, Nusa Tenggara Tim.","Kabupaten Nagekeo, Nusa Tenggara Tim.",NUSA TENGGARA TIMUR,,Indonesia,,,,-8.5124717,121.2832793,https://maps.google.com/?cid=0x0:0xacf83ae54c6cc57e,
supermarket,Kios,Toko Unik Mbay,"C7QG+W63, Danga, Kec. Aesesa, Kabupaten Nagekeo, Nusa Tenggara Tim.","Kabupaten Nagekeo, Nusa Tenggara Tim.",NUSA TENGGARA TIMUR,,Indonesia,82340028645.0,,,-8.5602461,121.2755314,https://maps.google.com/?cid=0x0:0xa2858d620a1f028c,
supermarket,Kios,KIOS JAWA LENGGA,"C8CG+R45, NIOKOTA, Aeramo, Kec. Aesesa, Kabupaten Nagekeo, Nusa Tenggara Tim.","Kabupaten Nagekeo, Nusa Tenggara Tim.",NUSA TENGGARA TIMUR,,Indonesia,,,,-8.5779884,121.3253632,https://maps.google.com/?cid=0x0:0xf82803861bb843eb,
supermarket,supermarket,Nusa Tenggara Tim.,,Nusa Tenggara Tim.,NUSA TENGGARA TIMUR,,Indonesia,,,,-8.6573819,121.0793705,https://maps.google.com/?cid=0x0:0x1030bfbcaf71ae0,
supermarket,Komplek perumahan,Pasar Kamis Nangaroro,"696R+R6W, Nangaroro, Kec. Nangaroro, Kabupaten Nagekeo, Nusa Tenggara Tim.","Kabupaten Nagekeo, Nusa Tenggara Tim.",NUSA TENGGARA TIMUR,,Indonesia,,,,-8.7878812,121.3905761,https://maps.google.com/?cid=0x0:0xe72cd2ccee684e54,
supermarket,Toko bahan makanan,Fataleke Bidoa Nangaroro NTT,"788V+3HQ, Bidoa, Kec. Nangaroro, Kabupaten Nagekeo, Nusa Tenggara Tim.","Kabupaten Nagekeo, Nusa Tenggara Tim.",NUSA TENGGARA TIMUR,,Indonesia,81239578072.0,,,-8.7347798,121.343974,https://maps.google.com/?cid=0x0:0xcebeffe59d4b4428,
supermarket,Toko bahan makanan,CV SRK MART,"C7W9+28X, Mbay I, Kec. Aesesa, Kabupaten Nagekeo, Nusa Tenggara Tim.","Kabupaten Nagekeo, Nusa Tenggara Tim.",NUSA TENGGARA TIMUR,,Indonesia,,,,-8.5543635,121.2679399,https://maps.google.com/?cid=0x0:0x6abcc7ae12b46a60,
supermarket,Toko bahan makanan,KIOS R,"Rega, Kec. Boawae, Kabupaten Nagekeo, Nusa Tenggara Tim.","Kabupaten Nagekeo, Nusa Tenggara Tim.",NUSA TENGGARA TIMUR,,Indonesia,81280419381.0,,,-8.7643408,121.1988054,https://maps.google.com/?cid=0x0:0xfb68ebeaaeb29f74,
supermarket,Toko bahan makanan,Sinar Swalayan Watukesu Mbay,"Danga, Kec. Aesesa, Kabupaten Nagekeo, Nusa Tenggara Tim.","Kabupaten Nagekeo, Nusa Tenggara Tim.",NUSA TENGGARA TIMUR,,Indonesia,82146008013.0,,,-8.5676284,121.2783052,https://maps.google.com/?cid=0x0:0x306bffd0c01b2655,
supermarket,Toko bahan makanan,SAHABAT MART,"Danga, Kec. Aesesa, Kabupaten Nagekeo, Nusa Tenggara Tim.","Kabupaten Nagekeo, Nusa Tenggara Tim.",NUSA TENGGARA TIMUR,,Indonesia,82147283913.0,,,-8.5643331,121.2689547,https://maps.google.com/?cid=0x0:0xcad11a5e48f298dc,
supermarket,Toko,Toko Flores Indah,"7982+GP4, Jl. Trans Flores, Bidoa, Kec. Nangaroro, Kabupaten Nagekeo, Nusa Tenggara Tim.","Kabupaten Nagekeo, Nusa Tenggara Tim.",NUSA TENGGARA TIMUR,,Indonesia,,,,-8.7337356,121.3518378,https://maps.google.com/?cid=0x0:0xfddb13a54f5973dd,
supermarket,Pasar,Pasar Mingguan Mauponggo,"4656+GV4, Mauponggo, Kec. Mauponggo, Kabupaten Nagekeo, Nusa Tenggara Tim.","Kabupaten Nagekeo, Nusa Tenggara Tim.",NUSA TENGGARA TIMUR,,Indonesia,,,,-8.8912445,121.2121951,https://maps.google.com/?cid=0x0:0x9fb18e58575bc347,
supermarket,Tujuan Wisata,Tanjung NANGARORO,"697M+QVX, jalan Ende- Kecamatan Nangaroro, Kabupaten Nagekeo, Nusa Tenggara Tim., Bajawa, Kec. Nangaroro, Kabupaten Ngada, Nusa Tenggara Tim.","Kabupaten Ngada, Nusa Tenggara Tim.",NUSA TENGGARA TIMUR,,Indonesia,,,,-8.7855048,121.3847413,https://maps.google.com/?cid=0x0:0x61946bf3141b77fb,
supermarket,Komplek perumahan,ndora quary pasir desa ulupulu,"7897+4WV, Ulupulu, Kec. Nangaroro, Kabupaten Nagekeo, Nusa Tenggara Tim.","Kabupaten Nagekeo, Nusa Tenggara Tim.",NUSA TENGGARA TIMUR,,Indonesia,,,,-8.7321279,121.3147897,https://maps.google.com/?cid=0x0:0xffbcaa3b1e42afcd,
supermarket,Toko Swalayan,Toko Mekar Lestari,"Jl. Ende Nagekeo KM. 23, Kel. Ndorurea, Nangapanda, Kel. Ndorurea, Kec. Nangapanda, Kabupaten Ende, Nusa Tenggara Tim.","Kabupaten Ende, Nusa Tenggara Tim.",NUSA TENGGARA TIMUR,,Indonesia,85253422222.0,,,-8.7940777,121.470372,https://maps.google.com/?cid=0x0:0x958ac5e039750ad0,
supermarket,Pom bensin/SPBU,Pertigaan Aegela,"788P+7MH, Bidoa, Kec. Nangaroro, Kabupaten Nagekeo, Nusa Tenggara Tim.","Kabupaten Nagekeo, Nusa Tenggara Tim.",NUSA TENGGARA TIMUR,,Indonesia,,,,-8.7343173,121.3367231,https://maps.google.com/?cid=0x0:0x753c5b15ce3f2dc6,
supermarket,Toko umum,Gudang Beras morongele,"568W+XWF, Selalejo, Kec. Mauponggo, Kabupaten Nagekeo, Nusa Tenggara Tim.","Kabupaten Nagekeo, Nusa Tenggara Tim.",NUSA TENGGARA TIMUR,,Indonesia,81249117885.0,,,-8.832566,121.2472861,https://maps.google.com/?cid=0x0:0xe6c2cf808dae5687,
supermarket,Kios,Kios Catryn,"6C67+6JJ Trans Flores, Nataute, Kec. Nangaroro, Kabupaten Nagekeo, Nusa Tenggara Tim.","Kabupaten Nagekeo, Nusa Tenggara Tim.",NUSA TENGGARA TIMUR,,Indonesia,82145025623.0,,,-8.7894071,121.4140283,https://maps.google.com/?cid=0x0:0x3808ba02b6981065,
supermarket,Toko bahan makanan,Kirana Cake Frozen,"Mesjid Nurul Ikhlas, Jl Kampung baru 2 rt003/002, Samping No.79, RT.3/RW.2, Ulujami, Kec. Pesanggrahan, Kota Jakarta Selatan, Daerah Khusus Ibukota Jakarta 12250","Jl Kampung baru 2 rt003/002, Samping No.79, RT.3/RW.2, Ulujami, Kec. Pesanggrahan, Kota Jakarta Selatan",NUSA TENGGARA TIMUR,12250.0,Indonesia,81310162629.0,,,-6.226215,106.7649708,https://maps.google.com/?cid=0x0:0x4b81bc0a4dfded46,
supermarket,Toko umum,Kios aneka,"5GW7+FM8, Unnamed Road, Nggorea, Kec. Nangapanda, Kabupaten Ende, Nusa Tenggara Tim.","Kabupaten Ende, Nusa Tenggara Tim.",NUSA TENGGARA TIMUR,,Indonesia,,,,-8.8038259,121.5141894,https://maps.google.com/?cid=0x0:0x8cb6dead0fffc71f,
supermarket,Toko bahan makanan,AHMAD STORE,"C7W9+VGX, Jl. Ir. H. Djuanda, Mbay I, Kec. Aesesa, Kabupaten Nagekeo, Nusa Tenggara Tim.","Kabupaten Nagekeo, Nusa Tenggara Tim.",NUSA TENGGARA TIMUR,,Indonesia,,,,-8.5527555,121.2688618,https://maps.google.com/?cid=0x0:0x1edbe35f8a582e47,
supermarket,Toko bahan makanan,Kios Wongge_om_shanpala,"66M4+778, Rega, Kec. Boawae, Kabupaten Nagekeo, Nusa Tenggara Tim.","Kabupaten Nagekeo, Nusa Tenggara Tim.",NUSA TENGGARA TIMUR,,Indonesia,,,,-8.7668371,121.2057109,https://maps.google.com/?cid=0x0:0x448c1caa31aab989,
supermarket,Pasar,Simpang tiga raja maunori,"67W6+QJJ, Desa Raja Timur, Kec. Boawae, Kabupaten Nagekeo, Nusa Tenggara Tim.","Kabupaten Nagekeo, Nusa Tenggara Tim.",NUSA TENGGARA TIMUR,,Indonesia,,,,-8.7530265,121.2615145,https://maps.google.com/?cid=0x0:0x48f38aede01e1e4a,
supermarket,Toko bahan makanan,Kios Anita,"C7QH+V2G, Gg. 10, Danga, Kec. Aesesa, Kabupaten Nagekeo, Nusa Tenggara Tim.","Kabupaten Nagekeo, Nusa Tenggara Tim.",NUSA TENGGARA TIMUR,,Indonesia,81246582087.0,,,-8.5603129,121.2775652,https://maps.google.com/?cid=0x0:0x2e888f0cfbe99101,
supermarket,supermarket,Kec. Nangaroro,"Kabupaten Nagekeo, Nusa Tenggara Tim.","Kabupaten Nagekeo, Nusa Tenggara Tim.",NUSA TENGGARA TIMUR,,Indonesia,,,,-8.7877249,121.393929,https://maps.google.com/?cid=0x0:0x7c1a30a4c1814805,
supermarket,Pusat Perbelanjaan,Restagon Kios,"56V8+8P4, Mulakoli, Kec. Boawae, Kabupaten Nagekeo, Nusa Tenggara Tim.","Kabupaten Nagekeo, Nusa Tenggara Tim.",NUSA TENGGARA TIMUR,,Indonesia,85215080623.0,,,-8.8067445,121.2168303,https://maps.google.com/?cid=0x0:0xd0805e114c78d02c,
supermarket,Kios,TM boys kios,"69W5+WX6, Woedoa, Kec. Nangaroro, Kabupaten Nagekeo, Nusa Tenggara Tim.","Kabupaten Nagekeo, Nusa Tenggara Tim.",NUSA TENGGARA TIMUR,,Indonesia,81288815162.0,,,-8.7527089,121.3598812,https://maps.google.com/?cid=0x0:0xda18f9d820896081,
supermarket,Toko Swalayan,Noel Bebi Daga,"Sipi, Labolewa, Kec. Aesesa, Kabupaten Nagekeo, Nusa Tenggara Tim.","Kabupaten Nagekeo, Nusa Tenggara Tim.",NUSA TENGGARA TIMUR,,Indonesia,,,,-8.6753545,121.3084088,https://maps.google.com/?cid=0x0:0x562a2df8ebab2a75,
supermarket,Toko Swalayan,KIM Mart,"Danga, Kec. Aesesa, Kabupaten Nagekeo, Nusa Tenggara Tim.","Kabupaten Nagekeo, Nusa Tenggara Tim.",NUSA TENGGARA TIMUR,,Indonesia,81138796111.0,,,-8.5646203,121.2723703,https://maps.google.com/?cid=0x0:0xfca6d5a22a836958,
supermarket,Seafood,Lapak Ikan Mozar,"5835+5V8, Ladolima Tim., Kec. Keo Tengah, Kabupaten Nagekeo, Nusa Tenggara Tim.","Kabupaten Nagekeo, Nusa Tenggara Tim.",NUSA TENGGARA TIMUR,,Indonesia,,,,-8.8471411,121.3096218,https://maps.google.com/?cid=0x0:0x992ab997aa7b08d9,
supermarket,Toko Swalayan,SRK Mart,"Danga, Kec. Aesesa, Kabupaten Nagekeo, Nusa Tenggara Tim.","Kabupaten Nagekeo, Nusa Tenggara Tim.",NUSA TENGGARA TIMUR,,Indonesia,85222444280.0,,,-8.5657551,121.2681896,https://maps.google.com/?cid=0x0:0xb2e9b15cafd86620,
supermarket,Toko umum,Kios Maju Jaya,"47XV+X3H, Wajo Timur, Kec. Keo Tengah, Kabupaten Nagekeo, Nusa Tenggara Tim.","Kabupaten Nagekeo, Nusa Tenggara Tim.",NUSA TENGGARA TIMUR,,Indonesia,,,,-8.8500509,121.2927392,https://maps.google.com/?cid=0x0:0x68f40c6b5a0e438,
supermarket,supermarket,Kec. Boawae,"Kabupaten Nagekeo, Nusa Tenggara Tim.","Kabupaten Nagekeo, Nusa Tenggara Tim.",NUSA TENGGARA TIMUR,,Indonesia,,,,-8.7639474,121.1651632,https://maps.google.com/?cid=0x0:0x7defadf688be794f,
supermarket,Toko Swalayan,KUD Pelipedha/Co-op Mart Boawae,"65PC+25V, Natanage Tim., Kec. Boawae, Kabupaten Nagekeo, Nusa Tenggara Tim.","Kabupaten Nagekeo, Nusa Tenggara Tim.",NUSA TENGGARA TIMUR,,Indonesia,,,,-8.7648842,121.1704178,https://maps.google.com/?cid=0x0:0x52079c37eebaded,
supermarket,Minimarket,Toko Pelangi Boawae,"RT 10 Hobo B, Natanage, Kec. Boawae, Kabupaten Nagekeo, Nusa Tenggara Tim. 86462","Natanage, Kec. Boawae, Kabupaten Nagekeo",NUSA TENGGARA TIMUR,86462.0,Indonesia,81236633060.0,,,-8.7642665,121.1642584,https://maps.google.com/?cid=0x0:0x76b11e8158289669,
supermarket,Kantor Pemerintah,Pasar Rabu Boawae,"65Q7+Q42, Natanage, Kec. Boawae, Kabupaten Nagekeo, Nusa Tenggara Tim.","Kabupaten Nagekeo, Nusa Tenggara Tim.",NUSA TENGGARA TIMUR,,Indonesia,,,,-8.7606205,121.1627539,https://maps.google.com/?cid=0x0:0xc9629f79bf3b8397,
supermarket,Toko umum,Kios AA,"65Q8+MF3, Natanage, Kec. Boawae, Kabupaten Nagekeo, Nusa Tenggara Tim.","Kabupaten Nagekeo, Nusa Tenggara Tim.",NUSA TENGGARA TIMUR,,Indonesia,,,,-8.7608511,121.1661691,https://maps.google.com/?cid=0x0:0x6609d4afd27c71b8,
supermarket,Minimarket,veby bii. online shop,"65JG+74J, Unnamed Road, Nageoga, Kec. Boawae, Kabupaten Nagekeo, Nusa Tenggara Tim.","Kabupaten Nagekeo, Nusa Tenggara Tim.",NUSA TENGGARA TIMUR,,Indonesia,82340266672.0,,,-8.7692806,121.1752668,https://maps.google.com/?cid=0x0:0xe81a69e753419761,
supermarket,Toko bahan makanan,Kios Wongge_om_shanpala,"66M4+778, Rega, Kec. Boawae, Kabupaten Nagekeo, Nusa Tenggara Tim.","Kabupaten Nagekeo, Nusa Tenggara Tim.",NUSA TENGGARA TIMUR,,Indonesia,,,,-8.7668371,121.2057109,https://maps.google.com/?cid=0x0:0x448c1caa31aab989,
supermarket,Pusat Perbelanjaan,Restagon Kios,"56V8+8P4, Mulakoli, Kec. Boawae, Kabupaten Nagekeo, Nusa Tenggara Tim.","Kabupaten Nagekeo, Nusa Tenggara Tim.",NUSA TENGGARA TIMUR,,Indonesia,85215080623.0,,,-8.8067445,121.2168303,https://maps.google.com/?cid=0x0:0xd0805e114c78d02c,
supermarket,Toko bahan makanan,KIOS R,"Rega, Kec. Boawae, Kabupaten Nagekeo, Nusa Tenggara Tim.","Kabupaten Nagekeo, Nusa Tenggara Tim.",NUSA TENGGARA TIMUR,,Indonesia,81280419381.0,,,-8.7643408,121.1988054,https://maps.google.com/?cid=0x0:0xfb68ebeaaeb29f74,
supermarket,Toko umum,Kios. UD BHAKTI MULIA SURALAJA - BOAWAE,"55Q5+5PV, Kelewae, Kec. Boawae, Kabupaten Nagekeo, Nusa Tenggara Tim.","Kabupaten Nagekeo, Nusa Tenggara Tim.",NUSA TENGGARA TIMUR,,Indonesia,81238109480.0,,,-8.8120195,121.1592922,https://maps.google.com/?cid=0x0:0x3f924ebce4a93e0a,
supermarket,supermarket,Kios IDAMAN Boawae,"Natanage, Kec. Boawae, Kabupaten Nagekeo, Nusa Tenggara Tim.","Kabupaten Nagekeo, Nusa Tenggara Tim.",NUSA TENGGARA TIMUR,,Indonesia,81239178581.0,,,-8.7614784,121.1627298,https://maps.google.com/?cid=0x0:0x962aa14b13a04618,
supermarket,Toko bahan makanan,KIOS NOAH,"65M9+2PC, Nagepada 1, Natanage Tim., Kec. Boawae, Kabupaten Nagekeo, Nusa Tenggara Tim.","Kabupaten Nagekeo, Nusa Tenggara Tim.",NUSA TENGGARA TIMUR,,Indonesia,895326727297.0,,,-8.7674266,121.1692794,https://maps.google.com/?cid=0x0:0xa5a5de034b25cd93,
supermarket,Kios,𝑲𝒊𝒐𝒔 𝑷𝒓𝒐𝒅𝒆𝒏𝒕𝒊 𝒈𝒐𝒘𝒂,"76R6+MCH, Gerodhere, Kec. Boawae, Kabupaten Nagekeo, Nusa Tenggara Tim.","Kabupaten Nagekeo, Nusa Tenggara Tim.",NUSA TENGGARA TIMUR,,Indonesia,,,,-8.7083161,121.2111216,https://maps.google.com/?cid=0x0:0x19f766fb5d2a744c,
supermarket,Toko,Kios Bp.Valens,"66G3+7VH, Wolopogo, Kec. Boawae, Kabupaten Nagekeo, Nusa Tenggara Tim.","Kabupaten Nagekeo, Nusa Tenggara Tim.",NUSA TENGGARA TIMUR,,Indonesia,85239201134.0,,,-8.774313,121.2047253,https://maps.google.com/?cid=0x0:0x59f3f3763e73a501,
supermarket,Minimarket,Winner house,"857X+49V, Dhereisa, Kec. Boawae, Kabupaten Nagekeo, Nusa Tenggara Tim.","Kabupaten Nagekeo, Nusa Tenggara Tim.",NUSA TENGGARA TIMUR,,Indonesia,,,,-8.6871323,121.1984258,https://maps.google.com/?cid=0x0:0xb44b5ff5b35d9853,
supermarket,Toko Pakaian,Toko Sejati Kompleks Pasar Rabu Boawae RT 12,"65P8+C4C So'a, Jalan, Natanage, Kec. Boawae, Kabupaten Nagekeo, Nusa Tenggara Tim.","Kabupaten Nagekeo, Nusa Tenggara Tim.",NUSA TENGGARA TIMUR,,Indonesia,,,,-8.76395,121.1652527,https://maps.google.com/?cid=0x0:0x3dde3f264d6f41c5,
supermarket,Toko bahan makanan,KIOS SYUKUR KEPADANYA,"Rega, Kec. Boawae, Kabupaten Nagekeo, Nusa Tenggara Tim.","Kabupaten Nagekeo, Nusa Tenggara Tim.",NUSA TENGGARA TIMUR,,Indonesia,8118181184.0,,,-8.7707985,121.2088936,https://maps.google.com/?cid=0x0:0x2bf758fe13775743,
supermarket,Toko Pakaian,Toko Sejati Kompleks Pasar Rabu Boawae,"65Q7+G5Q, Natanage, Kec. Boawae, Kabupaten Nagekeo, Nusa Tenggara Tim.","Kabupaten Nagekeo, Nusa Tenggara Tim.",NUSA TENGGARA TIMUR,,Indonesia,,,,-8.761165,121.1629805,https://maps.google.com/?cid=0x0:0x73055b405e491619,
supermarket,Toko bahan makanan,Kios Tunggal Daya,"Jalan Trans Mauppongo, Rigi, Kec. Boawae, Kabupaten Nagekeo, Nusa Tenggara Tim.","Kabupaten Nagekeo, Nusa Tenggara Tim.",NUSA TENGGARA TIMUR,,Indonesia,,,,-8.782486,121.147816,https://maps.google.com/?cid=0x0:0x4d82fd4bc8b08ddb,
supermarket,Toko Perlengkapan Rumah,Kios opa altres,"66H4+GJQ, Jl. Raya Bajawa, Rega, Kec. Boawae, Kabupaten Nagekeo, Nusa Tenggara Tim.","Kabupaten Nagekeo, Nusa Tenggara Tim.",NUSA TENGGARA TIMUR,,Indonesia,,,,-8.771171,121.206623,https://maps.google.com/?cid=0x0:0xccd09435c9de0f8e,
supermarket,Grosir Perlengkapan Rumah Tangga,Toko Yunior,"65M7+9F3, Natanage, Kec. Boawae, Kabupaten Nagekeo, Nusa Tenggara Tim.","Kabupaten Nagekeo, Nusa Tenggara Tim.",NUSA TENGGARA TIMUR,,Indonesia,,,,-8.7666183,121.1636833,https://maps.google.com/?cid=0x0:0xaf2dba43aef7db1b,
supermarket,Toko umum,Gudang Beras morongele,"568W+XWF, Selalejo, Kec. Mauponggo, Kabupaten Nagekeo, Nusa Tenggara Tim.","Kabupaten Nagekeo, Nusa Tenggara Tim.",NUSA TENGGARA TIMUR,,Indonesia,81249117885.0,,,-8.832566,121.2472861,https://maps.google.com/?cid=0x0:0xe6c2cf808dae5687,
supermarket,Kios,Kios Kalista,"Jl. Raya Bajawa-Ende, Malanuza, Kec. Golewa, Kabupaten Ngada, Nusa Tenggara Tim.","Kabupaten Ngada, Nusa Tenggara Tim.",NUSA TENGGARA TIMUR,,Indonesia,,,,-8.8154683,121.0860111,https://maps.google.com/?cid=0x0:0x31d2ef85075c2e4b,
supermarket,Toko bahan makanan,Sinar Swalayan Watukesu Mbay,"Danga, Kec. Aesesa, Kabupaten Nagekeo, Nusa Tenggara Tim.","Kabupaten Nagekeo, Nusa Tenggara Tim.",NUSA TENGGARA TIMUR,,Indonesia,82146008013.0,,,-8.5676284,121.2783052,https://maps.google.com/?cid=0x0:0x306bffd0c01b2655,
supermarket,Kios,CHRISANTA KUTUS KUTUS NAGEKEO,"65PF+XXJ, Nageoga, Kec. Boawae, Kabupaten Nagekeo, Nusa Tenggara Tim.","Kabupaten Nagekeo, Nusa Tenggara Tim.",NUSA TENGGARA TIMUR,,Indonesia,81339443256.0,,,-8.7625344,121.1748832,https://maps.google.com/?cid=0x0:0xb93189a1d9a5c01c,
supermarket,Minimarket,ALFAMART YOHANES,"Jln.yohanes, Nginamanu, Kec. Wolomeze, Taworara, Nusa Tenggara Tim. 23671","Nginamanu, Kec. Wolomeze, Taworara",NUSA TENGGARA TIMUR,23671.0,Indonesia,,,,-8.6573819,121.0793705,https://maps.google.com/?cid=0x0:0x8059ec176891f2ac,
supermarket,Kios,Kios Kelvin malaboa,"867P+VG, Tengatiba, Kec. Aesesa Sel., Kabupaten Nagekeo, Nusa Tenggara Tim.","Kabupaten Nagekeo, Nusa Tenggara Tim.",NUSA TENGGARA TIMUR,,Indonesia,,,,-8.685428,121.235987,https://maps.google.com/?cid=0x0:0xb3de9ee30e0de649,
supermarket,Toko bahan makanan,SAHABAT MART,"Danga, Kec. Aesesa, Kabupaten Nagekeo, Nusa Tenggara Tim.","Kabupaten Nagekeo, Nusa Tenggara Tim.",NUSA TENGGARA TIMUR,,Indonesia,82147283913.0,,,-8.5643331,121.2689547,https://maps.google.com/?cid=0x0:0xcad11a5e48f298dc,
supermarket,Minimarket,UD.Marcello,"65PW+6W8, Rega, Mala, Kabupaten Nagekeo, Nusa Tenggara Tim.","Kabupaten Nagekeo, Nusa Tenggara Tim.",NUSA TENGGARA TIMUR,,Indonesia,,,,-8.7644592,121.1973326,https://maps.google.com/?cid=0x0:0x60c785983ebae642,
supermarket,supermarket,Nusa Tenggara Tim.,,Nusa Tenggara Tim.,NUSA TENGGARA TIMUR,,Indonesia,,,,-8.6573819,121.0793705,https://maps.google.com/?cid=0x0:0x1030bfbcaf71ae0,
supermarket,Pasar,Pasar Mingguan Mauponggo,"4656+GV4, Mauponggo, Kec. Mauponggo, Kabupaten Nagekeo, Nusa Tenggara Tim.","Kabupaten Nagekeo, Nusa Tenggara Tim.",NUSA TENGGARA TIMUR,,Indonesia,,,,-8.8912445,121.2121951,https://maps.google.com/?cid=0x0:0x9fb18e58575bc347,
supermarket,Toserba,Supermarket Matahari,"pasar inpres naikoten No.1, Naikoten I, Kec. Kota Raja, Kota Kupang, Nusa Tenggara Tim. 85142","Naikoten I, Kec. Kota Raja, Kota Kupang",NUSA TENGGARA TIMUR,85142.0,Indonesia,,,,-10.1813187,123.6009175,https://maps.google.com/?cid=0x0:0x47fc92b423019c18,
supermarket,Kios,Kios  AGEN BRILink PAULUS GUNU,"RT/RW: 001, 000, RW.PUSU, Selalejo, Kec. Mauponggo, Kabupaten Nagekeo, Nusa Tenggara Tim. 86463","000, RW.PUSU, Selalejo, Kec. Mauponggo, Kabupaten Nagekeo",NUSA TENGGARA TIMUR,86463.0,Indonesia,81236637356.0,,,-8.8293771,121.2467232,https://maps.google.com/?cid=0x0:0x9a24f9e676c34af9,
supermarket,Pasar,Pasar Inpres Naikoten,"RJ92+XG5, Jl. Kenari, Naikoten I, Kec. Kota Raja, Kota Kupang, Nusa Tenggara Tim. 85142","Jl. Kenari, Naikoten I, Kec. Kota Raja, Kota Kupang",NUSA TENGGARA TIMUR,85142.0,Indonesia,82129574755.0,,,-10.1801087,123.6013578,https://maps.google.com/?cid=0x0:0x1d6a708706633782,
supermarket,Komplek perumahan,GELU,"5629+93M, Wololelu, Kec. Mauponggo, Kabupaten Nagekeo, Nusa Tenggara Tim.","Kabupaten Nagekeo, Nusa Tenggara Tim.",NUSA TENGGARA TIMUR,,Indonesia,,,,-8.8490339,121.2176669,https://maps.google.com/?cid=0x0:0x7102ff7b8cd2bdcf,
supermarket,Toko Ponsel,POCO STORE KUPANG,"DEPAN BENGKEL MERANU MOTOR, Jl. Terusan Timor Raya No.KM 9, Oesapa, Kabupaten Kupang, Nusa Tenggara Tim. 85111","Jl. Terusan Timor Raya No.KM 9, Oesapa, Kabupaten Kupang",NUSA TENGGARA TIMUR,85111.0,Indonesia,82266104160.0,,,-10.1464882,123.6532386,https://maps.google.com/?cid=0x0:0x3182d972f828ddbd,
supermarket,Toko Pakaian,Loobeta,"Jl. W.J. Lalamentik No.47, Fatululi, Kec. Oebobo, Kota Kupang, Nusa Tenggara Tim. 85111","Fatululi, Kec. Oebobo, Kota Kupang",NUSA TENGGARA TIMUR,85111.0,Indonesia,81237468234.0,,,-10.166952,123.6036645,https://maps.google.com/?cid=0x0:0xc1821391f2a53c69,
supermarket,Kantor Pemerintah,Kelurahan mauponggo,"4697+C3Q, Mauponggo, Kec. Mauponggo, Kabupaten Nagekeo, Nusa Tenggara Tim.","Kabupaten Nagekeo, Nusa Tenggara Tim.",NUSA TENGGARA TIMUR,,Indonesia,,,,-8.8814125,121.2127344,https://maps.google.com/?cid=0x0:0xaf5fd83eb1c57a4b,
supermarket,Kelompok Bermain,sdk majamere,"5675+2W4, Woloede, Kec. Mauponggo, Kabupaten Nagekeo, Nusa Tenggara Tim.","Kabupaten Nagekeo, Nusa Tenggara Tim.",NUSA TENGGARA TIMUR,,Indonesia,,,,-8.8374937,121.209818,https://maps.google.com/?cid=0x0:0xc29f9b2f9b637cbd,
supermarket,Pom bensin/SPBU,Kelurahan mauponggo,"4667+J44, Mauponggo, Kec. Mauponggo, Kabupaten Nagekeo, Nusa Tenggara Tim.","Kabupaten Nagekeo, Nusa Tenggara Tim.",NUSA TENGGARA TIMUR,,Indonesia,,,,-8.8881672,121.2128767,https://maps.google.com/?cid=0x0:0x61edbd898bb31100,
supermarket,Toko umum,VOSKI Kiosque,"Jl. Pulau Indah No.2, Oesapa Bar., Kec. Klp. Lima, Kota Kupang, Nusa Tenggara Tim. 85228","Oesapa Bar., Kec. Klp. Lima, Kota Kupang",NUSA TENGGARA TIMUR,85228.0,Indonesia,81339242919.0,,,-10.1492985,123.6347731,https://maps.google.com/?cid=0x0:0x1239528ed852e611,
supermarket,supermarket,Kec. Mauponggo,"Kabupaten Nagekeo, Nusa Tenggara Tim.","Kabupaten Nagekeo, Nusa Tenggara Tim.",NUSA TENGGARA TIMUR,,Indonesia,,,,-8.8893553,121.2119342,https://maps.google.com/?cid=0x0:0x6584ed4b0b02f822,
supermarket,Pusat Perbelanjaan,Restagon Kios,"56V8+8P4, Mulakoli, Kec. Boawae, Kabupaten Nagekeo, Nusa Tenggara Tim.","Kabupaten Nagekeo, Nusa Tenggara Tim.",NUSA TENGGARA TIMUR,,Indonesia,85215080623.0,,,-8.8067445,121.2168303,https://maps.google.com/?cid=0x0:0xd0805e114c78d02c,
supermarket,Peternakan Ayam,UD. WONGA WONA (PUSAT PENJUALAN AYAM KAMPUNG),"454X+V56, Wolotelu, Kec. Mauponggo, Kabupaten Nagekeo, Nusa Tenggara Tim.","Kabupaten Nagekeo, Nusa Tenggara Tim.",NUSA TENGGARA TIMUR,,Indonesia,81353830345.0,,,-8.892848,121.1978826,https://maps.google.com/?cid=0x0:0xefb5825364fdf5ef,
supermarket,Toko umum,Gudang Beras morongele,"568W+XWF, Selalejo, Kec. Mauponggo, Kabupaten Nagekeo, Nusa Tenggara Tim.","Kabupaten Nagekeo, Nusa Tenggara Tim.",NUSA TENGGARA TIMUR,,Indonesia,81249117885.0,,,-8.832566,121.2472861,https://maps.google.com/?cid=0x0:0xe6c2cf808dae5687,
supermarket,Kios,NIRMALA MART,"Unnamed Road, Kezewea, Kec. Golewa, Kabupaten Ngada, Nusa Tenggara Tim.","Kabupaten Ngada, Nusa Tenggara Tim.",NUSA TENGGARA TIMUR,,Indonesia,82237383840.0,,,-8.8675164,121.1148624,https://maps.google.com/?cid=0x0:0x669109a27c522f8,
supermarket,Pembangunan Perumahan,KAMPUNG LOKAWOLO.MAJAMERE.MAUPOBGGO,"5656+R4P, LOKAWOLO, Woloede, Kec. Mauponggo, Kabupaten Nagekeo, Nusa Tenggara Tim.","Kabupaten Nagekeo, Nusa Tenggara Tim.",NUSA TENGGARA TIMUR,,Indonesia,,,,-8.8404124,121.2103407,https://maps.google.com/?cid=0x0:0x6ce187dc4b7cab43,
supermarket,Toko umum,4 Putra,"444V+4JG, Aewoe, Kec. Mauponggo, Kabupaten Nagekeo, Nusa Tenggara Tim.","Kabupaten Nagekeo, Nusa Tenggara Tim.",NUSA TENGGARA TIMUR,,Indonesia,,,,-8.8946866,121.1440794,https://maps.google.com/?cid=0x0:0x8c75928f5f71e7e1,
supermarket,Toko Alat Tulis Kantor,Dafrika fotocopy dan ATK,"Mauponggo, Kec. Mauponggo, Kabupaten Nagekeo, Nusa Tenggara Tim.","Kabupaten Nagekeo, Nusa Tenggara Tim.",NUSA TENGGARA TIMUR,,Indonesia,81237999783.0,,,-8.8906562,121.2112554,https://maps.google.com/?cid=0x0:0x61a6783f46a74bb8,
supermarket,Toko,Kios Eki Putra @Lejo,"5762+64, Selalejo, Kec. Mauponggo, Kabupaten Nagekeo, Nusa Tenggara Tim.","Kabupaten Nagekeo, Nusa Tenggara Tim.",NUSA TENGGARA TIMUR,,Indonesia,,,,-8.8394653,121.2503415,https://maps.google.com/?cid=0x0:0x6e0b1db7040f0c7e,
supermarket,Toko umum,Tiga Putra,"444V+3JQ, Aewoe, Kec. Mauponggo, Kabupaten Nagekeo, Nusa Tenggara Tim.","Kabupaten Nagekeo, Nusa Tenggara Tim.",NUSA TENGGARA TIMUR,,Indonesia,,,,-8.8947938,121.1441042,https://maps.google.com/?cid=0x0:0xd69c52d368d85f2b,
supermarket,Toko,Kios Bpk Yosue Syukur Lewa Wula,"568W+XWF, Selalejo, Kec. Mauponggo, Kabupaten Nagekeo, Nusa Tenggara Tim.","Kabupaten Nagekeo, Nusa Tenggara Tim.",NUSA TENGGARA TIMUR,,Indonesia,,,,-8.8319262,121.2472227,https://maps.google.com/?cid=0x0:0x2687df825d744b0d,
supermarket,Toko,Ocha Seke,"Ululoga, Kec. Mauponggo, Kabupaten Nagekeo, Nusa Tenggara Tim.","Kabupaten Nagekeo, Nusa Tenggara Tim.",NUSA TENGGARA TIMUR,,Indonesia,,,,-8.8462784,121.1956784,https://maps.google.com/?cid=0x0:0xbd738cc4fb7c8ac7,
supermarket,Area Wi-Fi,Saintrilo Cell,"46J4+P2Q, Sawu, Kec. Mauponggo, Kabupaten Nagekeo, Nusa Tenggara Tim.","Kabupaten Nagekeo, Nusa Tenggara Tim.",NUSA TENGGARA TIMUR,,Indonesia,,,,-8.869568,121.2053799,https://maps.google.com/?cid=0x0:0xec4dbaa4990ab7d9,
supermarket,Toko,Kios Ovan Kalu Wea,"4697+4C4, Mauponggo, Kec. Mauponggo, Kabupaten Nagekeo, Nusa Tenggara Tim.","Kabupaten Nagekeo, Nusa Tenggara Tim.",NUSA TENGGARA TIMUR,,Indonesia,,,,-8.8819075,121.2131168,https://maps.google.com/?cid=0x0:0xdf37a0865a8c7057,
supermarket,Toko umum,Kios VILIAN - Alam sutra,"4548+W3J, Maukeli, Kec. Mauponggo, Kabupaten Nagekeo, Nusa Tenggara Tim.","Kabupaten Nagekeo, Nusa Tenggara Tim.",NUSA TENGGARA TIMUR,,Indonesia,,,,-8.892656,121.1651454,https://maps.google.com/?cid=0x0:0xd915b59e6855c960,
supermarket,Kios,Kios corrado,"553W+F7M, Pajoreja, Ululoga, Kec. Mauponggo, Kabupaten Nagekeo, Nusa Tenggara Tim.","Kabupaten Nagekeo, Nusa Tenggara Tim.",NUSA TENGGARA TIMUR,,Indonesia,,,,-8.8462797,121.1956784,https://maps.google.com/?cid=0x0:0x41a71fe105d7a83a,
supermarket,Toko Perlengkapan Rumah,KOBUS MERE HOME,"443V+VJ5, Aewoe, Kec. Mauponggo, Kabupaten Nagekeo, Nusa Tenggara Tim.","Kabupaten Nagekeo, Nusa Tenggara Tim.",NUSA TENGGARA TIMUR,,Indonesia,,,,-8.8953533,121.1441102,https://maps.google.com/?cid=0x0:0x1194a50ea4c31421,
supermarket,supermarket,Kec. Wolowae,"Kabupaten Nagekeo, Nusa Tenggara Tim.","Kabupaten Nagekeo, Nusa Tenggara Tim.",NUSA TENGGARA TIMUR,,Indonesia,,,,-8.6305795,121.5020191,https://maps.google.com/?cid=0x0:0x21a9f7a6f47b294d,
supermarket,Toko bahan makanan,Sinar Swalayan Watukesu Mbay,"Danga, Kec. Aesesa, Kabupaten Nagekeo, Nusa Tenggara Tim.","Kabupaten Nagekeo, Nusa Tenggara Tim.",NUSA TENGGARA TIMUR,,Indonesia,82146008013.0,,,-8.5676284,121.2783052,https://maps.google.com/?cid=0x0:0x306bffd0c01b2655,
supermarket,Pasar,Maukaro,"9GMF+9GG, Kebirangga, Kec. Maukaro, Kabupaten Ende, Nusa Tenggara Tim.","Kabupaten Ende, Nusa Tenggara Tim.",NUSA TENGGARA TIMUR,,Indonesia,,,,-8.6165724,121.5238389,https://maps.google.com/?cid=0x0:0x77d3472a44abe771,
supermarket,Toko umum,KIOS SEMBAKO GG,"Tendatoto, Kec. Wolowae, Kabupaten Nagekeo, Nusa Tenggara Tim.","Kabupaten Nagekeo, Nusa Tenggara Tim.",NUSA TENGGARA TIMUR,,Indonesia,,,,-8.6342474,121.4950519,https://maps.google.com/?cid=0x0:0xe8c7aa5c652e2423,
supermarket,Toko bahan makanan,SAHABAT MART,"Danga, Kec. Aesesa, Kabupaten Nagekeo, Nusa Tenggara Tim.","Kabupaten Nagekeo, Nusa Tenggara Tim.",NUSA TENGGARA TIMUR,,Indonesia,82147283913.0,,,-8.5643331,121.2689547,https://maps.google.com/?cid=0x0:0xcad11a5e48f298dc,
supermarket,Toko umum,KIOS SEDERHANA,"9F8X+274, Tendatoto, Kec. Wolowae, Kabupaten Nagekeo, Nusa Tenggara Tim.","Kabupaten Nagekeo, Nusa Tenggara Tim.",NUSA TENGGARA TIMUR,,Indonesia,,,,-8.6349965,121.4982099,https://maps.google.com/?cid=0x0:0xc929f5c017ad1672,
supermarket,Toko Swalayan,KIM Mart,"Danga, Kec. Aesesa, Kabupaten Nagekeo, Nusa Tenggara Tim.","Kabupaten Nagekeo, Nusa Tenggara Tim.",NUSA TENGGARA TIMUR,,Indonesia,81138796111.0,,,-8.5646203,121.2723703,https://maps.google.com/?cid=0x0:0xfca6d5a22a836958,
supermarket,Gudang,Penggilingan Kopi Aeleo,"9G94+W3H, Tenda Kinde, Kec. Wolowae, Kabupaten Nagekeo, Nusa Tenggara Tim.","Kabupaten Nagekeo, Nusa Tenggara Tim.",NUSA TENGGARA TIMUR,,Indonesia,81237473865.0,,,-8.6301819,121.5052438,https://maps.google.com/?cid=0x0:0x1446ae4ee170463e,
supermarket,supermarket,Jual Moke,"994M+54R, Natatoto, Kec. Wolowae, Kabupaten Nagekeo, Nusa Tenggara Tim.","Kabupaten Nagekeo, Nusa Tenggara Tim.",NUSA TENGGARA TIMUR,,Indonesia,,,,-8.6445048,121.3827505,https://maps.google.com/?cid=0x0:0xcd51e36c4ae0a453,
supermarket,Kios,Kios Nuxsel,"9974+R6W, Natatoto, Kec. Wolowae, Kabupaten Nagekeo, Nusa Tenggara Tim.","Kabupaten Nagekeo, Nusa Tenggara Tim.",NUSA TENGGARA TIMUR,,Indonesia,82255089318.0,,,-8.635211,121.3555449,https://maps.google.com/?cid=0x0:0x904dc7bdf6d8b798,
supermarket,Toko Pakaian,TOKO JUWITA Penginanga,"Jl. Dadiwuwu Danga RT.03, Lape, Kec. Aesesa, Kabupaten Nagekeo, Nusa Tenggara Tim. 86472","Lape, Kec. Aesesa, Kabupaten Nagekeo",NUSA TENGGARA TIMUR,86472.0,Indonesia,81238700387.0,,,-8.5701017,121.2930667,https://maps.google.com/?cid=0x0:0xe0d20b48d72c6e0d,
supermarket,Ahli tembakau,KIOS TANGOR PAUL SABU,"9FW9+Q9Q, Marilewa, Desa Tendakinde, Kec. Wolowae, Kabupaten Nagekeo, Nusa Tenggara Tim.","Kabupaten Nagekeo, Nusa Tenggara Tim.",NUSA TENGGARA TIMUR,,Indonesia,,,,-8.603029,121.4684703,https://maps.google.com/?cid=0x0:0x91df447079ea3399,
supermarket,Toko umum,Kios ddk,"9F8X+274, Tendatoto, Wolowae, Nagekeo Regency, East Nusa Tenggara","Kabupaten Nagekeo, Nusa Tenggara Tim.",NUSA TENGGARA TIMUR,,Indonesia,,,,-8.634978,121.4982017,https://maps.google.com/?cid=0x0:0x1fdc55a10221faad,
supermarket,Toko Swalayan,SRK Mart,"Danga, Kec. Aesesa, Kabupaten Nagekeo, Nusa Tenggara Tim.","Kabupaten Nagekeo, Nusa Tenggara Tim.",NUSA TENGGARA TIMUR,,Indonesia,85222444280.0,,,-8.5657551,121.2681896,https://maps.google.com/?cid=0x0:0xb2e9b15cafd86620,
supermarket,Toko Pertanian,Toko MITRA UTAMA,"C7JF+R48, Jl. Ktr. Bupati Nagekeo, Danga, Kec. Aesesa, Kabupaten Nagekeo, Nusa Tenggara Tim.","Kabupaten Nagekeo, Nusa Tenggara Tim.",NUSA TENGGARA TIMUR,,Indonesia,82144863118.0,,,-8.5679642,121.2728248,https://maps.google.com/?cid=0x0:0x90364ab75d8e6adb,
supermarket,Kios,KIOS SANTIAGO,"9GPF+CVJ, Kebirangga, Kec. Maukaro, Kabupaten Ende, Nusa Tenggara Tim.","Kabupaten Ende, Nusa Tenggara Tim.",NUSA TENGGARA TIMUR,,Indonesia,81236012125.0,,,-8.613917,121.5246534,https://maps.google.com/?cid=0x0:0xcb6cece0df9eda71,
supermarket,Toko bahan makanan,Kios Deden Fastpay,"Jalan Gunung Kelud No.2, RT.20, Aeramo, Kec. Aesesa, Kabupaten Nagekeo, Nusa Tenggara Tim.","Kabupaten Nagekeo, Nusa Tenggara Tim.",NUSA TENGGARA TIMUR,,Indonesia,82324643515.0,,,-8.5753074,121.325503,https://maps.google.com/?cid=0x0:0x70b5b701169eac55,
supermarket,Toko Swalayan,Noel Bebi Daga,"Sipi, Labolewa, Kec. Aesesa, Kabupaten Nagekeo, Nusa Tenggara Tim.","Kabupaten Nagekeo, Nusa Tenggara Tim.",NUSA TENGGARA TIMUR,,Indonesia,,,,-8.6753545,121.3084088,https://maps.google.com/?cid=0x0:0x562a2df8ebab2a75,
supermarket,Kios,KIOS JAWA LENGGA,"C8CG+R45, NIOKOTA, Aeramo, Kec. Aesesa, Kabupaten Nagekeo, Nusa Tenggara Tim.","Kabupaten Nagekeo, Nusa Tenggara Tim.",NUSA TENGGARA TIMUR,,Indonesia,,,,-8.5779884,121.3253632,https://maps.google.com/?cid=0x0:0xf82803861bb843eb,
supermarket,Pusat Perbelanjaan,Lambonesia store,"Labolewa, Kec. Aesesa, Kabupaten Nagekeo, Nusa Tenggara Tim.","Kabupaten Nagekeo, Nusa Tenggara Tim.",NUSA TENGGARA TIMUR,,Indonesia,81247238588.0,,,-8.6885338,121.3256016,https://maps.google.com/?cid=0x0:0x9a81ebc854c4c87,
supermarket,supermarket,KIOS TIARA,"Jalan pantura flores, Kebirangga, Kec. Maukaro, Kabupaten Ende, Nusa Tenggara Tim.","Kabupaten Ende, Nusa Tenggara Tim.",NUSA TENGGARA TIMUR,,Indonesia,,,,-8.617065,121.5224595,https://maps.google.com/?cid=0x0:0xdb7ba23d986a21b8,
supermarket,Toko,KIOS SARWENDA,"9GMG+V63, Jln trans Utara, Kebirangga, Kec. Maukaro, Kabupaten Ende, Nusa Tenggara Tim.","Kabupaten Ende, Nusa Tenggara Tim.",NUSA TENGGARA TIMUR,,Indonesia,,,,-8.6153725,121.525535,https://maps.google.com/?cid=0x0:0x46a7ec072347fd2d,
supermarket,supermarket,Kec. Keo Tengah,"Kabupaten Nagekeo, Nusa Tenggara Tim.","Kabupaten Nagekeo, Nusa Tenggara Tim.",NUSA TENGGARA TIMUR,,Indonesia,,,,-8.8998644,121.2916699,https://maps.google.com/?cid=0x0:0x5db8ac2ea9b5e857,
supermarket,Seafood,Lapak Ikan Mozar,"5835+5V8, Ladolima Tim., Kec. Keo Tengah, Kabupaten Nagekeo, Nusa Tenggara Tim.","Kabupaten Nagekeo, Nusa Tenggara Tim.",NUSA TENGGARA TIMUR,,Indonesia,,,,-8.8471411,121.3096218,https://maps.google.com/?cid=0x0:0x992ab997aa7b08d9,
supermarket,Pasar,Pasar Sabtu Maunori,"Mbaenuamuri, Kec. Keo Tengah, Kabupaten Nagekeo, Nusa Tenggara Tim.","Kabupaten Nagekeo, Nusa Tenggara Tim.",NUSA TENGGARA TIMUR,,Indonesia,81237145091.0,,,-8.8910977,121.2802855,https://maps.google.com/?cid=0x0:0x3c7bb4ebe8b250a6,
supermarket,Toko Perlengkapan Rumah,Kios Alga karya (Moses Wawo),"47MP+28V, Kotawuji Bar., Kec. Keo Tengah, Kabupaten Nagekeo, Nusa Tenggara Tim.","Kabupaten Nagekeo, Nusa Tenggara Tim.",NUSA TENGGARA TIMUR,,Indonesia,82237627362.0,,,-8.8673977,121.2858023,https://maps.google.com/?cid=0x0:0x941779b16c6815d6,
supermarket,Toko,Kios Zailah Maunday,"474W+V5Q, Udiworowatu, Kec. Keo Tengah, Kabupaten Nagekeo, Nusa Tenggara Tim.","Kabupaten Nagekeo, Nusa Tenggara Tim.",NUSA TENGGARA TIMUR,,Indonesia,,,,-8.8927964,121.2954838,https://maps.google.com/?cid=0x0:0xa06a536ffa23df9a,
supermarket,Toko umum,Kios Maju Jaya,"47XV+X3H, Wajo Timur, Kec. Keo Tengah, Kabupaten Nagekeo, Nusa Tenggara Tim.","Kabupaten Nagekeo, Nusa Tenggara Tim.",NUSA TENGGARA TIMUR,,Indonesia,,,,-8.8500509,121.2927392,https://maps.google.com/?cid=0x0:0x68f40c6b5a0e438,
supermarket,Kios,Kios Chandra,"475J+QCM, Mbaenuamuri, Kec. Keo Tengah, Kabupaten Nagekeo, Nusa Tenggara Tim.","Kabupaten Nagekeo, Nusa Tenggara Tim.",NUSA TENGGARA TIMUR,,Indonesia,,,,-8.8905347,121.2810326,https://maps.google.com/?cid=0x0:0x246a776de28ae7ca,
supermarket,Toko umum,Kios Melanial Mauara,"Witurombaua, Kec. Keo Tengah, Kabupaten Nagekeo, Nusa Tenggara Tim.","Kabupaten Nagekeo, Nusa Tenggara Tim.",NUSA TENGGARA TIMUR,,Indonesia,81238605201.0,,,-8.9036826,121.294095,https://maps.google.com/?cid=0x0:0xb52e6531d39c730f,
supermarket,Kantor Perusahaan,BUMDES MBARI INDAH,"476J+H24, Maunori, Mbaenuamuri, Kec. Keo Tengah, Kabupaten Nagekeo, Nusa Tenggara Tim.","Kabupaten Nagekeo, Nusa Tenggara Tim.",NUSA TENGGARA TIMUR,,Indonesia,81236003892.0,,,-8.8886079,121.2800836,https://maps.google.com/?cid=0x0:0x4e4ca2c67a525d1,
supermarket,Apotek,Toko Obat Anugerah,"5833+2HF, mabhaulu, Ladolima, Kec. Keo Tengah, Kabupaten Nagekeo, Nusa Tenggara Tim.","Kabupaten Nagekeo, Nusa Tenggara Tim.",NUSA TENGGARA TIMUR,,Indonesia,,,,-8.8468766,121.3038102,https://maps.google.com/?cid=0x0:0xc49c137e15d1c6f7,
supermarket,Toko umum,Gudang Beras morongele,"568W+XWF, Selalejo, Kec. Mauponggo, Kabupaten Nagekeo, Nusa Tenggara Tim.","Kabupaten Nagekeo, Nusa Tenggara Tim.",NUSA TENGGARA TIMUR,,Indonesia,81249117885.0,,,-8.832566,121.2472861,https://maps.google.com/?cid=0x0:0xe6c2cf808dae5687,
supermarket,Sekolah menengah,SMAN 1 Keo Tengah,"38R9+8X2, Kotadirumali, Kec. Keo Tengah, Kabupaten Nagekeo, Nusa Tenggara Tim.","Kabupaten Nagekeo, Nusa Tenggara Tim.",NUSA TENGGARA TIMUR,,Indonesia,,,,-8.9092288,121.3198972,https://maps.google.com/?cid=0x0:0xbe50b33e5aa58a60,
supermarket,Apotek,MA'U FARMA,"476H+5XQ, Mbaenuamuri, Kec. Keo Tengah, Kabupaten Nagekeo, Nusa Tenggara Tim.","Kabupaten Nagekeo, Nusa Tenggara Tim.",NUSA TENGGARA TIMUR,,Indonesia,,,,-8.8895451,121.2799984,https://maps.google.com/?cid=0x0:0xf2d0824f972a1b11,
supermarket,Toko,Kios Eki Putra @Lejo,"5762+64, Selalejo, Kec. Mauponggo, Kabupaten Nagekeo, Nusa Tenggara Tim.","Kabupaten Nagekeo, Nusa Tenggara Tim.",NUSA TENGGARA TIMUR,,Indonesia,,,,-8.8394653,121.2503415,https://maps.google.com/?cid=0x0:0x6e0b1db7040f0c7e,
supermarket,Toko,Kios Bpk Yosue Syukur Lewa Wula,"568W+XWF, Selalejo, Kec. Mauponggo, Kabupaten Nagekeo, Nusa Tenggara Tim.","Kabupaten Nagekeo, Nusa Tenggara Tim.",NUSA TENGGARA TIMUR,,Indonesia,,,,-8.8319262,121.2472227,https://maps.google.com/?cid=0x0:0x2687df825d744b0d,
supermarket,Kedai Kopi,Warkop Ade Eti,"Oka, RT.05/RW.04, Mbaenuamuri, Kec. Keo Tengah, Kabupaten Nagekeo, Nusa Tenggara Tim. 86464","RT.05/RW.04, Mbaenuamuri, Kec. Keo Tengah, Kabupaten Nagekeo",NUSA TENGGARA TIMUR,86464.0,Indonesia,81237956525.0,,,-8.8824109,121.2847434,https://maps.google.com/?cid=0x0:0x72b1caa71bd97af1,
supermarket,supermarket,Kec. Aesesa Sel.,"Kabupaten Nagekeo, Nusa Tenggara Tim.","Kabupaten Nagekeo, Nusa Tenggara Tim.",NUSA TENGGARA TIMUR,,Indonesia,,,,-8.6719735,121.2280955,https://maps.google.com/?cid=0x0:0xfaff85aad88b98e2,
supermarket,Toko bahan makanan,SAHABAT MART,"Danga, Kec. Aesesa, Kabupaten Nagekeo, Nusa Tenggara Tim.","Kabupaten Nagekeo, Nusa Tenggara Tim.",NUSA TENGGARA TIMUR,,Indonesia,82147283913.0,,,-8.5643331,121.2689547,https://maps.google.com/?cid=0x0:0xcad11a5e48f298dc,
supermarket,Toko bahan makanan,Sinar Swalayan Watukesu Mbay,"Danga, Kec. Aesesa, Kabupaten Nagekeo, Nusa Tenggara Tim.","Kabupaten Nagekeo, Nusa Tenggara Tim.",NUSA TENGGARA TIMUR,,Indonesia,82146008013.0,,,-8.5676284,121.2783052,https://maps.google.com/?cid=0x0:0x306bffd0c01b2655,
supermarket,Toko Swalayan,KIM Mart,"Danga, Kec. Aesesa, Kabupaten Nagekeo, Nusa Tenggara Tim.","Kabupaten Nagekeo, Nusa Tenggara Tim.",NUSA TENGGARA TIMUR,,Indonesia,81138796111.0,,,-8.5646203,121.2723703,https://maps.google.com/?cid=0x0:0xfca6d5a22a836958,
supermarket,Kios,Kios Kelvin malaboa,"867P+VG, Tengatiba, Kec. Aesesa Sel., Kabupaten Nagekeo, Nusa Tenggara Tim.","Kabupaten Nagekeo, Nusa Tenggara Tim.",NUSA TENGGARA TIMUR,,Indonesia,,,,-8.685428,121.235987,https://maps.google.com/?cid=0x0:0xb3de9ee30e0de649,
supermarket,Toko bahan makanan,AHMAD STORE,"C7W9+VGX, Jl. Ir. H. Djuanda, Mbay I, Kec. Aesesa, Kabupaten Nagekeo, Nusa Tenggara Tim.","Kabupaten Nagekeo, Nusa Tenggara Tim.",NUSA TENGGARA TIMUR,,Indonesia,,,,-8.5527555,121.2688618,https://maps.google.com/?cid=0x0:0x1edbe35f8a582e47,
supermarket,Toko Pakaian,TOKO JUWITA Penginanga,"Jl. Dadiwuwu Danga RT.03, Lape, Kec. Aesesa, Kabupaten Nagekeo, Nusa Tenggara Tim. 86472","Lape, Kec. Aesesa, Kabupaten Nagekeo",NUSA TENGGARA TIMUR,86472.0,Indonesia,81238700387.0,,,-8.5701017,121.2930667,https://maps.google.com/?cid=0x0:0xe0d20b48d72c6e0d,
supermarket,Toko bahan makanan,Pancaran Mart,"C7JC+W47, Jalan Soekarno - Hatta, Mbay, Kec. Aesesa, Kabupaten Nagekeo, Nusa Tenggara Tim.","Kabupaten Nagekeo, Nusa Tenggara Tim.",NUSA TENGGARA TIMUR,,Indonesia,,,,-8.5677001,121.2702991,https://maps.google.com/?cid=0x0:0xfa17762e2f34af36,
supermarket,Pusat Perbelanjaan,Toko.Selera Baru,"C7JF+VF8, Jl. Moh. Hatta, Danga, Kec. Aesesa, Kabupaten Nagekeo, Nusa Tenggara Tim. 86472","Jl. Moh. Hatta, Danga, Kec. Aesesa, Kabupaten Nagekeo",NUSA TENGGARA TIMUR,86472.0,Indonesia,82235240500.0,,,-8.5678253,121.2737082,https://maps.google.com/?cid=0x0:0x690b7f35fbb7d1be,
supermarket,Pasar,Kios Bintang,"C7M9+XCC, Danga, Kec. Aesesa, Kabupaten Nagekeo, Nusa Tenggara Tim.","Kabupaten Nagekeo, Nusa Tenggara Tim.",NUSA TENGGARA TIMUR,,Indonesia,,,,-8.5650585,121.2685258,https://maps.google.com/?cid=0x0:0xb0ab117261fcdc8e,
supermarket,Toko Pertanian,Toko MITRA UTAMA,"C7JF+R48, Jl. Ktr. Bupati Nagekeo, Danga, Kec. Aesesa, Kabupaten Nagekeo, Nusa Tenggara Tim.","Kabupaten Nagekeo, Nusa Tenggara Tim.",NUSA TENGGARA TIMUR,,Indonesia,82144863118.0,,,-8.5679642,121.2728248,https://maps.google.com/?cid=0x0:0x90364ab75d8e6adb,
supermarket,Toko bahan makanan,RUKO PASAR DANGA,"C7M8+HQR, Danga, Kec. Aesesa, Kabupaten Nagekeo, Nusa Tenggara Tim.","Kabupaten Nagekeo, Nusa Tenggara Tim.",NUSA TENGGARA TIMUR,,Indonesia,,,,-8.5660228,121.2669019,https://maps.google.com/?cid=0x0:0x33d7ad826815b063,
supermarket,Toko bahan makanan,Kios Algav,"C6GX+4WF, Jl. Kendedes, Alobuu, Nggolo Mbay, Aesesa, Nagekeo Regency, East Nusa Tenggara","Kabupaten Nagekeo, Nusa Tenggara Tim.",NUSA TENGGARA TIMUR,,Indonesia,,,,-8.5746991,121.249784,https://maps.google.com/?cid=0x0:0x77ccb23a74d33663,
supermarket,Toko Swalayan,SINAR REJEKI FA460567,"Jl. Kutilang No.RT. 27, Danga, Kec. Aesesa, Mbay, Nusa Tenggara Tim. 86472","Danga, Kec. Aesesa, Mbay",NUSA TENGGARA TIMUR,86472.0,Indonesia,81246059769.0,,,-8.5717818,121.2751235,https://maps.google.com/?cid=0x0:0x9d87f6bd662697fe,
supermarket,Pusat Perbelanjaan,TokoANGELIA,"C792+3MG, Jl. Mbay - Boawae, Danga, Kec. Aesesa, Kabupaten Nagekeo, Nusa Tenggara Tim.","Kabupaten Nagekeo, Nusa Tenggara Tim.",NUSA TENGGARA TIMUR,,Indonesia,,,,-8.5823128,121.2517074,https://maps.google.com/?cid=0x0:0xf4482fff399deaa,
supermarket,Grosir Barang Kelontong,Mini Market Sinar Rembulan,"C7M9+5F7, Jl. Moh. Hatta, Danga, Kec. Aesesa, Kabupaten Nagekeo, Nusa Tenggara Tim.","Kabupaten Nagekeo, Nusa Tenggara Tim.",NUSA TENGGARA TIMUR,,Indonesia,,,,-8.5670954,121.2686672,https://maps.google.com/?cid=0x0:0x4c11197e905afa01,
supermarket,Apotek,Jawakisa,"86HH+669, Tengatiba, Kec. Aesesa Sel., Kabupaten Nagekeo, Nusa Tenggara Tim.","Kabupaten Nagekeo, Nusa Tenggara Tim.",NUSA TENGGARA TIMUR,,Indonesia,,,,-8.6719735,121.2280955,https://maps.google.com/?cid=0x0:0xb1aadf30d94f252,
supermarket,Toko bahan makanan,Kios Argiskafa,"857X+Q8P, Dhereisa, Kec. Boawae, Kabupaten Nagekeo, Nusa Tenggara Tim.","Kabupaten Nagekeo, Nusa Tenggara Tim.",NUSA TENGGARA TIMUR,,Indonesia,,,,-8.685542,121.1983233,https://maps.google.com/?cid=0x0:0xf5d5fca0afa20d80,
supermarket,Toko,Kyss,"C7P6+25P, Danga, Kec. Aesesa, Kabupaten Nagekeo, Nusa Tenggara Tim.","Kabupaten Nagekeo, Nusa Tenggara Tim.",NUSA TENGGARA TIMUR,,Indonesia,85225878761.0,,,-8.5649093,121.2604483,https://maps.google.com/?cid=0x0:0x976d60dab0472e1a,
supermarket,supermarket,Toko Kelontong Resty Doe,"F7PH+Q26, Mbay II, Kec. Aesesa, Kabupaten Nagekeo, Nusa Tenggara Tim.","Kabupaten Nagekeo, Nusa Tenggara Tim.",NUSA TENGGARA TIMUR,,Indonesia,,,,-8.5130562,121.2775208,https://maps.google.com/?cid=0x0:0xe28c1338d2c77748,
supermarket,Grosir,Watukesu,"C7RG+3JR, Danga, Kec. Aesesa, Kabupaten Nagekeo, Nusa Tenggara Tim.","Kabupaten Nagekeo, Nusa Tenggara Tim.",NUSA TENGGARA TIMUR,,Indonesia,81237433318.0,,,-8.5597614,121.2765289,https://maps.google.com/?cid=0x0:0x4e8d9b7d7ba74446,
supermarket,Toko Perlengkapan Rumah,Murah Jaya Tehnik Mbay,"C7JF+V2Q, Unnamed Road, Nusa Tenggara Tim., Danga, Kec. Aesesa, Kabupaten Nagekeo, Nusa Tenggara Tim.","Kabupaten Nagekeo, Nusa Tenggara Tim.",NUSA TENGGARA TIMUR,,Indonesia,82122228701.0,,,-8.5677926,121.2726038,https://maps.google.com/?cid=0x0:0x10e67007ce688bcd,
supermarket,Apotek,Lokasi Bangunan Apotek Tri Santa Jawakisa,"86PF+JJW, Tengatiba, Kec. Aesesa Sel., Kabupaten Nagekeo, Nusa Tenggara Tim.","Kabupaten Nagekeo, Nusa Tenggara Tim.",NUSA TENGGARA TIMUR,,Indonesia,,,,-8.6633871,121.2240837,https://maps.google.com/?cid=0x0:0xa4ea15aafa2c512f,
