Category,Real Category,Business Name,Address,City,State,Postal Code,Country,Phone,Email,Website,Latitude,Longitude,Map Link,Details Link
building materials,Pembangunan Perumahan,ACHA,"66GF+626, Siwalima, Kec. Pulau-Pulau Aru, Kabupaten Kepulauan Aru, Maluku","Kabupaten Kepulauan Aru, Maluku",MALUKU,,Indonesia,82123475675.0,,,-5.7744353,134.2226039,https://maps.google.com/?cid=0x0:0x81da19345c38cc45,
building materials,Pembangunan Perumahan,Paving blok hexagonal,"6653+35, Durjela, Kec. Pulau-Pulau Aru, Kabupaten Kepulauan Aru, Maluku","Kabupaten Kepulauan Aru, Maluku",MALUKU,,Indonesia,81343255800.0,,,-5.79229,134.202885,https://maps.google.com/?cid=0x0:0xe9a272c290a1df39,
building materials,Pemasok Pipa,Surya Utama Metalindo PT.,"Jl. Gunung Sahari Raya no.1 Mangga Dua Square lt 2 blok C 61, RT.11/RW.6, Ancol, Kec. Pademangan, Jkt Utara, Daerah Khusus Ibukota Jakarta 14420","RT.11/RW.6, Ancol, Kec. Pademangan, Jkt Utara",MALUKU,14420.0,Indonesia,82310999956.0,,,-6.1387824,106.8314329,https://maps.google.com/?cid=0x0:0x213f9340f3f4865,
building materials,Pusat Perbelanjaan,Mangga 2 Square,"Jl. Gn. Sahari No.1, Ancol, Kec. Pademangan, Jkt Utara, Daerah Khusus Ibukota Jakarta 14420","Ancol, Kec. Pademangan, Jkt Utara",MALUKU,14420.0,Indonesia,2162313000.0,,,-6.1387841,106.8316377,https://maps.google.com/?cid=0x0:0xcc24e8c546bb46a1,
building materials,building materials,Aru Sel.,"Kabupaten Kepulauan Aru, Maluku","Kabupaten Kepulauan Aru, Maluku",MALUKU,,Indonesia,,,,-6.6833691,134.1720266,https://maps.google.com/?cid=0x0:0x1757c32c3a231e21,
building materials,Pembangunan Perumahan,Paving blok hexagonal,"6653+35, Durjela, Kec. Pulau-Pulau Aru, Kabupaten Kepulauan Aru, Maluku","Kabupaten Kepulauan Aru, Maluku",MALUKU,,Indonesia,81343255800.0,,,-5.79229,134.202885,https://maps.google.com/?cid=0x0:0xe9a272c290a1df39,
building materials,Pembangunan Perumahan,ACHA,"66GF+626, Siwalima, Kec. Pulau-Pulau Aru, Kabupaten Kepulauan Aru, Maluku","Kabupaten Kepulauan Aru, Maluku",MALUKU,,Indonesia,82123475675.0,,,-5.7744353,134.2226039,https://maps.google.com/?cid=0x0:0x81da19345c38cc45,
building materials,building materials,Kec. Aru Tengah,"Kabupaten Kepulauan Aru, Maluku","Kabupaten Kepulauan Aru, Maluku",MALUKU,,Indonesia,,,,-6.2383689,134.4370606,https://maps.google.com/?cid=0x0:0xbd0c26a425f3052c,
building materials,Pembangunan Perumahan,Paving blok hexagonal,"6653+35, Durjela, Kec. Pulau-Pulau Aru, Kabupaten Kepulauan Aru, Maluku","Kabupaten Kepulauan Aru, Maluku",MALUKU,,Indonesia,81343255800.0,,,-5.79229,134.202885,https://maps.google.com/?cid=0x0:0xe9a272c290a1df39,
building materials,building materials,Pabrik Batu Bata,"GJCR+FQJ Pulau Aun, Kobadangar, Kec. Aru Tengah, Kabupaten Kepulauan Aru, Maluku","Kabupaten Kepulauan Aru, Maluku",MALUKU,,Indonesia,,,,-6.4787981,134.6418862,https://maps.google.com/?cid=0x0:0xfa982652b491ce36,
building materials,Pembangunan Perumahan,Paving blok hexagonal,"6653+35, Durjela, Kec. Pulau-Pulau Aru, Kabupaten Kepulauan Aru, Maluku","Kabupaten Kepulauan Aru, Maluku",MALUKU,,Indonesia,81343255800.0,,,-5.79229,134.202885,https://maps.google.com/?cid=0x0:0xe9a272c290a1df39,
building materials,Pembangunan Perumahan,ACHA,"66GF+626, Siwalima, Kec. Pulau-Pulau Aru, Kabupaten Kepulauan Aru, Maluku","Kabupaten Kepulauan Aru, Maluku",MALUKU,,Indonesia,82123475675.0,,,-5.7744353,134.2226039,https://maps.google.com/?cid=0x0:0x81da19345c38cc45,
building materials,Toko Bahan Bangunan,GA Materials,"Jl. Raya Condet No.12 A, RT.3/RW.4, Batu Ampar, Kec. Kramat jati, Kota Jakarta Timur, Daerah Khusus Ibukota Jakarta 13520","RT.3/RW.4, Batu Ampar, Kec. Kramat jati, Kota Jakarta Timur",MALUKU,13520.0,Indonesia,85811464789.0,,,-6.2758112,106.8559176,https://maps.google.com/?cid=0x0:0xb0fcbed69a555215,
building materials,Toko Alat-Alat,TB. Gunung Abadi,"Jl. Raya Condet No.7, RT.7/RW.1, Balekambang, Kec. Kramat jati, Kota Jakarta Timur, Daerah Khusus Ibukota Jakarta 13530","RT.7/RW.1, Balekambang, Kec. Kramat jati, Kota Jakarta Timur",MALUKU,13530.0,Indonesia,8975758666.0,,,-6.2686601,106.8593051,https://maps.google.com/?cid=0x0:0xe96939309e8e0fa5,
building materials,building materials,Kec. Aru Utara Timur Batuley,"Kabupaten Kepulauan Aru, Maluku","Kabupaten Kepulauan Aru, Maluku",MALUKU,,Indonesia,,,,-5.7730916,134.6630541,https://maps.google.com/?cid=0x0:0x82e5f677125ddf86,
building materials,Kontraktor Insulasi,PT Tali Rejeki,"Jl. Taruma Jaya No.11, Setia Asih, Kec. Tarumajaya, Kota Bks, Jawa Barat 17215","Setia Asih, Kec. Tarumajaya, Kota Bks",MALUKU,17215.0,Indonesia,2122889956.0,,,-6.1652412,106.9900241,https://maps.google.com/?cid=0x0:0x15898fadc067eab7,
building materials,Toko Bahan Bangunan,Jati Maluku Timber. PT,"Q46W+J4X, JL. Aipda Ks Tubun Passo, Atiahu, Werinama, Kabupaten Seram Bagian Timur, Maluku","Kabupaten Seram Bagian Timur, Maluku",MALUKU,,Indonesia,81316222080.0,,,-3.238383,130.145366,https://maps.google.com/?cid=0x0:0x5457b144078426c5,
building materials,building materials,Kec. Sir-Sir,"Kabupaten Kepulauan Aru, Maluku","Kabupaten Kepulauan Aru, Maluku",MALUKU,,Indonesia,,,,-5.5652523,134.4449374,https://maps.google.com/?cid=0x0:0xbaca49c434e2b7ff,
building materials,Toko,Toko Rifky Jkt Bru,"P385+MC7, Lokki, Kec. Huamual Belakang, Kabupaten Seram Bagian Barat, Maluku","Kabupaten Seram Bagian Barat, Maluku",MALUKU,,Indonesia,82378990826.0,,,-3.2833419,128.0585336,https://maps.google.com/?cid=0x0:0xfc53f32c414a25a3,
building materials,Toko Perlengkapan Rumah,TOKO BANGUNAN HORAS SUDE,"98P2+CRC, Unnamed Road, Suli, Kec. Salahutu, Kabupaten Maluku Tengah, Maluku","Kabupaten Maluku Tengah, Maluku",MALUKU,,Indonesia,82378990826.0,,,-3.6139382,128.3020017,https://maps.google.com/?cid=0x0:0x6995e3509d85c95b,
building materials,Pemasok Bahan Bangunan,UD. Rizky,"Jl. Baldu Wahadat Dusun Mangon, Kota Tual, Maluku 97611",Kota Tual,MALUKU,97611.0,Indonesia,81316222080.0,,,-5.611672,132.7512923,https://maps.google.com/?cid=0x0:0x6a745d6a671505e2,
building materials,Toko Bahan Bangunan,CV. Kasih Karunia,"Jalan raya lintas seram kobi sadar kecamatan Seram Utara Timur Kobi, Kobi, Sadar, Maluku 90557","Kobi, Sadar",MALUKU,90557.0,Indonesia,81240193003.0,,,-2.9217735,129.8000168,https://maps.google.com/?cid=0x0:0xbf49c55219ed8ac3,
building materials,building materials,Aru Tengah Tim.,"Kabupaten Kepulauan Aru, Maluku","Kabupaten Kepulauan Aru, Maluku",MALUKU,,Indonesia,,,,-6.0878603,134.6630541,https://maps.google.com/?cid=0x0:0x39fa9da111d69f1a,
building materials,Pembangunan Perumahan,Paving blok hexagonal,"6653+35, Durjela, Kec. Pulau-Pulau Aru, Kabupaten Kepulauan Aru, Maluku","Kabupaten Kepulauan Aru, Maluku",MALUKU,,Indonesia,81343255800.0,,,-5.79229,134.202885,https://maps.google.com/?cid=0x0:0xe9a272c290a1df39,
building materials,Toko Bahan Bangunan,GA Materials,"Jl. Raya Condet No.12 A, RT.3/RW.4, Batu Ampar, Kec. Kramat jati, Kota Jakarta Timur, Daerah Khusus Ibukota Jakarta 13520","RT.3/RW.4, Batu Ampar, Kec. Kramat jati, Kota Jakarta Timur",MALUKU,13520.0,Indonesia,85811464789.0,,,-6.2758112,106.8559176,https://maps.google.com/?cid=0x0:0xb0fcbed69a555215,
building materials,Toko,Toko El Shaddai,"kelurahan Galay Dubu 49, Galay Dubu, Kec. Pulau-Pulau Aru, Kabupaten Kepulauan Aru, Maluku","Kabupaten Kepulauan Aru, Maluku",MALUKU,,Indonesia,91721099.0,,,-5.7582813,134.2371286,https://maps.google.com/?cid=0x0:0xc87664586f1e45cb,
building materials,Pembangunan Perumahan,Paving blok hexagonal,"6653+35, Durjela, Kec. Pulau-Pulau Aru, Kabupaten Kepulauan Aru, Maluku","Kabupaten Kepulauan Aru, Maluku",MALUKU,,Indonesia,81343255800.0,,,-5.79229,134.202885,https://maps.google.com/?cid=0x0:0xe9a272c290a1df39,
building materials,building materials,Kec. Aru Tengah Sel.,"Kabupaten Kepulauan Aru, Maluku","Kabupaten Kepulauan Aru, Maluku",MALUKU,,Indonesia,,,,-6.306355,134.9014926,https://maps.google.com/?cid=0x0:0x16e9854ea8507897,
building materials,building materials,Pabrik Batu Bata,"GJCR+FQJ Pulau Aun, Kobadangar, Kec. Aru Tengah, Kabupaten Kepulauan Aru, Maluku","Kabupaten Kepulauan Aru, Maluku",MALUKU,,Indonesia,,,,-6.4787981,134.6418862,https://maps.google.com/?cid=0x0:0xfa982652b491ce36,
building materials,building materials,Pabrik Batu Bata,"GJCR+FQJ Pulau Aun, Kobadangar, Kec. Aru Tengah, Kabupaten Kepulauan Aru, Maluku","Kabupaten Kepulauan Aru, Maluku",MALUKU,,Indonesia,,,,-6.4787981,134.6418862,https://maps.google.com/?cid=0x0:0xfa982652b491ce36,
building materials,building materials,Kec. Aru Sel. Tim.,"Kabupaten Kepulauan Aru, Maluku","Kabupaten Kepulauan Aru, Maluku",MALUKU,,Indonesia,,,,-6.9295488,134.1999997,https://maps.google.com/?cid=0x0:0xe3610bc46fe0c5c9,
building materials,building materials,Aru Sel. Utara,"Kabupaten Kepulauan Aru, Maluku","Kabupaten Kepulauan Aru, Maluku",MALUKU,,Indonesia,,,,-6.3176181,134.1364572,https://maps.google.com/?cid=0x0:0x13cf15b3cd64f30f,
building materials,Pemasok Pipa,Surya Utama Metalindo PT.,"Jl. Gunung Sahari Raya no.1 Mangga Dua Square lt 2 blok C 61, RT.11/RW.6, Ancol, Kec. Pademangan, Jkt Utara, Daerah Khusus Ibukota Jakarta 14420","RT.11/RW.6, Ancol, Kec. Pademangan, Jkt Utara",MALUKU,14420.0,Indonesia,82310999956.0,,,-6.1387824,106.8314329,https://maps.google.com/?cid=0x0:0x213f9340f3f4865,
building materials,Pemasok Pipa,PT. DWITAMA SUKSES MANDIRI,"Grand boutique Center, Jl. Mangga Dua Raya No.22 Blok B, RT.11/RW.5, Ancol, Kec. Pademangan, Jkt Utara, Daerah Khusus Ibukota Jakarta 14430","Jl. Mangga Dua Raya No.22 Blok B, RT.11/RW.5, Ancol, Kec. Pademangan, Jkt Utara",MALUKU,14430.0,Indonesia,216282401.0,,,-6.1343515,106.8292505,https://maps.google.com/?cid=0x0:0x2cbcfa724599c6a7,
toko bangunan,Toko,TOKO SINAR HARAPAN,"66RP+XW4, Galay Dubu, Kec. Pulau-Pulau Aru, Kabupaten Kepulauan Aru, Maluku","Kabupaten Kepulauan Aru, Maluku",MALUKU,,Indonesia,91721062.0,,,-5.7576203,134.2373434,https://maps.google.com/?cid=0x0:0x1611748fea8c9a5,
toko bangunan,toko bangunan,Maluku 97662,"Wahayum, Kec. Aru Utara, Kabupaten Kepulauan Aru, Maluku","Kabupaten Kepulauan Aru, Maluku",MALUKU,,Indonesia,,,,-5.4217993,134.5134044,https://maps.google.com/?cid=0x0:0xdef6a79ae1d70a3d,
toko bangunan,Pembangunan Perumahan,Paving blok hexagonal,"6653+35, Durjela, Kec. Pulau-Pulau Aru, Kabupaten Kepulauan Aru, Maluku","Kabupaten Kepulauan Aru, Maluku",MALUKU,,Indonesia,81343255800.0,,,-5.79229,134.202885,https://maps.google.com/?cid=0x0:0xe9a272c290a1df39,
toko bangunan,Toko Perlengkapan Rumah,TOKO HOSANA,"66RP+HRF, Unnamed Road, Galay Dubu, Kec. Pulau-Pulau Aru, Kabupaten Kepulauan Aru, Maluku","Kabupaten Kepulauan Aru, Maluku",MALUKU,,Indonesia,,,,-5.7585606,134.237034,https://maps.google.com/?cid=0x0:0xf55e539c307ec0ba,
toko bangunan,Toko Buku >>u0026 Alat Sekolah,TOKO FLORENCE,"Siwalima, Kec. Pulau-Pulau Aru, Kabupaten Kepulauan Aru, Maluku","Kabupaten Kepulauan Aru, Maluku",MALUKU,,Indonesia,82233924445.0,,,-5.773462,134.2205517,https://maps.google.com/?cid=0x0:0x54a4640db003a0ef,
toko bangunan,Toko Perlengkapan Rumah,TOKO FLORENCE NEW,"66H7+7WJ, Siwalima, Kec. Pulau-Pulau Aru, Kabupaten Kepulauan Aru, Maluku","Kabupaten Kepulauan Aru, Maluku",MALUKU,,Indonesia,,,,-5.7734681,134.2143092,https://maps.google.com/?cid=0x0:0x5bf94b4f23a6dd5c,
toko bangunan,toko bangunan,Aru Sel.,"Kabupaten Kepulauan Aru, Maluku","Kabupaten Kepulauan Aru, Maluku",MALUKU,,Indonesia,,,,-6.6833691,134.1720266,https://maps.google.com/?cid=0x0:0x1757c32c3a231e21,
toko bangunan,Toko Bahan Bangunan,Toko Duta Bangunan,"Jl. Danau Rana, Namlea, Kec. Namlea, Kabupaten Buru, Maluku","Kabupaten Buru, Maluku",MALUKU,,Indonesia,91322010.0,,,-3.269268,127.1034228,https://maps.google.com/?cid=0x0:0x4d2e61629ea407b9,
toko bangunan,Toko,TOKO SINAR HARAPAN,"66RP+XW4, Galay Dubu, Kec. Pulau-Pulau Aru, Kabupaten Kepulauan Aru, Maluku","Kabupaten Kepulauan Aru, Maluku",MALUKU,,Indonesia,91721062.0,,,-5.7576203,134.2373434,https://maps.google.com/?cid=0x0:0x1611748fea8c9a5,
toko bangunan,Toserba,Baru Toko,"66R7+8QV, Siwalima, Kec. Pulau-Pulau Aru, Kabupaten Kepulauan Aru, Maluku","Kabupaten Kepulauan Aru, Maluku",MALUKU,,Indonesia,91721064.0,,,-5.75913,134.21442,https://maps.google.com/?cid=0x0:0xdaa539561dea9e64,
toko bangunan,Toko,Toko El Shaddai,"kelurahan Galay Dubu 49, Galay Dubu, Kec. Pulau-Pulau Aru, Kabupaten Kepulauan Aru, Maluku","Kabupaten Kepulauan Aru, Maluku",MALUKU,,Indonesia,91721099.0,,,-5.7582813,134.2371286,https://maps.google.com/?cid=0x0:0xc87664586f1e45cb,
toko bangunan,Pembangunan Perumahan,Paving blok hexagonal,"6653+35, Durjela, Kec. Pulau-Pulau Aru, Kabupaten Kepulauan Aru, Maluku","Kabupaten Kepulauan Aru, Maluku",MALUKU,,Indonesia,81343255800.0,,,-5.79229,134.202885,https://maps.google.com/?cid=0x0:0xe9a272c290a1df39,
toko bangunan,Pusat Perbelanjaan,Toko Aru Baru,"W7VM+9G5 RKI, Benjina, Kec. Aru Tengah, Kabupaten Kepulauan Aru, Maluku","Kabupaten Kepulauan Aru, Maluku",MALUKU,,Indonesia,,,,-6.0566226,134.2838704,https://maps.google.com/?cid=0x0:0x6ca56904057ba43d,
toko bangunan,Toko Buku >>u0026 Alat Sekolah,TOKO FLORENCE,"Siwalima, Kec. Pulau-Pulau Aru, Kabupaten Kepulauan Aru, Maluku","Kabupaten Kepulauan Aru, Maluku",MALUKU,,Indonesia,82233924445.0,,,-5.773462,134.2205517,https://maps.google.com/?cid=0x0:0x54a4640db003a0ef,
toko bangunan,toko bangunan,Kec. Aru Tengah,"Kabupaten Kepulauan Aru, Maluku","Kabupaten Kepulauan Aru, Maluku",MALUKU,,Indonesia,,,,-6.2383689,134.4370606,https://maps.google.com/?cid=0x0:0xbd0c26a425f3052c,
toko bangunan,Pusat Perbelanjaan,Toko Aru Baru,"W7VM+9G5 RKI, Benjina, Kec. Aru Tengah, Kabupaten Kepulauan Aru, Maluku","Kabupaten Kepulauan Aru, Maluku",MALUKU,,Indonesia,,,,-6.0566226,134.2838704,https://maps.google.com/?cid=0x0:0x6ca56904057ba43d,
toko bangunan,Toko,Toko El Shaddai,"kelurahan Galay Dubu 49, Galay Dubu, Kec. Pulau-Pulau Aru, Kabupaten Kepulauan Aru, Maluku","Kabupaten Kepulauan Aru, Maluku",MALUKU,,Indonesia,91721099.0,,,-5.7582813,134.2371286,https://maps.google.com/?cid=0x0:0xc87664586f1e45cb,
toko bangunan,Toko,Toko Serba Bangunan Ambon,"Jl. Philip Latumahina No.10, Kel Honipopu, Kec. Sirimau, Kota Ambon, Maluku","Kota Ambon, Maluku",MALUKU,,Indonesia,81283093876.0,,,-3.696513,128.1813331,https://maps.google.com/?cid=0x0:0x38f3a5a63eb288ff,
toko bangunan,Toko Perlengkapan Rumah,TOKO HOSANA,"66RP+HRF, Unnamed Road, Galay Dubu, Kec. Pulau-Pulau Aru, Kabupaten Kepulauan Aru, Maluku","Kabupaten Kepulauan Aru, Maluku",MALUKU,,Indonesia,,,,-5.7585606,134.237034,https://maps.google.com/?cid=0x0:0xf55e539c307ec0ba,
toko bangunan,Toko Bahan Bangunan,Toko Bangunan Utama,"Jl. Karel Satsuitubun Batugong, Ambon, Passo, Kec. Baguala, Kota Ambon, Maluku 97232","Ambon, Passo, Kec. Baguala, Kota Ambon",MALUKU,97232.0,Indonesia,85102851565.0,,,-3.6377789,128.2574061,https://maps.google.com/?cid=0x0:0x7640e512aa59b277,
toko bangunan,Toko Elektronik,TOKO LESTARI,"Raja Sam, Jalan, Galay Dubu, Pulau-Pulau Aru, Aru Islands Regency, Maluku","Kabupaten Kepulauan Aru, Maluku",MALUKU,,Indonesia,,,,-5.759482,134.2344148,https://maps.google.com/?cid=0x0:0xa1e9730b4210fe50,
toko bangunan,Toko Buku >>u0026 Alat Sekolah,TOKO FLORENCE,"Siwalima, Kec. Pulau-Pulau Aru, Kabupaten Kepulauan Aru, Maluku","Kabupaten Kepulauan Aru, Maluku",MALUKU,,Indonesia,82233924445.0,,,-5.773462,134.2205517,https://maps.google.com/?cid=0x0:0x54a4640db003a0ef,
toko bangunan,Toko Bahan Bangunan,Toko Aneka Guna Rumah Tiga,"Unnamed Road, Rumah Tiga, Kec. Tlk. Ambon, Kota Ambon, Maluku","Kota Ambon, Maluku",MALUKU,,Indonesia,82397301030.0,,,-3.660478,128.1926583,https://maps.google.com/?cid=0x0:0x370ddbc5c103c9e,
toko bangunan,Toserba,Baru Toko,"66R7+8QV, Siwalima, Kec. Pulau-Pulau Aru, Kabupaten Kepulauan Aru, Maluku","Kabupaten Kepulauan Aru, Maluku",MALUKU,,Indonesia,91721064.0,,,-5.75913,134.21442,https://maps.google.com/?cid=0x0:0xdaa539561dea9e64,
toko bangunan,Fasilitas Penyimpanan,Gudang Kayu Sipur,"66R9+P3X, Siwalima, Kec. Pulau-Pulau Aru, Kabupaten Kepulauan Aru, Maluku","Kabupaten Kepulauan Aru, Maluku",MALUKU,,Indonesia,81343246246.0,,,-5.7581321,134.2177279,https://maps.google.com/?cid=0x0:0x7e6b4285af7fd44c,
toko bangunan,Pembangunan Perumahan,Paving blok hexagonal,"6653+35, Durjela, Kec. Pulau-Pulau Aru, Kabupaten Kepulauan Aru, Maluku","Kabupaten Kepulauan Aru, Maluku",MALUKU,,Indonesia,81343255800.0,,,-5.79229,134.202885,https://maps.google.com/?cid=0x0:0xe9a272c290a1df39,
toko bangunan,toko bangunan,Pabrik Batu Bata,"GJCR+FQJ Pulau Aun, Kobadangar, Kec. Aru Tengah, Kabupaten Kepulauan Aru, Maluku","Kabupaten Kepulauan Aru, Maluku",MALUKU,,Indonesia,,,,-6.4787981,134.6418862,https://maps.google.com/?cid=0x0:0xfa982652b491ce36,
toko bangunan,toko bangunan,Maluku 97662,"Wahayum, Kec. Aru Utara, Kabupaten Kepulauan Aru, Maluku","Kabupaten Kepulauan Aru, Maluku",MALUKU,,Indonesia,,,,-5.4217993,134.5134044,https://maps.google.com/?cid=0x0:0xdef6a79ae1d70a3d,
toko bangunan,Toko Bahan Bangunan,Makmur Utama Supermarket Bahan Bangunan,"Jl. Yasin Gamsungi No.2 Kec. ternate tengah, Kel, Makassar Tim., Makassar Timur, Kota Ternate, Maluku Utara 97724","Kel, Makassar Tim., Makassar Timur, Kota Ternate",MALUKU,97724.0,Indonesia,8114313799.0,,,0.7940352,127.3876695,https://maps.google.com/?cid=0x0:0x2f492ae87bf64247,
toko bangunan,Pusat Perbelanjaan,Toko Aru Baru,"W7VM+9G5 RKI, Benjina, Kec. Aru Tengah, Kabupaten Kepulauan Aru, Maluku","Kabupaten Kepulauan Aru, Maluku",MALUKU,,Indonesia,,,,-6.0566226,134.2838704,https://maps.google.com/?cid=0x0:0x6ca56904057ba43d,
toko bangunan,Toko,Toko El Shaddai,"kelurahan Galay Dubu 49, Galay Dubu, Kec. Pulau-Pulau Aru, Kabupaten Kepulauan Aru, Maluku","Kabupaten Kepulauan Aru, Maluku",MALUKU,,Indonesia,91721099.0,,,-5.7582813,134.2371286,https://maps.google.com/?cid=0x0:0xc87664586f1e45cb,
toko bangunan,Pembangunan Perumahan,Paving blok hexagonal,"6653+35, Durjela, Kec. Pulau-Pulau Aru, Kabupaten Kepulauan Aru, Maluku","Kabupaten Kepulauan Aru, Maluku",MALUKU,,Indonesia,81343255800.0,,,-5.79229,134.202885,https://maps.google.com/?cid=0x0:0xe9a272c290a1df39,
toko bangunan,Toko Buku >>u0026 Alat Sekolah,TOKO FLORENCE,"Siwalima, Kec. Pulau-Pulau Aru, Kabupaten Kepulauan Aru, Maluku","Kabupaten Kepulauan Aru, Maluku",MALUKU,,Indonesia,82233924445.0,,,-5.773462,134.2205517,https://maps.google.com/?cid=0x0:0x54a4640db003a0ef,
toko bangunan,Toko,TOKO SINAR HARAPAN,"66RP+XW4, Galay Dubu, Kec. Pulau-Pulau Aru, Kabupaten Kepulauan Aru, Maluku","Kabupaten Kepulauan Aru, Maluku",MALUKU,,Indonesia,91721062.0,,,-5.7576203,134.2373434,https://maps.google.com/?cid=0x0:0x1611748fea8c9a5,
toko bangunan,toko bangunan,Kec. Aru Utara Timur Batuley,"Kabupaten Kepulauan Aru, Maluku","Kabupaten Kepulauan Aru, Maluku",MALUKU,,Indonesia,,,,-5.7730916,134.6630541,https://maps.google.com/?cid=0x0:0x82e5f677125ddf86,
toko bangunan,Toko Bahan Bangunan,Makmur Utama Supermarket Bahan Bangunan,"Jl. Yasin Gamsungi No.2 Kec. ternate tengah, Kel, Makassar Tim., Makassar Timur, Kota Ternate, Maluku Utara 97724","Kel, Makassar Tim., Makassar Timur, Kota Ternate",MALUKU,97724.0,Indonesia,8114313799.0,,,0.7940352,127.3876695,https://maps.google.com/?cid=0x0:0x2f492ae87bf64247,
toko bangunan,Toko Bahan Bangunan,Toko Bangunan Utama,"Jl. Karel Satsuitubun Batugong, Ambon, Passo, Kec. Baguala, Kota Ambon, Maluku 97232","Ambon, Passo, Kec. Baguala, Kota Ambon",MALUKU,97232.0,Indonesia,85102851565.0,,,-3.6377789,128.2574061,https://maps.google.com/?cid=0x0:0x7640e512aa59b277,
toko bangunan,Toko,Toko El Shaddai,"kelurahan Galay Dubu 49, Galay Dubu, Kec. Pulau-Pulau Aru, Kabupaten Kepulauan Aru, Maluku","Kabupaten Kepulauan Aru, Maluku",MALUKU,,Indonesia,91721099.0,,,-5.7582813,134.2371286,https://maps.google.com/?cid=0x0:0xc87664586f1e45cb,
toko bangunan,Toko,Toko Serba Bangunan Ambon,"Jl. Philip Latumahina No.10, Kel Honipopu, Kec. Sirimau, Kota Ambon, Maluku","Kota Ambon, Maluku",MALUKU,,Indonesia,81283093876.0,,,-3.696513,128.1813331,https://maps.google.com/?cid=0x0:0x38f3a5a63eb288ff,
toko bangunan,Toko Bahan Bangunan,CV. NESSTA AMBON( Cat  Bahan Bangunan ),"86XJ+7HQ, Jl. Wolter Monginsidi, Lateri, Kec. Baguala, Kota Ambon, Maluku 97112","Jl. Wolter Monginsidi, Lateri, Kec. Baguala, Kota Ambon",MALUKU,97112.0,Indonesia,911356394.0,,,-3.651793,128.231489,https://maps.google.com/?cid=0x0:0x826e5740b2e0ac2f,
toko bangunan,Toko Bahan Bangunan,Toko Aneka Guna Rumah Tiga,"Unnamed Road, Rumah Tiga, Kec. Tlk. Ambon, Kota Ambon, Maluku","Kota Ambon, Maluku",MALUKU,,Indonesia,82397301030.0,,,-3.660478,128.1926583,https://maps.google.com/?cid=0x0:0x370ddbc5c103c9e,
toko bangunan,Toko,TOKO SINAR HARAPAN,"66RP+XW4, Galay Dubu, Kec. Pulau-Pulau Aru, Kabupaten Kepulauan Aru, Maluku","Kabupaten Kepulauan Aru, Maluku",MALUKU,,Indonesia,91721062.0,,,-5.7576203,134.2373434,https://maps.google.com/?cid=0x0:0x1611748fea8c9a5,
toko bangunan,Toko Bahan Bangunan,TB BERKAH,"Jl. Angkur No.2 17, RT.1/RW.3, Kayu Putih, Kec. Pulo Gadung, Kota Jakarta Timur, Daerah Khusus Ibukota Jakarta 13210","RT.1/RW.3, Kayu Putih, Kec. Pulo Gadung, Kota Jakarta Timur",MALUKU,13210.0,Indonesia,81996535396.0,,,-6.1867956,106.885111,https://maps.google.com/?cid=0x0:0x5165473c9a6cfcc3,
toko bangunan,Toko Buku >>u0026 Alat Sekolah,TOKO FLORENCE,"Siwalima, Kec. Pulau-Pulau Aru, Kabupaten Kepulauan Aru, Maluku","Kabupaten Kepulauan Aru, Maluku",MALUKU,,Indonesia,82233924445.0,,,-5.773462,134.2205517,https://maps.google.com/?cid=0x0:0x54a4640db003a0ef,
toko bangunan,Toserba,Baru Toko,"66R7+8QV, Siwalima, Kec. Pulau-Pulau Aru, Kabupaten Kepulauan Aru, Maluku","Kabupaten Kepulauan Aru, Maluku",MALUKU,,Indonesia,91721064.0,,,-5.75913,134.21442,https://maps.google.com/?cid=0x0:0xdaa539561dea9e64,
toko bangunan,Toko Karpet,Toko Sumber Berkat,"Jl. W.R. Supratman No.19, Uritetu, Kec. Sirimau, Kota Ambon, Maluku 97124","Uritetu, Kec. Sirimau, Kota Ambon",MALUKU,97124.0,Indonesia,81344850907.0,,,-3.6932047,128.1849976,https://maps.google.com/?cid=0x0:0x7894d5a241022137,
toko bangunan,Minimarket,TOKO AMAL JAYA,"278V+WF6, Olilit, Tanimbar Sel., Kab. Kepulauan Tanimbar, Maluku","Kab. Kepulauan Tanimbar, Maluku",MALUKU,,Indonesia,82199324920.0,,,-7.9836129,131.2936666,https://maps.google.com/?cid=0x0:0xcb311d7ebcd8c172,
toko bangunan,Toko Bahan Bangunan,Toko Sumber Mas (Toko Alat Bangunan) Termurah Di Kota Ambon,"852M+PR7, Jl. Yan Paays, Uritetu, Kec. Sirimau, Kota Ambon, Maluku","Kota Ambon, Maluku",MALUKU,,Indonesia,911342426.0,,,-3.6982201,128.1845433,https://maps.google.com/?cid=0x0:0xa06c0fcbbe266243,
toko bangunan,Toko Bahan Bangunan,TOKO ILHAM,"28R5+VPH, Unnamed Road, Sifnana, Tanimbar Sel., Kab. Kepulauan Tanimbar, Maluku","Kab. Kepulauan Tanimbar, Maluku",MALUKU,,Indonesia,83125236425.0,,,-7.9578237,131.3093484,https://maps.google.com/?cid=0x0:0xdc8ca2706d30ea1a,
toko bangunan,Toserba,Fajar Baru Toko,"66Q9+GMH, Siwalima, Kec. Pulau-Pulau Aru, Kabupaten Kepulauan Aru, Maluku","Kabupaten Kepulauan Aru, Maluku",MALUKU,,Indonesia,91721042.0,,,-5.7611789,134.2192266,https://maps.google.com/?cid=0x0:0x698b2a594cc3362d,
toko bangunan,Pembangunan Perumahan,Paving blok hexagonal,"6653+35, Durjela, Kec. Pulau-Pulau Aru, Kabupaten Kepulauan Aru, Maluku","Kabupaten Kepulauan Aru, Maluku",MALUKU,,Indonesia,81343255800.0,,,-5.79229,134.202885,https://maps.google.com/?cid=0x0:0xe9a272c290a1df39,
toko bangunan,Toko Bahan Bangunan,TB Arjuna Jaya,"Jl. Arjuna I No.8, Utan Kayu Sel., Matraman, Kota Jakarta Timur, Daerah, Khusus I, RT.8/RW.7, Utan Kayu Sel., Kec. Matraman, Kota Jakarta Timur, Daerah Khusus Ibukota Jakarta 13110","Utan Kayu Sel., Matraman, Kota Jakarta Timur, Daerah, Khusus I, RT.8/RW.7, Utan Kayu Sel., Kec. Matraman, Kota Jakarta Timur",MALUKU,13110.0,Indonesia,218511882.0,,,-6.209675,106.87324,https://maps.google.com/?cid=0x0:0x90d23d741db361f9,
toko bangunan,Toko Bahan Bangunan,Toko Bangunan Batu Raden,"RR47+WVF, Jl. K.H. Mas Mansyur, RT.1/RW.8, Kb. Kacang, Kecamatan Tanah Abang, Kota Jakarta Pusat, Daerah Khusus Ibukota Jakarta 10230","Jl. K.H. Mas Mansyur, RT.1/RW.8, Kb. Kacang, Kecamatan Tanah Abang, Kota Jakarta Pusat",MALUKU,10230.0,Indonesia,83822287779.0,,,-6.1926875,106.8146875,https://maps.google.com/?cid=0x0:0xd9057f8cb80c7715,
toko bangunan,Pemasok Bahan Bangunan,TB. Gloria Jaya,"14, Jl. Sunter Hijau VII No.9, RT.14/RW.10, Sunter Jaya, Kec. Tj. Priok, Jkt Utara, Daerah Khusus Ibukota Jakarta 14360","Jl. Sunter Hijau VII No.9, RT.14/RW.10, Sunter Jaya, Kec. Tj. Priok, Jkt Utara",MALUKU,14360.0,Indonesia,216512326.0,,,-6.1551255,106.8781133,https://maps.google.com/?cid=0x0:0x39f404a46eb10045,
toko bangunan,Toko Bahan Bangunan,Toko Bangunan Samudra,"Jl Kranggan Raya, RT.01/02/RW.No.2, Puspasari, Kec. Citeureup, Kabupaten Bogor, Jawa Barat 16810","RT.01/02/RW.No.2, Puspasari, Kec. Citeureup, Kabupaten Bogor",MALUKU,16810.0,Indonesia,87887371288.0,,,-6.480654,106.871007,https://maps.google.com/?cid=0x0:0x7791e4d2c85deedf,
toko bangunan,Toko Bahan Bangunan,Rekan Bangunan,"Jl. H. Nonon Sonthanie No.8-9, RT.006/RW.002, Duren Jaya, Kec. Bekasi Tim., Kota Bks, Jawa Barat 17111","RT.006/RW.002, Duren Jaya, Kec. Bekasi Tim., Kota Bks",MALUKU,17111.0,Indonesia,85840357174.0,,,-6.2426518,107.0145379,https://maps.google.com/?cid=0x0:0x7dc0dd11c341e824,
toko bangunan,Toko Bahan Bangunan,TB. Padma Putra Jaya,"Jl. Anggrek Cendrawasih Raya No.8A 7, RT.7/RW.3, Kemanggisan, Kec. Palmerah, Kota Jakarta Barat, Daerah Khusus Ibukota Jakarta 11480","RT.7/RW.3, Kemanggisan, Kec. Palmerah, Kota Jakarta Barat",MALUKU,11480.0,Indonesia,215481438.0,,,-6.1972756,106.7955384,https://maps.google.com/?cid=0x0:0xaa5e51c55d237d07,
toko bangunan,Toko Bahan Bangunan,Toko Bangunan Sumber Lancar,"Jl. Duri Raya No.58, RT.2/RW.7, Duri Kepa, Kec. Kb. Jeruk, Kota Jakarta Barat, Daerah Khusus Ibukota Jakarta 11510","RT.2/RW.7, Duri Kepa, Kec. Kb. Jeruk, Kota Jakarta Barat",MALUKU,11510.0,Indonesia,215669387.0,,,-6.1856477,106.7710396,https://maps.google.com/?cid=0x0:0xa6608a9a3e7fd6c,
toko bangunan,toko bangunan,Kec. Sir-Sir,"Kabupaten Kepulauan Aru, Maluku","Kabupaten Kepulauan Aru, Maluku",MALUKU,,Indonesia,,,,-5.5652523,134.4449374,https://maps.google.com/?cid=0x0:0xbaca49c434e2b7ff,
toko bangunan,Toko Bahan Bangunan,Toko Bangunan Central Surya Baru Mandiri Kobi,"Mandiri, Jl. Lintas Seram, Kobi, Kec. Seram Utara Tim. Kobi, Kabupaten Maluku Tengah, Maluku 97533","Jl. Lintas Seram, Kobi, Kec. Seram Utara Tim. Kobi, Kabupaten Maluku Tengah",MALUKU,97533.0,Indonesia,82230010024.0,,,-2.9320301,129.804093,https://maps.google.com/?cid=0x0:0xf1c882c04b646d61,
toko bangunan,Toko Bahan Bangunan,CV. Kasih Karunia,"Jalan raya lintas seram kobi sadar kecamatan Seram Utara Timur Kobi, Kobi, Sadar, Maluku 90557","Kobi, Sadar",MALUKU,90557.0,Indonesia,81240193003.0,,,-2.9217735,129.8000168,https://maps.google.com/?cid=0x0:0xbf49c55219ed8ac3,
toko bangunan,Toko Bahan Bangunan,Toko Bangunan Sinar Baru,"Jl. Moch. Kahfi II No.7, RT.1/RW.3, Cipedak, Kec. Jagakarsa, Kota Jakarta Selatan, Daerah Khusus Ibukota Jakarta 12630","RT.1/RW.3, Cipedak, Kec. Jagakarsa, Kota Jakarta Selatan",MALUKU,12630.0,Indonesia,217873369.0,,,-6.3531903,106.8112484,https://maps.google.com/?cid=0x0:0x79d8cda489212f60,
toko bangunan,Toko Bahan Bangunan,Tb. Sinar Timur,"Jl. Tanah Kusir 2 no.59f Rt. 010/009, RT.10/RW.9, Kby. Lama Sel., Kec. Kby. Lama, Kota Jakarta Selatan, Daerah Khusus Ibukota Jakarta 12240","RT.10/RW.9, Kby. Lama Sel., Kec. Kby. Lama, Kota Jakarta Selatan",MALUKU,12240.0,Indonesia,81295169990.0,,,-6.257884,106.783218,https://maps.google.com/?cid=0x0:0x199746c8ff917259,
toko bangunan,Toko Bahan Bangunan,Sinar HS Bangunan,"Jl. Raya Bogor No.KM.45 No.9, Pakansari, Kec. Cibinong, Kabupaten Bogor, Jawa Barat 16915","Pakansari, Kec. Cibinong, Kabupaten Bogor",MALUKU,16915.0,Indonesia,218762516.0,,,-6.4870246,106.8432113,https://maps.google.com/?cid=0x0:0x28708df7559ad5b9,
toko bangunan,Toko Bahan Bangunan,TB. Sinar Muara,"Jl. Cipinang Muara Raya No.26B, RT.14/RW.3, Cipinang Muara, Kecamatan Jatinegara, Kota Jakarta Timur, Daerah Khusus Ibukota Jakarta 13420","RT.14/RW.3, Cipinang Muara, Kecamatan Jatinegara, Kota Jakarta Timur",MALUKU,13420.0,Indonesia,85769908768.0,,,-6.2278753,106.889152,https://maps.google.com/?cid=0x0:0x7ad476aa9912a055,
toko bangunan,Toko Bahan Bangunan,Tb. Sinar,"Jl. K.S. Tubun No.95 1, RT.1/RW.4, Petamburan, Kecamatan Tanah Abang, Kota Jakarta Pusat, Daerah Khusus Ibukota Jakarta 11410","RT.1/RW.4, Petamburan, Kecamatan Tanah Abang, Kota Jakarta Pusat",MALUKU,11410.0,Indonesia,215482179.0,,,-6.1959607,106.8051109,https://maps.google.com/?cid=0x0:0x7e638a663b050339,
toko bangunan,Toko Bahan Bangunan,Tb Sinar Bangunan,"Jl. Lengkong Wetan No.38, Lengkong Karya, Kec. Serpong, Kota Tangerang Selatan, Banten 15310","Lengkong Karya, Kec. Serpong, Kota Tangerang Selatan",MALUKU,15310.0,Indonesia,8980187018.0,,,-6.2789482,106.6666253,https://maps.google.com/?cid=0x0:0xcaa14cd3d98c57d1,
toko bangunan,Toko Bahan Bangunan,Toko Bangunan Si Kembar,"Jl. Desa Putra No.4 7, RT.7/RW.5, Srengseng Sawah, Kec. Jagakarsa, Kota Jakarta Selatan, Daerah Khusus Ibukota Jakarta 12630","RT.7/RW.5, Srengseng Sawah, Kec. Jagakarsa, Kota Jakarta Selatan",MALUKU,12630.0,Indonesia,217873732.0,,,-6.3390933,106.8285421,https://maps.google.com/?cid=0x0:0x5f7abe06d4e2e563,
toko bangunan,toko bangunan,Toko Sinar Bangunan,"Cemp. Putih, Kec. Ciputat Tim., Kota Tangerang Selatan, Banten","Kota Tangerang Selatan, Banten",MALUKU,,Indonesia,,,,-6.3120912,106.7502032,https://maps.google.com/?cid=0x0:0xdea1aa93bf53668c,
toko bangunan,toko bangunan,Aru Tengah Tim.,"Kabupaten Kepulauan Aru, Maluku","Kabupaten Kepulauan Aru, Maluku",MALUKU,,Indonesia,,,,-6.0878603,134.6630541,https://maps.google.com/?cid=0x0:0x39fa9da111d69f1a,
toko bangunan,Pasar bahan bangunan,Toko Intisari2,"PHRH+XHX, Jl. Hijra, Galala, Oba Utara, Kota Tidore Kepulauan, Maluku Utara","Kota Tidore Kepulauan, Maluku Utara",MALUKU,,Indonesia,8124751378.0,,,0.7424771,127.5789924,https://maps.google.com/?cid=0x0:0x25129a2cfa046c97,
toko bangunan,Pusat Perbelanjaan,Toko Aru Baru,"W7VM+9G5 RKI, Benjina, Kec. Aru Tengah, Kabupaten Kepulauan Aru, Maluku","Kabupaten Kepulauan Aru, Maluku",MALUKU,,Indonesia,,,,-6.0566226,134.2838704,https://maps.google.com/?cid=0x0:0x6ca56904057ba43d,
toko bangunan,Toko,Toko El Shaddai,"kelurahan Galay Dubu 49, Galay Dubu, Kec. Pulau-Pulau Aru, Kabupaten Kepulauan Aru, Maluku","Kabupaten Kepulauan Aru, Maluku",MALUKU,,Indonesia,91721099.0,,,-5.7582813,134.2371286,https://maps.google.com/?cid=0x0:0xc87664586f1e45cb,
toko bangunan,Pabrik Baja,toko anugrah jaya payahe,"Payahe, Kec. Oba, Kota Tidore Kepulauan, Maluku Utara","Kota Tidore Kepulauan, Maluku Utara",MALUKU,,Indonesia,82114411080.0,,,0.3424202,127.7312158,https://maps.google.com/?cid=0x0:0x77b41facfa66302e,
toko bangunan,Toko,TOKO SINAR HARAPAN,"66RP+XW4, Galay Dubu, Kec. Pulau-Pulau Aru, Kabupaten Kepulauan Aru, Maluku","Kabupaten Kepulauan Aru, Maluku",MALUKU,,Indonesia,91721062.0,,,-5.7576203,134.2373434,https://maps.google.com/?cid=0x0:0x1611748fea8c9a5,
toko bangunan,Toko Bahan Bangunan,Toko Bangunan Utama,"Jl. Karel Satsuitubun Batugong, Ambon, Passo, Kec. Baguala, Kota Ambon, Maluku 97232","Ambon, Passo, Kec. Baguala, Kota Ambon",MALUKU,97232.0,Indonesia,85102851565.0,,,-3.6377789,128.2574061,https://maps.google.com/?cid=0x0:0x7640e512aa59b277,
toko bangunan,Toko,Toko Serba Bangunan Ambon,"Jl. Philip Latumahina No.10, Kel Honipopu, Kec. Sirimau, Kota Ambon, Maluku","Kota Ambon, Maluku",MALUKU,,Indonesia,81283093876.0,,,-3.696513,128.1813331,https://maps.google.com/?cid=0x0:0x38f3a5a63eb288ff,
toko bangunan,Toko Buku >>u0026 Alat Sekolah,TOKO FLORENCE,"Siwalima, Kec. Pulau-Pulau Aru, Kabupaten Kepulauan Aru, Maluku","Kabupaten Kepulauan Aru, Maluku",MALUKU,,Indonesia,82233924445.0,,,-5.773462,134.2205517,https://maps.google.com/?cid=0x0:0x54a4640db003a0ef,
toko bangunan,Toko Bahan Bangunan,CV. NESSTA AMBON( Cat  Bahan Bangunan ),"86XJ+7HQ, Jl. Wolter Monginsidi, Lateri, Kec. Baguala, Kota Ambon, Maluku 97112","Jl. Wolter Monginsidi, Lateri, Kec. Baguala, Kota Ambon",MALUKU,97112.0,Indonesia,911356394.0,,,-3.651793,128.231489,https://maps.google.com/?cid=0x0:0x826e5740b2e0ac2f,
toko bangunan,Toko Bahan Bangunan,Toko Aneka Guna Rumah Tiga,"Unnamed Road, Rumah Tiga, Kec. Tlk. Ambon, Kota Ambon, Maluku","Kota Ambon, Maluku",MALUKU,,Indonesia,82397301030.0,,,-3.660478,128.1926583,https://maps.google.com/?cid=0x0:0x370ddbc5c103c9e,
toko bangunan,Toserba,Baru Toko,"66R7+8QV, Siwalima, Kec. Pulau-Pulau Aru, Kabupaten Kepulauan Aru, Maluku","Kabupaten Kepulauan Aru, Maluku",MALUKU,,Indonesia,91721064.0,,,-5.75913,134.21442,https://maps.google.com/?cid=0x0:0xdaa539561dea9e64,
toko bangunan,Pembangunan Perumahan,Paving blok hexagonal,"6653+35, Durjela, Kec. Pulau-Pulau Aru, Kabupaten Kepulauan Aru, Maluku","Kabupaten Kepulauan Aru, Maluku",MALUKU,,Indonesia,81343255800.0,,,-5.79229,134.202885,https://maps.google.com/?cid=0x0:0xe9a272c290a1df39,
toko bangunan,Terminal Feri,Pasar benjina,"W7VP+267, Unnamed Road, Benjina, Kec. Aru Tengah, Kabupaten Kepulauan Aru, Maluku","Kabupaten Kepulauan Aru, Maluku",MALUKU,,Indonesia,,,,-6.0574747,134.2855402,https://maps.google.com/?cid=0x0:0x1c78bb4b46cfa5c1,
toko bangunan,Toko,TOKO FAJAR MAS,"P3CX+R5Q, Namlea, Kec. Namlea, Kabupaten Buru, Maluku","Kabupaten Buru, Maluku",MALUKU,,Indonesia,81316222080.0,,,-3.2779017,127.0979019,https://maps.google.com/?cid=0x0:0xce7d9cbd242800a3,
toko bangunan,Toko Bahan Bangunan,Toko Duta Bangunan,"Jl. Danau Rana, Namlea, Kec. Namlea, Kabupaten Buru, Maluku","Kabupaten Buru, Maluku",MALUKU,,Indonesia,91322010.0,,,-3.269268,127.1034228,https://maps.google.com/?cid=0x0:0x4d2e61629ea407b9,
toko bangunan,Pusat Perbelanjaan,Toko Aru Baru,"W7VM+9G5 RKI, Benjina, Kec. Aru Tengah, Kabupaten Kepulauan Aru, Maluku","Kabupaten Kepulauan Aru, Maluku",MALUKU,,Indonesia,,,,-6.0566226,134.2838704,https://maps.google.com/?cid=0x0:0x6ca56904057ba43d,
toko bangunan,toko bangunan,Kec. Aru Tengah Sel.,"Kabupaten Kepulauan Aru, Maluku","Kabupaten Kepulauan Aru, Maluku",MALUKU,,Indonesia,,,,-6.306355,134.9014926,https://maps.google.com/?cid=0x0:0x16e9854ea8507897,
toko bangunan,toko bangunan,Pabrik Batu Bata,"GJCR+FQJ Pulau Aun, Kobadangar, Kec. Aru Tengah, Kabupaten Kepulauan Aru, Maluku","Kabupaten Kepulauan Aru, Maluku",MALUKU,,Indonesia,,,,-6.4787981,134.6418862,https://maps.google.com/?cid=0x0:0xfa982652b491ce36,
toko bangunan,toko bangunan,Kec. Aru Sel. Tim.,"Kabupaten Kepulauan Aru, Maluku","Kabupaten Kepulauan Aru, Maluku",MALUKU,,Indonesia,,,,-6.9295488,134.1999997,https://maps.google.com/?cid=0x0:0xe3610bc46fe0c5c9,
toko bangunan,Toko Bahan Bangunan,Toko Bangunan Utama,"Jl. Karel Satsuitubun Batugong, Ambon, Passo, Kec. Baguala, Kota Ambon, Maluku 97232","Ambon, Passo, Kec. Baguala, Kota Ambon",MALUKU,97232.0,Indonesia,85102851565.0,,,-3.6377789,128.2574061,https://maps.google.com/?cid=0x0:0x7640e512aa59b277,
toko bangunan,Toko,Toko Serba Bangunan Ambon,"Jl. Philip Latumahina No.10, Kel Honipopu, Kec. Sirimau, Kota Ambon, Maluku","Kota Ambon, Maluku",MALUKU,,Indonesia,81283093876.0,,,-3.696513,128.1813331,https://maps.google.com/?cid=0x0:0x38f3a5a63eb288ff,
toko bangunan,Toko,TOKO SINAR HARAPAN,"66RP+XW4, Galay Dubu, Kec. Pulau-Pulau Aru, Kabupaten Kepulauan Aru, Maluku","Kabupaten Kepulauan Aru, Maluku",MALUKU,,Indonesia,91721062.0,,,-5.7576203,134.2373434,https://maps.google.com/?cid=0x0:0x1611748fea8c9a5,
toko bangunan,Toko,Toko El Shaddai,"kelurahan Galay Dubu 49, Galay Dubu, Kec. Pulau-Pulau Aru, Kabupaten Kepulauan Aru, Maluku","Kabupaten Kepulauan Aru, Maluku",MALUKU,,Indonesia,91721099.0,,,-5.7582813,134.2371286,https://maps.google.com/?cid=0x0:0xc87664586f1e45cb,
toko bangunan,Toko Bahan Bangunan,CV. NESSTA AMBON( Cat  Bahan Bangunan ),"86XJ+7HQ, Jl. Wolter Monginsidi, Lateri, Kec. Baguala, Kota Ambon, Maluku 97112","Jl. Wolter Monginsidi, Lateri, Kec. Baguala, Kota Ambon",MALUKU,97112.0,Indonesia,911356394.0,,,-3.651793,128.231489,https://maps.google.com/?cid=0x0:0x826e5740b2e0ac2f,
toko bangunan,Pusat Perbelanjaan,Toko Aru Baru,"W7VM+9G5 RKI, Benjina, Kec. Aru Tengah, Kabupaten Kepulauan Aru, Maluku","Kabupaten Kepulauan Aru, Maluku",MALUKU,,Indonesia,,,,-6.0566226,134.2838704,https://maps.google.com/?cid=0x0:0x6ca56904057ba43d,
toko bangunan,Toko Bahan Bangunan,Toko Aneka Guna Rumah Tiga,"Unnamed Road, Rumah Tiga, Kec. Tlk. Ambon, Kota Ambon, Maluku","Kota Ambon, Maluku",MALUKU,,Indonesia,82397301030.0,,,-3.660478,128.1926583,https://maps.google.com/?cid=0x0:0x370ddbc5c103c9e,
toko bangunan,Toserba,Baru Toko,"66R7+8QV, Siwalima, Kec. Pulau-Pulau Aru, Kabupaten Kepulauan Aru, Maluku","Kabupaten Kepulauan Aru, Maluku",MALUKU,,Indonesia,91721064.0,,,-5.75913,134.21442,https://maps.google.com/?cid=0x0:0xdaa539561dea9e64,
toko bangunan,Toko Buku >>u0026 Alat Sekolah,TOKO FLORENCE,"Siwalima, Kec. Pulau-Pulau Aru, Kabupaten Kepulauan Aru, Maluku","Kabupaten Kepulauan Aru, Maluku",MALUKU,,Indonesia,82233924445.0,,,-5.773462,134.2205517,https://maps.google.com/?cid=0x0:0x54a4640db003a0ef,
toko bangunan,Toko Bahan Bangunan,Toko Sumber Mas (Toko Alat Bangunan) Termurah Di Kota Ambon,"852M+PR7, Jl. Yan Paays, Uritetu, Kec. Sirimau, Kota Ambon, Maluku","Kota Ambon, Maluku",MALUKU,,Indonesia,911342426.0,,,-3.6982201,128.1845433,https://maps.google.com/?cid=0x0:0xa06c0fcbbe266243,
toko bangunan,Toko Karpet,Toko Sumber Berkat,"Jl. W.R. Supratman No.19, Uritetu, Kec. Sirimau, Kota Ambon, Maluku 97124","Uritetu, Kec. Sirimau, Kota Ambon",MALUKU,97124.0,Indonesia,81344850907.0,,,-3.6932047,128.1849976,https://maps.google.com/?cid=0x0:0x7894d5a241022137,
toko bangunan,Toko Bahan Bangunan,TOKO ILHAM,"28R5+VPH, Unnamed Road, Sifnana, Tanimbar Sel., Kab. Kepulauan Tanimbar, Maluku","Kab. Kepulauan Tanimbar, Maluku",MALUKU,,Indonesia,83125236425.0,,,-7.9578237,131.3093484,https://maps.google.com/?cid=0x0:0xdc8ca2706d30ea1a,
toko bangunan,Toko Bahan Bangunan,TB BERKAH,"Jl. Angkur No.2 17, RT.1/RW.3, Kayu Putih, Kec. Pulo Gadung, Kota Jakarta Timur, Daerah Khusus Ibukota Jakarta 13210","RT.1/RW.3, Kayu Putih, Kec. Pulo Gadung, Kota Jakarta Timur",MALUKU,13210.0,Indonesia,81996535396.0,,,-6.1867956,106.885111,https://maps.google.com/?cid=0x0:0x5165473c9a6cfcc3,
toko bangunan,Toko Bahan Bangunan,Toko.Timur Raya,"8VPJ+29R, Unnamed Road, Fidi Jaya, Kec. Weda, Kabupaten Halmahera Tengah, Maluku Utara","Kabupaten Halmahera Tengah, Maluku Utara",MALUKU,,Indonesia,,,,0.3351116,127.8809053,https://maps.google.com/?cid=0x0:0x23faf8ae84e5052a,
toko bangunan,Toserba,Harapan Toko,"66P8+5V7, Siwalima, Kec. Pulau-Pulau Aru, Kabupaten Kepulauan Aru, Maluku","Kabupaten Kepulauan Aru, Maluku",MALUKU,,Indonesia,91721132.0,,,-5.7645948,134.2171666,https://maps.google.com/?cid=0x0:0x39f7902eb20f2c41,
toko bangunan,Toko,Aneka Terbit Toko,"66Q9+7X3, Siwalima, Kec. Pulau-Pulau Aru, Kabupaten Kepulauan Aru, Maluku","Kabupaten Kepulauan Aru, Maluku",MALUKU,,Indonesia,91721176.0,,,-5.7618621,134.2199132,https://maps.google.com/?cid=0x0:0x6280413dae96e65b,
toko bangunan,Toserba,Bahari Toko,"66R7+6J9, Siwalima, Kec. Pulau-Pulau Aru, Kabupaten Kepulauan Aru, Maluku","Kabupaten Kepulauan Aru, Maluku",MALUKU,,Indonesia,91721183.0,,,-5.759471,134.214106,https://maps.google.com/?cid=0x0:0x19ae456185ee8cf6,
toko bangunan,Pembangunan Perumahan,Paving blok hexagonal,"6653+35, Durjela, Kec. Pulau-Pulau Aru, Kabupaten Kepulauan Aru, Maluku","Kabupaten Kepulauan Aru, Maluku",MALUKU,,Indonesia,81343255800.0,,,-5.79229,134.202885,https://maps.google.com/?cid=0x0:0xe9a272c290a1df39,
toko bangunan,toko bangunan,Pabrik Batu Bata,"GJCR+FQJ Pulau Aun, Kobadangar, Kec. Aru Tengah, Kabupaten Kepulauan Aru, Maluku","Kabupaten Kepulauan Aru, Maluku",MALUKU,,Indonesia,,,,-6.4787981,134.6418862,https://maps.google.com/?cid=0x0:0xfa982652b491ce36,
toko bangunan,Toko Bahan Bangunan,Toko Surya Jaya - Labuha,"9FCJ+69H, Unnamed Road, Labuha, Kec. Bacan, Kabupaten Halmahera Selatan, Maluku Utara","Kabupaten Halmahera Selatan, Maluku Utara",MALUKU,,Indonesia,9272321732.0,,,-0.6294262,127.4809969,https://maps.google.com/?cid=0x0:0xdad7b98c88e223e3,
toko bangunan,toko bangunan,Aru Sel. Utara,"Kabupaten Kepulauan Aru, Maluku","Kabupaten Kepulauan Aru, Maluku",MALUKU,,Indonesia,,,,-6.3176181,134.1364572,https://maps.google.com/?cid=0x0:0x13cf15b3cd64f30f,
toko bangunan,Toko,TOKO SINAR HARAPAN,"66RP+XW4, Galay Dubu, Kec. Pulau-Pulau Aru, Kabupaten Kepulauan Aru, Maluku","Kabupaten Kepulauan Aru, Maluku",MALUKU,,Indonesia,91721062.0,,,-5.7576203,134.2373434,https://maps.google.com/?cid=0x0:0x1611748fea8c9a5,
toko bangunan,Pusat Perbelanjaan,Toko Aru Baru,"W7VM+9G5 RKI, Benjina, Kec. Aru Tengah, Kabupaten Kepulauan Aru, Maluku","Kabupaten Kepulauan Aru, Maluku",MALUKU,,Indonesia,,,,-6.0566226,134.2838704,https://maps.google.com/?cid=0x0:0x6ca56904057ba43d,
toko bangunan,Toko,Toko El Shaddai,"kelurahan Galay Dubu 49, Galay Dubu, Kec. Pulau-Pulau Aru, Kabupaten Kepulauan Aru, Maluku","Kabupaten Kepulauan Aru, Maluku",MALUKU,,Indonesia,91721099.0,,,-5.7582813,134.2371286,https://maps.google.com/?cid=0x0:0xc87664586f1e45cb,
toko bangunan,Toko Bahan Bangunan,Toko bangunan UD ISHLAH,"Tlk., Poka, Kec. Tlk. Ambon, Kota Ambon, Maluku","Kota Ambon, Maluku",MALUKU,,Indonesia,85244808244.0,,,-3.6478274,128.1934164,https://maps.google.com/?cid=0x0:0x9ad95512c8471c0d,
toko bangunan,Toko Bahan Bangunan,Toko Bangunan Utama,"Jl. Karel Satsuitubun Batugong, Ambon, Passo, Kec. Baguala, Kota Ambon, Maluku 97232","Ambon, Passo, Kec. Baguala, Kota Ambon",MALUKU,97232.0,Indonesia,85102851565.0,,,-3.6377789,128.2574061,https://maps.google.com/?cid=0x0:0x7640e512aa59b277,
toko bangunan,Toko Bahan Bangunan,Toko Aneka Guna Rumah Tiga,"Unnamed Road, Rumah Tiga, Kec. Tlk. Ambon, Kota Ambon, Maluku","Kota Ambon, Maluku",MALUKU,,Indonesia,82397301030.0,,,-3.660478,128.1926583,https://maps.google.com/?cid=0x0:0x370ddbc5c103c9e,
toko bangunan,Toko Buku >>u0026 Alat Sekolah,TOKO FLORENCE,"Siwalima, Kec. Pulau-Pulau Aru, Kabupaten Kepulauan Aru, Maluku","Kabupaten Kepulauan Aru, Maluku",MALUKU,,Indonesia,82233924445.0,,,-5.773462,134.2205517,https://maps.google.com/?cid=0x0:0x54a4640db003a0ef,
toko bangunan,Toserba,Baru Toko,"66R7+8QV, Siwalima, Kec. Pulau-Pulau Aru, Kabupaten Kepulauan Aru, Maluku","Kabupaten Kepulauan Aru, Maluku",MALUKU,,Indonesia,91721064.0,,,-5.75913,134.21442,https://maps.google.com/?cid=0x0:0xdaa539561dea9e64,
toko bangunan,Toko Bahan Bangunan,CV. NESSTA AMBON( Cat  Bahan Bangunan ),"86XJ+7HQ, Jl. Wolter Monginsidi, Lateri, Kec. Baguala, Kota Ambon, Maluku 97112","Jl. Wolter Monginsidi, Lateri, Kec. Baguala, Kota Ambon",MALUKU,97112.0,Indonesia,911356394.0,,,-3.651793,128.231489,https://maps.google.com/?cid=0x0:0x826e5740b2e0ac2f,
toko bangunan,Toko Bahan Bangunan,TOKO ILHAM,"28R5+VPH, Unnamed Road, Sifnana, Tanimbar Sel., Kab. Kepulauan Tanimbar, Maluku","Kab. Kepulauan Tanimbar, Maluku",MALUKU,,Indonesia,83125236425.0,,,-7.9578237,131.3093484,https://maps.google.com/?cid=0x0:0xdc8ca2706d30ea1a,
toko bangunan,Pembangunan Perumahan,Paving blok hexagonal,"6653+35, Durjela, Kec. Pulau-Pulau Aru, Kabupaten Kepulauan Aru, Maluku","Kabupaten Kepulauan Aru, Maluku",MALUKU,,Indonesia,81343255800.0,,,-5.79229,134.202885,https://maps.google.com/?cid=0x0:0xe9a272c290a1df39,
toko bangunan,Toko Perlengkapan Rumah,TOKO HOSANA,"66RP+HRF, Unnamed Road, Galay Dubu, Kec. Pulau-Pulau Aru, Kabupaten Kepulauan Aru, Maluku","Kabupaten Kepulauan Aru, Maluku",MALUKU,,Indonesia,,,,-5.7585606,134.237034,https://maps.google.com/?cid=0x0:0xf55e539c307ec0ba,
toko bangunan,Toserba,Fajar Baru Toko,"66Q9+GMH, Siwalima, Kec. Pulau-Pulau Aru, Kabupaten Kepulauan Aru, Maluku","Kabupaten Kepulauan Aru, Maluku",MALUKU,,Indonesia,91721042.0,,,-5.7611789,134.2192266,https://maps.google.com/?cid=0x0:0x698b2a594cc3362d,
hardware store,Pusat Perbelanjaan,MR.DIY,"Siwalima, Kec. Pulau-Pulau Aru, Kabupaten Kepulauan Aru, Maluku","Kabupaten Kepulauan Aru, Maluku",MALUKU,,Indonesia,,,,-5.7622629,134.2261539,https://maps.google.com/?cid=0x0:0x37ae10d352d6bd22,
hardware store,Toserba,KAIROS TOSERBA,"66R9+4XQ, Siwalima, Kec. Pulau-Pulau Aru, Kabupaten Kepulauan Aru, Maluku","Kabupaten Kepulauan Aru, Maluku",MALUKU,,Indonesia,,,,-5.7596749,134.2199992,https://maps.google.com/?cid=0x0:0x5ce641a1461fc6fb,
hardware store,hardware store,Maluku 97662,"Wahayum, Kec. Aru Utara, Kabupaten Kepulauan Aru, Maluku","Kabupaten Kepulauan Aru, Maluku",MALUKU,,Indonesia,,,,-5.4217993,134.5134044,https://maps.google.com/?cid=0x0:0xdef6a79ae1d70a3d,
hardware store,hardware store,Kec. Pulau-Pulau Aru,"Kabupaten Kepulauan Aru, Maluku","Kabupaten Kepulauan Aru, Maluku",MALUKU,,Indonesia,,,,-5.9831335,134.3215368,https://maps.google.com/?cid=0x0:0xbf0dd418968d6b16,
hardware store,Dealer Sepeda Motor,Toko Puncak Motor ( SHARON DOBO ),"Jl. Cendrawasih, RT.002/RW.005, Siwalima, Kec. Pulau-Pulau Aru, Kabupaten Kepulauan Aru, Maluku 97662","RT.002/RW.005, Siwalima, Kec. Pulau-Pulau Aru, Kabupaten Kepulauan Aru",MALUKU,97662.0,Indonesia,,,,-5.7653146,134.2185786,https://maps.google.com/?cid=0x0:0xd2ea9fbfc59bc662,
hardware store,Toko Buku,Mitra Permai Dobo,"Kapitan Malongi No.54, Galay Dubu, Kec. Pulau-Pulau Aru, Kabupaten Kepulauan Aru, Maluku 97662","Galay Dubu, Kec. Pulau-Pulau Aru, Kabupaten Kepulauan Aru",MALUKU,97662.0,Indonesia,81343137183.0,,,-5.7593581,134.2351552,https://maps.google.com/?cid=0x0:0xb100dd101c32880c,
hardware store,Toko Mebel,AZKO Maluku City Mall,"Maluku City Mall (MCM), Jl. Sultan Hasanudin, Tantui, Kec, Kota Ambon, Maluku 97128","Jl. Sultan Hasanudin, Tantui, Kec, Kota Ambon",MALUKU,97128.0,Indonesia,85243845863.0,,,-3.6703085,128.1982929,https://maps.google.com/?cid=0x0:0x32acbca964b44d25,
hardware store,Toko Mebel,Informa Maluku City Mall,"Maluku City Mall Ground Floor - Lower Ground, Jl. Jenderal Sudirman, Hative Kecil, Tantui - Sirimau, Kota Ambon, Maluku 97128","Jl. Jenderal Sudirman, Hative Kecil, Tantui - Sirimau, Kota Ambon",MALUKU,97128.0,Indonesia,81511002000.0,,,-3.66989,128.1972726,https://maps.google.com/?cid=0x0:0xf2c666983c27ae62,
hardware store,hardware store,Aru Sel.,"Kabupaten Kepulauan Aru, Maluku","Kabupaten Kepulauan Aru, Maluku",MALUKU,,Indonesia,,,,-6.6833691,134.1720266,https://maps.google.com/?cid=0x0:0x1757c32c3a231e21,
hardware store,Pusat Perbelanjaan,MR.DIY,"Siwalima, Kec. Pulau-Pulau Aru, Kabupaten Kepulauan Aru, Maluku","Kabupaten Kepulauan Aru, Maluku",MALUKU,,Indonesia,,,,-5.7622629,134.2261539,https://maps.google.com/?cid=0x0:0x37ae10d352d6bd22,
hardware store,Toserba,KAIROS TOSERBA,"66R9+4XQ, Siwalima, Kec. Pulau-Pulau Aru, Kabupaten Kepulauan Aru, Maluku","Kabupaten Kepulauan Aru, Maluku",MALUKU,,Indonesia,,,,-5.7596749,134.2199992,https://maps.google.com/?cid=0x0:0x5ce641a1461fc6fb,
hardware store,Toko Mebel,AZKO Maluku City Mall,"Maluku City Mall (MCM), Jl. Sultan Hasanudin, Tantui, Kec, Kota Ambon, Maluku 97128","Jl. Sultan Hasanudin, Tantui, Kec, Kota Ambon",MALUKU,97128.0,Indonesia,85243845863.0,,,-3.6703085,128.1982929,https://maps.google.com/?cid=0x0:0x32acbca964b44d25,
hardware store,Toko Mebel,Informa Maluku City Mall,"Maluku City Mall Ground Floor - Lower Ground, Jl. Jenderal Sudirman, Hative Kecil, Tantui - Sirimau, Kota Ambon, Maluku 97128","Jl. Jenderal Sudirman, Hative Kecil, Tantui - Sirimau, Kota Ambon",MALUKU,97128.0,Indonesia,81511002000.0,,,-3.66989,128.1972726,https://maps.google.com/?cid=0x0:0xf2c666983c27ae62,
hardware store,Toko Bahan Bangunan,Central Hardware Store,"Jl. Letjen Suprapto No.3, Marga Sari, Kec. Balikpapan Bar., Kota Balikpapan, Kalimantan Timur 76131","Marga Sari, Kec. Balikpapan Bar., Kota Balikpapan",MALUKU,76131.0,Indonesia,542421550.0,,,-1.2374978,116.8271803,https://maps.google.com/?cid=0x0:0xd67c81afce697705,
hardware store,Toko Mebel,Informa Maluku City Mall,"Maluku City Mall Ground Floor - Lower Ground, Jl. Jenderal Sudirman, Hative Kecil, Tantui - Sirimau, Kota Ambon, Maluku 97128","Jl. Jenderal Sudirman, Hative Kecil, Tantui - Sirimau, Kota Ambon",MALUKU,97128.0,Indonesia,81511002000.0,,,-3.66989,128.1972726,https://maps.google.com/?cid=0x0:0xf2c666983c27ae62,
hardware store,Toko Mebel,AZKO Maluku City Mall,"Maluku City Mall (MCM), Jl. Sultan Hasanudin, Tantui, Kec, Kota Ambon, Maluku 97128","Jl. Sultan Hasanudin, Tantui, Kec, Kota Ambon",MALUKU,97128.0,Indonesia,85243845863.0,,,-3.6703085,128.1982929,https://maps.google.com/?cid=0x0:0x32acbca964b44d25,
hardware store,hardware store,Kec. Aru Utara Timur Batuley,"Kabupaten Kepulauan Aru, Maluku","Kabupaten Kepulauan Aru, Maluku",MALUKU,,Indonesia,,,,-5.7730916,134.6630541,https://maps.google.com/?cid=0x0:0x82e5f677125ddf86,
hardware store,Toko umum,Toko SHERLY,"Jalan Pasar lama .desa, Dwi Warna, Kecamatan, Kabupaten Maluku Tengah, Maluku","Kabupaten Maluku Tengah, Maluku",MALUKU,,Indonesia,81316222080.0,,,-4.5299938,129.9033663,https://maps.google.com/?cid=0x0:0x2d87e4127d898ba0,
hardware store,Kios,Kios Saharia,"FWQ4+XMQ, Tanah Rata, Kec. Banda, Kabupaten Maluku Tengah, Maluku","Kabupaten Maluku Tengah, Maluku",MALUKU,,Indonesia,,,,-4.5101907,129.9063184,https://maps.google.com/?cid=0x0:0xb243263ca8cefad2,
hardware store,hardware store,Aru Tengah Tim.,"Kabupaten Kepulauan Aru, Maluku","Kabupaten Kepulauan Aru, Maluku",MALUKU,,Indonesia,,,,-6.0878603,134.6630541,https://maps.google.com/?cid=0x0:0x39fa9da111d69f1a,
hardware store,Toko Mebel,AZKO Maluku City Mall,"Maluku City Mall (MCM), Jl. Sultan Hasanudin, Tantui, Kec, Kota Ambon, Maluku 97128","Jl. Sultan Hasanudin, Tantui, Kec, Kota Ambon",MALUKU,97128.0,Indonesia,85243845863.0,,,-3.6703085,128.1982929,https://maps.google.com/?cid=0x0:0x32acbca964b44d25,
hardware store,Toko,TOKO SINAR HARAPAN,"66RP+XW4, Galay Dubu, Kec. Pulau-Pulau Aru, Kabupaten Kepulauan Aru, Maluku","Kabupaten Kepulauan Aru, Maluku",MALUKU,,Indonesia,91721062.0,,,-5.7576203,134.2373434,https://maps.google.com/?cid=0x0:0x1611748fea8c9a5,
hardware store,Toko Mebel,Informa Maluku City Mall,"Maluku City Mall Ground Floor - Lower Ground, Jl. Jenderal Sudirman, Hative Kecil, Tantui - Sirimau, Kota Ambon, Maluku 97128","Jl. Jenderal Sudirman, Hative Kecil, Tantui - Sirimau, Kota Ambon",MALUKU,97128.0,Indonesia,81511002000.0,,,-3.66989,128.1972726,https://maps.google.com/?cid=0x0:0xf2c666983c27ae62,
hardware store,Toko Bahan Bangunan,Louisa True Value Hardware,"401 E Main St, Louisa, VA 23093, Amerika Serikat","Louisa, VA",MALUKU,23093.0,Indonesia,15409672827.0,,,38.0213299,-77.9955446,https://maps.google.com/?cid=0x0:0x1da1dba9cb94304b,
hardware store,Toko Pakan Hewan,Northwest Hardware,"401 E Main St, Louisa, VA 23093, Amerika Serikat","Louisa, VA",MALUKU,23093.0,Indonesia,15409672827.0,,,38.0213699,-77.995467,https://maps.google.com/?cid=0x0:0xdc8ccd0cb390f285,
hardware store,Toko,Toko El Shaddai,"kelurahan Galay Dubu 49, Galay Dubu, Kec. Pulau-Pulau Aru, Kabupaten Kepulauan Aru, Maluku","Kabupaten Kepulauan Aru, Maluku",MALUKU,,Indonesia,91721099.0,,,-5.7582813,134.2371286,https://maps.google.com/?cid=0x0:0xc87664586f1e45cb,
hardware store,Toko Bahan Bangunan,Central Hardware Store,"Jl. Letjen Suprapto No.3, Marga Sari, Kec. Balikpapan Bar., Kota Balikpapan, Kalimantan Timur 76131","Marga Sari, Kec. Balikpapan Bar., Kota Balikpapan",MALUKU,76131.0,Indonesia,542421550.0,,,-1.2374978,116.8271803,https://maps.google.com/?cid=0x0:0xd67c81afce697705,
hardware store,Toko Alat-Alat,Central Power. CV,"Komplek BPP Permai Blok J-2/16, JL. Jend. Sudirman, Balikpapan, Gunung Bahagia, Balikpapan Selatan, Balikpapan City, East Kalimantan 76114","JL. Jend. Sudirman, Balikpapan, Gunung Bahagia, Balikpapan Selatan, Balikpapan City",MALUKU,76114.0,Indonesia,542425221.0,,,-1.2733565,116.8606185,https://maps.google.com/?cid=0x0:0xb574deedf214a517,
hardware store,Toko Mebel,Informa Maluku City Mall,"Maluku City Mall Ground Floor - Lower Ground, Jl. Jenderal Sudirman, Hative Kecil, Tantui - Sirimau, Kota Ambon, Maluku 97128","Jl. Jenderal Sudirman, Hative Kecil, Tantui - Sirimau, Kota Ambon",MALUKU,97128.0,Indonesia,81511002000.0,,,-3.66989,128.1972726,https://maps.google.com/?cid=0x0:0xf2c666983c27ae62,
hardware store,Toko Mebel,AZKO Maluku City Mall,"Maluku City Mall (MCM), Jl. Sultan Hasanudin, Tantui, Kec, Kota Ambon, Maluku 97128","Jl. Sultan Hasanudin, Tantui, Kec, Kota Ambon",MALUKU,97128.0,Indonesia,85243845863.0,,,-3.6703085,128.1982929,https://maps.google.com/?cid=0x0:0x32acbca964b44d25,
hardware store,hardware store,Kec. Aru Sel. Tim.,"Kabupaten Kepulauan Aru, Maluku","Kabupaten Kepulauan Aru, Maluku",MALUKU,,Indonesia,,,,-6.9295488,134.1999997,https://maps.google.com/?cid=0x0:0xe3610bc46fe0c5c9,
hardware store,Toko Mebel,Informa Maluku City Mall,"Maluku City Mall Ground Floor - Lower Ground, Jl. Jenderal Sudirman, Hative Kecil, Tantui - Sirimau, Kota Ambon, Maluku 97128","Jl. Jenderal Sudirman, Hative Kecil, Tantui - Sirimau, Kota Ambon",MALUKU,97128.0,Indonesia,81511002000.0,,,-3.66989,128.1972726,https://maps.google.com/?cid=0x0:0xf2c666983c27ae62,
hardware store,Toko Mebel,AZKO Maluku City Mall,"Maluku City Mall (MCM), Jl. Sultan Hasanudin, Tantui, Kec, Kota Ambon, Maluku 97128","Jl. Sultan Hasanudin, Tantui, Kec, Kota Ambon",MALUKU,97128.0,Indonesia,85243845863.0,,,-3.6703085,128.1982929,https://maps.google.com/?cid=0x0:0x32acbca964b44d25,
hardware store,Toko Bahan Bangunan,Central Hardware Store,"Jl. Letjen Suprapto No.3, Marga Sari, Kec. Balikpapan Bar., Kota Balikpapan, Kalimantan Timur 76131","Marga Sari, Kec. Balikpapan Bar., Kota Balikpapan",MALUKU,76131.0,Indonesia,542421550.0,,,-1.2374978,116.8271803,https://maps.google.com/?cid=0x0:0xd67c81afce697705,
home improvement,Pembangunan Perumahan,AldiSerang home,"66J8+FP7, Siwalima, Kec. Pulau-Pulau Aru, Kabupaten Kepulauan Aru, Maluku","Kabupaten Kepulauan Aru, Maluku",MALUKU,,Indonesia,,,,-5.7688711,134.2168543,https://maps.google.com/?cid=0x0:0x8732a8a2ed15c552,
home improvement,Komplek perumahan,Aickel Home,"66CF+PQ, Siwalima, Kec. Pulau-Pulau Aru, Kabupaten Kepulauan Aru, Maluku","Kabupaten Kepulauan Aru, Maluku",MALUKU,,Indonesia,,,,-5.7776033,134.2235767,https://maps.google.com/?cid=0x0:0x6a7c67277faac2cc,
home improvement,home improvement,Maluku 97662,"Wahayum, Kec. Aru Utara, Kabupaten Kepulauan Aru, Maluku","Kabupaten Kepulauan Aru, Maluku",MALUKU,,Indonesia,,,,-5.4217993,134.5134044,https://maps.google.com/?cid=0x0:0xdef6a79ae1d70a3d,
home improvement,Toko Kue,Dapur Kue A  Twin's,"depan bandara Dobo, Jl. Cendrawasih, Siwalima, Kec. Pulau-Pulau Aru, Kabupaten Kepulauan Aru, Maluku 97662","Jl. Cendrawasih, Siwalima, Kec. Pulau-Pulau Aru, Kabupaten Kepulauan Aru",MALUKU,97662.0,Indonesia,82218181942.0,,,-5.7711231,134.2150333,https://maps.google.com/?cid=0x0:0x9cd4ecad5057297a,
home improvement,Toko Kue,toko senang hati dobo,"Siwalima, Kec. Pulau-Pulau Aru, Kabupaten Kepulauan Aru, Maluku 97662","Kec. Pulau-Pulau Aru, Kabupaten Kepulauan Aru",MALUKU,97662.0,Indonesia,85703242832.0,,,-5.7602133,134.2212213,https://maps.google.com/?cid=0x0:0x319c52b1c32dbfc6,
home improvement,Toko Kue,Dapur Kue A  Twin's,"depan bandara Dobo, Jl. Cendrawasih, Siwalima, Kec. Pulau-Pulau Aru, Kabupaten Kepulauan Aru, Maluku 97662","Jl. Cendrawasih, Siwalima, Kec. Pulau-Pulau Aru, Kabupaten Kepulauan Aru",MALUKU,97662.0,Indonesia,82218181942.0,,,-5.7711231,134.2150333,https://maps.google.com/?cid=0x0:0x9cd4ecad5057297a,
home improvement,home improvement,Aru Sel.,"Kabupaten Kepulauan Aru, Maluku","Kabupaten Kepulauan Aru, Maluku",MALUKU,,Indonesia,,,,-6.6833691,134.1720266,https://maps.google.com/?cid=0x0:0x1757c32c3a231e21,
home improvement,home improvement,Kec. Aru Tengah,"Kabupaten Kepulauan Aru, Maluku","Kabupaten Kepulauan Aru, Maluku",MALUKU,,Indonesia,,,,-6.2383689,134.4370606,https://maps.google.com/?cid=0x0:0xbd0c26a425f3052c,
home improvement,Pembangunan Perumahan,AldiSerang home,"66J8+FP7, Siwalima, Kec. Pulau-Pulau Aru, Kabupaten Kepulauan Aru, Maluku","Kabupaten Kepulauan Aru, Maluku",MALUKU,,Indonesia,,,,-5.7688711,134.2168543,https://maps.google.com/?cid=0x0:0x8732a8a2ed15c552,
home improvement,Perajin furnitur,Ali mebel,"4M9J+HP4, Karawai, Aru Tengah Tim., Kabupaten Kepulauan Aru, Maluku","Kabupaten Kepulauan Aru, Maluku",MALUKU,,Indonesia,,,,-5.8811167,134.6818377,https://maps.google.com/?cid=0x0:0x22763593d0a4e767,
home improvement,Toko Kue,toko senang hati dobo,"Siwalima, Kec. Pulau-Pulau Aru, Kabupaten Kepulauan Aru, Maluku 97662","Kec. Pulau-Pulau Aru, Kabupaten Kepulauan Aru",MALUKU,97662.0,Indonesia,85703242832.0,,,-5.7602133,134.2212213,https://maps.google.com/?cid=0x0:0x319c52b1c32dbfc6,
home improvement,Toko Kue,Dapur Kue A  Twin's,"depan bandara Dobo, Jl. Cendrawasih, Siwalima, Kec. Pulau-Pulau Aru, Kabupaten Kepulauan Aru, Maluku 97662","Jl. Cendrawasih, Siwalima, Kec. Pulau-Pulau Aru, Kabupaten Kepulauan Aru",MALUKU,97662.0,Indonesia,82218181942.0,,,-5.7711231,134.2150333,https://maps.google.com/?cid=0x0:0x9cd4ecad5057297a,
home improvement,home improvement,Maluku 97662,"Wahayum, Kec. Aru Utara, Kabupaten Kepulauan Aru, Maluku","Kabupaten Kepulauan Aru, Maluku",MALUKU,,Indonesia,,,,-5.4217993,134.5134044,https://maps.google.com/?cid=0x0:0xdef6a79ae1d70a3d,
home improvement,home improvement,Kec. Aru Utara Timur Batuley,"Kabupaten Kepulauan Aru, Maluku","Kabupaten Kepulauan Aru, Maluku",MALUKU,,Indonesia,,,,-5.7730916,134.6630541,https://maps.google.com/?cid=0x0:0x82e5f677125ddf86,
home improvement,Perhimpunan Pengembang Perumahan,Sina Home's,"75Q4+W9W, Jl. Dr. Malaihollo, RT.001/RW.06, kEL NUSANIWE, Kec. Nusaniwe, Kota Ambon, Maluku","Kota Ambon, Maluku",MALUKU,,Indonesia,,,,-3.7101406,128.1559628,https://maps.google.com/?cid=0x0:0x400d268684defaa7,
home improvement,Perhimpunan Pengembang Perumahan,Willy Sinays Home,"75QC+R53, Jl. DR. Kayadoe, Kel Kudamati, Kec. Nusaniwe, Kota Ambon, Maluku","Kota Ambon, Maluku",MALUKU,,Indonesia,,,,-3.7104884,128.1704105,https://maps.google.com/?cid=0x0:0x961108e061936b40,
home improvement,Toko Mebel,Mebeler Djermor,"66QG+GGP, Siwalima, Kec. Pulau-Pulau Aru, Kabupaten Kepulauan Aru, Maluku","Kabupaten Kepulauan Aru, Maluku",MALUKU,,Indonesia,82248275601.0,,,-5.7611525,134.2263173,https://maps.google.com/?cid=0x0:0xb69051b9193e824b,
home improvement,Perajin furnitur,Ali mebel,"4M9J+HP4, Karawai, Aru Tengah Tim., Kabupaten Kepulauan Aru, Maluku","Kabupaten Kepulauan Aru, Maluku",MALUKU,,Indonesia,,,,-5.8811167,134.6818377,https://maps.google.com/?cid=0x0:0x22763593d0a4e767,
home improvement,home improvement,Aru Tengah Tim.,"Kabupaten Kepulauan Aru, Maluku","Kabupaten Kepulauan Aru, Maluku",MALUKU,,Indonesia,,,,-6.0878603,134.6630541,https://maps.google.com/?cid=0x0:0x39fa9da111d69f1a,
home improvement,Pembangunan Perumahan,AldiSerang home,"66J8+FP7, Siwalima, Kec. Pulau-Pulau Aru, Kabupaten Kepulauan Aru, Maluku","Kabupaten Kepulauan Aru, Maluku",MALUKU,,Indonesia,,,,-5.7688711,134.2168543,https://maps.google.com/?cid=0x0:0x8732a8a2ed15c552,
home improvement,home improvement,Kec. Aru Tengah Sel.,"Kabupaten Kepulauan Aru, Maluku","Kabupaten Kepulauan Aru, Maluku",MALUKU,,Indonesia,,,,-6.306355,134.9014926,https://maps.google.com/?cid=0x0:0x16e9854ea8507897,
home improvement,Perajin furnitur,Ali mebel,"4M9J+HP4, Karawai, Aru Tengah Tim., Kabupaten Kepulauan Aru, Maluku","Kabupaten Kepulauan Aru, Maluku",MALUKU,,Indonesia,,,,-5.8811167,134.6818377,https://maps.google.com/?cid=0x0:0x22763593d0a4e767,
home improvement,,HOME,"66QG+3XX, Siwalima, Kec. Pulau-Pulau Aru, Kabupaten Kepulauan Aru, Maluku","Kabupaten Kepulauan Aru, Maluku",MALUKU,,Indonesia,,,,-5.762473,134.227763,https://maps.google.com/?cid=0x0:0xe37916bf4b0e3d83,
home improvement,Pembangunan Perumahan,AldiSerang home,"66J8+FP7, Siwalima, Kec. Pulau-Pulau Aru, Kabupaten Kepulauan Aru, Maluku","Kabupaten Kepulauan Aru, Maluku",MALUKU,,Indonesia,,,,-5.7688711,134.2168543,https://maps.google.com/?cid=0x0:0x8732a8a2ed15c552,
home improvement,Komplek perumahan,Aickel Home,"66CF+PQ, Siwalima, Kec. Pulau-Pulau Aru, Kabupaten Kepulauan Aru, Maluku","Kabupaten Kepulauan Aru, Maluku",MALUKU,,Indonesia,,,,-5.7776033,134.2235767,https://maps.google.com/?cid=0x0:0x6a7c67277faac2cc,
home improvement,Toko Kue,toko senang hati dobo,"Siwalima, Kec. Pulau-Pulau Aru, Kabupaten Kepulauan Aru, Maluku 97662","Kec. Pulau-Pulau Aru, Kabupaten Kepulauan Aru",MALUKU,97662.0,Indonesia,85703242832.0,,,-5.7602133,134.2212213,https://maps.google.com/?cid=0x0:0x319c52b1c32dbfc6,
home improvement,home improvement,Kec. Aru Sel. Tim.,"Kabupaten Kepulauan Aru, Maluku","Kabupaten Kepulauan Aru, Maluku",MALUKU,,Indonesia,,,,-6.9295488,134.1999997,https://maps.google.com/?cid=0x0:0xe3610bc46fe0c5c9,
home improvement,home improvement,Aru Sel. Utara,"Kabupaten Kepulauan Aru, Maluku","Kabupaten Kepulauan Aru, Maluku",MALUKU,,Indonesia,,,,-6.3176181,134.1364572,https://maps.google.com/?cid=0x0:0x13cf15b3cd64f30f,
home improvement,,HOME,"66QG+3XX, Siwalima, Kec. Pulau-Pulau Aru, Kabupaten Kepulauan Aru, Maluku","Kabupaten Kepulauan Aru, Maluku",MALUKU,,Indonesia,,,,-5.762473,134.227763,https://maps.google.com/?cid=0x0:0xe37916bf4b0e3d83,
home improvement,Area Mendaki,,"66RF+8Q2, Siwalima, Kec. Pulau-Pulau Aru, Kabupaten Kepulauan Aru, Maluku","Kabupaten Kepulauan Aru, Maluku",MALUKU,,Indonesia,,,,-5.7593232,134.2251231,https://maps.google.com/?cid=0x0:0xb7f67e9a29cd0639,
home improvement,Toko Kue,toko senang hati dobo,"Siwalima, Kec. Pulau-Pulau Aru, Kabupaten Kepulauan Aru, Maluku 97662","Kec. Pulau-Pulau Aru, Kabupaten Kepulauan Aru",MALUKU,97662.0,Indonesia,85703242832.0,,,-5.7602133,134.2212213,https://maps.google.com/?cid=0x0:0x319c52b1c32dbfc6,
