Category,Real Category,Business Name,Address,City,State,Postal Code,Country,Phone,Email,Website,Latitude,Longitude,Map Link,Details Link
mall,mall,Bali 80611,"Kabupaten Bangli, Bali","Kabupaten Bangli, Bali",BALI,,Indonesia,,,,-8.4047261,115.3696844,https://maps.google.com/?cid=0x0:0x1c00c5eb6016bf10,
mall,Pusat Perbelanjaan,Kembang Bali (I Wayan Sujana),"H9V7+C44, Jl. Veteran, Kayubihi, Kec. Bangli, Kabupaten Bangli, Bali 80661","Jl. Veteran, Kayubihi, Kec. Bangli, Kabupaten Bangli",BALI,80661.0,Indonesia,82341832399.0,,,-8.4064927,115.3628328,https://maps.google.com/?cid=0x0:0xd752bb1114e2ef6c,
mall,Pusat Perbelanjaan,MAKELAR MUDA,"H9V7+776, Kayubihi, Kec. Bangli, Kabupaten Bangli, Bali 80661","Kayubihi, Kec. Bangli, Kabupaten Bangli",BALI,80661.0,Indonesia,,,,-8.4068272,115.3631378,https://maps.google.com/?cid=0x0:0x5a33b95c1413c471,
mall,Pusat Perbelanjaan,Bali Raya Company,"M9W5+3QH, Pengotan, Kec. Bangli, Kabupaten Bangli, Bali 80614","Pengotan, Kec. Bangli, Kabupaten Bangli",BALI,80614.0,Indonesia,,,,-8.304803,115.3594772,https://maps.google.com/?cid=0x0:0x53ac71ddda9e8bcc,
mall,Pusat Perbelanjaan,Srinadi,"R73X+954, Dausa, Kec. Kintamani, Kabupaten Bangli, Bali 80652","Dausa, Kec. Kintamani, Kabupaten Bangli",BALI,80652.0,Indonesia,82340764884.0,,,-8.1966101,115.2979564,https://maps.google.com/?cid=0x0:0xf046213383683731,
mall,Toko Pakan Hewan,Toko Puspa Sari,"Jl. Nusantara, Kayubihi, Kec. Bangli, Kabupaten Bangli, Bali 80611","Kayubihi, Kec. Bangli, Kabupaten Bangli",BALI,80611.0,Indonesia,85739014620.0,,,-8.3882077,115.3652809,https://maps.google.com/?cid=0x0:0x298836f4b0ae8dba,
mall,Toko,Banglimesari_,"Jl. Merdeka No.42, Kawan, Kec. Bangli, Kabupaten Bangli, Bali 80614","Kawan, Kec. Bangli, Kabupaten Bangli",BALI,80614.0,Indonesia,85738835621.0,,,-8.4560333,115.356147,https://maps.google.com/?cid=0x0:0x302219372a3dca6a,
mall,Toko,Jual Beli Uang Kuno Bali,"Jl. Klolongan ( Utara SMKN 4 Bangli Ke Timur, Masuk Jalan Stapak Hutan Bambu, Rumah Tengah, Kubu, Kec. Tembuku, Kabupaten Bangli, Bali 80611","Masuk Jalan Stapak Hutan Bambu, Rumah Tengah, Kubu, Kec. Tembuku, Kabupaten Bangli",BALI,80611.0,Indonesia,85737429740.0,,,-8.4180854,115.3670243,https://maps.google.com/?cid=0x0:0x448a63bb723047e,
mall,mall,Bali 80612,"Kabupaten Bangli, Bali","Kabupaten Bangli, Bali",BALI,,Indonesia,,,,-8.4198291,115.3696844,https://maps.google.com/?cid=0x0:0x1c00c5eb6016bf20,
mall,Pusat Perbelanjaan,Kembang Bali (I Wayan Sujana),"H9V7+C44, Jl. Veteran, Kayubihi, Kec. Bangli, Kabupaten Bangli, Bali 80661","Jl. Veteran, Kayubihi, Kec. Bangli, Kabupaten Bangli",BALI,80661.0,Indonesia,82341832399.0,,,-8.4064927,115.3628328,https://maps.google.com/?cid=0x0:0xd752bb1114e2ef6c,
mall,Restoran,Warung Asti,"Jl. Nusantara No.208, Kubu, Kec. Bangli, Kabupaten Bangli, Bali 80612","Kubu, Kec. Bangli, Kabupaten Bangli",BALI,80612.0,Indonesia,,,,-8.4245499,115.3646282,https://maps.google.com/?cid=0x0:0x9d4a238a3cdbf043,
mall,Pusat Perbelanjaan,MAKELAR MUDA,"H9V7+776, Kayubihi, Kec. Bangli, Kabupaten Bangli, Bali 80661","Kayubihi, Kec. Bangli, Kabupaten Bangli",BALI,80661.0,Indonesia,,,,-8.4068272,115.3631378,https://maps.google.com/?cid=0x0:0x5a33b95c1413c471,
mall,Tujuan Wisata,Desa Wisata Penglipuran,"Jl. Penglipuran, Kubu, Kec. Bangli, Kabupaten Bangli, Bali 80611","Kubu, Kec. Bangli, Kabupaten Bangli",BALI,80611.0,Indonesia,82144543439.0,,,-8.4225039,115.3597531,https://maps.google.com/?cid=0x0:0x3319169adf0c3419,
mall,Toko Kerajinan Tangan,Pak Wayan Gedot Sanggah,"H99F+RJH, Jehem, Kec. Tembuku, Kabupaten Bangli, Bali 80613","Jehem, Kec. Tembuku, Kabupaten Bangli",BALI,80613.0,Indonesia,81338511516.0,,,-8.4304496,115.3740946,https://maps.google.com/?cid=0x0:0x7a7150e6c273bdfe,
mall,Toko,Banglimesari_,"Jl. Merdeka No.42, Kawan, Kec. Bangli, Kabupaten Bangli, Bali 80614","Kawan, Kec. Bangli, Kabupaten Bangli",BALI,80614.0,Indonesia,85738835621.0,,,-8.4560333,115.356147,https://maps.google.com/?cid=0x0:0x302219372a3dca6a,
mall,Pusat Perbelanjaan,Srinadi,"R73X+954, Dausa, Kec. Kintamani, Kabupaten Bangli, Bali 80652","Dausa, Kec. Kintamani, Kabupaten Bangli",BALI,80652.0,Indonesia,82340764884.0,,,-8.1966101,115.2979564,https://maps.google.com/?cid=0x0:0xf046213383683731,
mall,Tujuan Wisata,Penglipuran 25( Homestay /sewa pakian adat),"H9H5+8MQ, Kubu, Kec. Bangli, Kabupaten Bangli, Bali 80661","Kubu, Kec. Bangli, Kabupaten Bangli",BALI,80661.0,Indonesia,85183085870.0,,,-8.4216372,115.3591351,https://maps.google.com/?cid=0x0:0x770b3056d5aab90a,
mall,Toko Kosmetik,Toko Indira Bangli,"G9V4+V52, Jl. Serma Meranggi, Kawan, Kec. Bangli, Kabupaten Bangli, Bali 80614","Jl. Serma Meranggi, Kawan, Kec. Bangli, Kabupaten Bangli",BALI,80614.0,Indonesia,81337071885.0,,,-8.4553567,115.3553949,https://maps.google.com/?cid=0x0:0xa0acff0b27ecd6d6,
mall,Pusat Perbelanjaan,Mal Bali Galeria,"Jl. Bypass Ngurah Rai, Kuta, Kec. Kuta, Kabupaten Badung, Bali 80361","Kuta, Kec. Kuta, Kabupaten Badung",BALI,80361.0,Indonesia,361755277.0,,,-8.7232236,115.1843392,https://maps.google.com/?cid=0x0:0x165e0786352e0779,
mall,Toko,Jual Beli Uang Kuno Bali,"Jl. Klolongan ( Utara SMKN 4 Bangli Ke Timur, Masuk Jalan Stapak Hutan Bambu, Rumah Tengah, Kubu, Kec. Tembuku, Kabupaten Bangli, Bali 80611","Masuk Jalan Stapak Hutan Bambu, Rumah Tengah, Kubu, Kec. Tembuku, Kabupaten Bangli",BALI,80611.0,Indonesia,85737429740.0,,,-8.4180854,115.3670243,https://maps.google.com/?cid=0x0:0x448a63bb723047e,
mall,Pasar,Pasar Kidul Bangli,"Jl. Merdeka No.58, Kawan, Kec. Bangli, Kabupaten Bangli, Bali 80614","Kawan, Kec. Bangli, Kabupaten Bangli",BALI,80614.0,Indonesia,,,,-8.4553333,115.356461,https://maps.google.com/?cid=0x0:0x7ac7b39d4989e4b1,
mall,mall,Bali 80613,"Kec. Bangli, Kabupaten Bangli, Bali","Kabupaten Bangli, Bali",BALI,,Indonesia,,,,-8.4399718,115.3696844,https://maps.google.com/?cid=0x0:0x1c00c5eb6016bf30,
mall,Pasar,Pasar Bale Agung,"H944+3FJ, ,Cempag,,, Jl. Nusantara, Cempaga, Kec. Bangli, Kabupaten Bangli, Bali 80613",",Cempag,,, Jl. Nusantara, Cempaga, Kec. Bangli, Kabupaten Bangli",BALI,80613.0,Indonesia,,,,-8.4447896,115.3561302,https://maps.google.com/?cid=0x0:0x78cf99f36b480e0b,
mall,Pusat Perbelanjaan,ip_storebali,"Jl. Nusantara No.164-156, Kubu, Kec. Bangli, Kabupaten Bangli, Bali 80613","Kubu, Kec. Bangli, Kabupaten Bangli",BALI,80613.0,Indonesia,81615919894.0,,,-8.4312447,115.3631713,https://maps.google.com/?cid=0x0:0x30448ae112fe4216,
mall,,Surya Dewata,"H93G+P38, Jl. Erlangga, Jehem, Kec. Tembuku, Kabupaten Bangli, Bali 80613","Jl. Erlangga, Jehem, Kec. Tembuku, Kabupaten Bangli",BALI,80613.0,Indonesia,85238839899.0,,,-8.4457083,115.375204,https://maps.google.com/?cid=0x0:0xd6baff39b5261b21,
mall,Pusat Perbelanjaan,SARIN PELINGGIH BANGLI,"H93F+4H6, Jl. Erlangga, Cempaga, Kec. Bangli, Kabupaten Bangli, Bali 80613","Jl. Erlangga, Cempaga, Kec. Bangli, Kabupaten Bangli",BALI,80613.0,Indonesia,81338023616.0,,,-8.4472198,115.3738954,https://maps.google.com/?cid=0x0:0x6427a884e54e51dc,
mall,Toko,UD BAGUS,"G8WV+89G, Demulih, Kec. Susut, Kabupaten Bangli, Bali 80661","Demulih, Kec. Susut, Kabupaten Bangli",BALI,80661.0,Indonesia,,,,-8.4541863,115.3434678,https://maps.google.com/?cid=0x0:0xf6f69b9aafd4420d,
mall,Restoran,Warung Asti,"Jl. Nusantara No.208, Kubu, Kec. Bangli, Kabupaten Bangli, Bali 80612","Kubu, Kec. Bangli, Kabupaten Bangli",BALI,80612.0,Indonesia,,,,-8.4245499,115.3646282,https://maps.google.com/?cid=0x0:0x9d4a238a3cdbf043,
mall,Pusat Perbelanjaan,HOKI BONSAI BALI,"H92G+GCJ, Jehem, Kec. Tembuku, Kabupaten Bangli, Bali 80613","Jehem, Kec. Tembuku, Kabupaten Bangli",BALI,80613.0,Indonesia,,,,-8.4486638,115.3760133,https://maps.google.com/?cid=0x0:0xdab1f0da8b1b1d2c,
mall,Pusat Perbelanjaan,Sari Mulia Mandiri,"Br.Tanggahan Peken, Sulahan, Kec. Susut, Kabupaten Bangli, Bali 80661","Sulahan, Kec. Susut, Kabupaten Bangli",BALI,80661.0,Indonesia,85338227076.0,,,-8.4297615,115.3455165,https://maps.google.com/?cid=0x0:0x45b5720335fa8e9b,
mall,Toko Kerajinan Tangan,PUTRA JEHEM UKIR,"H92F+XHV, Jl. Erlangga, Cempaga, Kec. Bangli, Kabupaten Bangli, Bali 80613","Jl. Erlangga, Cempaga, Kec. Bangli, Kabupaten Bangli",BALI,80613.0,Indonesia,81237778133.0,,,-8.4475181,115.373911,https://maps.google.com/?cid=0x0:0x6e3f56988994dfd,
mall,Toko,Warung Buk Desak Niang,"H93C+9QG, Jl. Taman Sari, Kubu, Kec. Bangli, Kabupaten Bangli, Bali 80613","Jl. Taman Sari, Kubu, Kec. Bangli, Kabupaten Bangli",BALI,80613.0,Indonesia,,,,-8.4466591,115.3721258,https://maps.google.com/?cid=0x0:0xf1634622fe90478f,
mall,Pusat Perbelanjaan,PELINGGIH BANGLI,"Jl. Erlangga sidembunut, Cempaga, Kec. Bangli, Kabupaten Bangli, Bali 80611","Cempaga, Kec. Bangli, Kabupaten Bangli",BALI,80611.0,Indonesia,82339788217.0,,,-8.4471202,115.3739164,https://maps.google.com/?cid=0x0:0xfb94d15ae2bc6c82,
mall,Toko,Bettafish,"Jl. Kapten Anom Jl. Kapten Mudita No.09A, Cempaga, Kec. Bangli, Kabupaten Bangli, Bali 80614","Cempaga, Kec. Bangli, Kabupaten Bangli",BALI,80614.0,Indonesia,81338294270.0,,,-8.4508427,115.3583894,https://maps.google.com/?cid=0x0:0x186442c2fac1db39,
mall,Toko Kerajinan Tangan,Pak Wayan Gedot Sanggah,"H99F+RJH, Jehem, Kec. Tembuku, Kabupaten Bangli, Bali 80613","Jehem, Kec. Tembuku, Kabupaten Bangli",BALI,80613.0,Indonesia,81338511516.0,,,-8.4304496,115.3740946,https://maps.google.com/?cid=0x0:0x7a7150e6c273bdfe,
mall,Toko Pakaian,Demonic Store,"H94G+WFX, Jehem, Kec. Tembuku, Kabupaten Bangli, Bali 80671","Jehem, Kec. Tembuku, Kabupaten Bangli",BALI,80671.0,Indonesia,85858791096.0,,,-8.442628,115.3762445,https://maps.google.com/?cid=0x0:0xc84c3af62a0ec57a,
mall,Toko Perlengkapan Kesenian,EkaWindchime,"H975+8GF, Jl. Nusantara, Kubu, Kec. Bangli, Kabupaten Bangli, Bali 80613","Jl. Nusantara, Kubu, Kec. Bangli, Kabupaten Bangli",BALI,80613.0,Indonesia,81353425625.0,,,-8.4366839,115.3587841,https://maps.google.com/?cid=0x0:0xd26dc04a1c537f0f,
mall,Toko,Banglimesari_,"Jl. Merdeka No.42, Kawan, Kec. Bangli, Kabupaten Bangli, Bali 80614","Kawan, Kec. Bangli, Kabupaten Bangli",BALI,80614.0,Indonesia,85738835621.0,,,-8.4560333,115.356147,https://maps.google.com/?cid=0x0:0x302219372a3dca6a,
mall,Toko,krisna Shop Bangli,"G85X+VQP, Jl. Dr.Ir. Soekarno, Taman Bali, Kec. Bangli, Kabupaten Bangli, Bali 80614","Jl. Dr.Ir. Soekarno, Taman Bali, Kec. Bangli, Kabupaten Bangli",BALI,80614.0,Indonesia,,,,-8.4902978,115.3494545,https://maps.google.com/?cid=0x0:0x6c0902b20cd301b3,
mall,Toko bahan makanan,Ud guna sari,"Jl. Erlangga, Jehem, Kec. Tembuku, Kabupaten Bangli, Bali 80671","Jehem, Kec. Tembuku, Kabupaten Bangli",BALI,80671.0,Indonesia,85237660786.0,,,-8.4449137,115.3784015,https://maps.google.com/?cid=0x0:0xf1a87dc5b6f9e4eb,
mall,Pusat Perbelanjaan,Arya Bambu,"Jl. Kesumayudha No.79, Sulahan, Kec. Susut, Kabupaten Bangli, Bali 80661","Sulahan, Kec. Susut, Kabupaten Bangli",BALI,80661.0,Indonesia,85237417273.0,,,-8.4233544,115.3475541,https://maps.google.com/?cid=0x0:0xba84bc6a83e11d3c,
mall,Toko Pakaian,ssolshop_bangli,"Jl. Kesumayudha No.8, Susut, Kec. Susut, Kabupaten Bangli, Bali 80661","Susut, Kec. Susut, Kabupaten Bangli",BALI,80661.0,Indonesia,83117515180.0,,,-8.4469817,115.3440051,https://maps.google.com/?cid=0x0:0x5611f90fa6d6dff5,
mall,Toko Makanan Sehat,tempat nongki para suki,"G9X5+Q9X, Jl. Kapten Mudita, Cempaga, Kec. Bangli, Kabupaten Bangli, Bali 80614","Jl. Kapten Mudita, Cempaga, Kec. Bangli, Kabupaten Bangli",BALI,80614.0,Indonesia,,,,-8.4504988,115.3584892,https://maps.google.com/?cid=0x0:0x150527a58fb1748b,
mall,Pusat Perbelanjaan,Warung Bu unyil,"H96G+GCJ, Unnamed Road, Jehem, Kec. Tembuku, Kabupaten Bangli, Bali 80671","Unnamed Road, Jehem, Kec. Tembuku, Kabupaten Bangli",BALI,80671.0,Indonesia,,,,-8.4386662,115.3760171,https://maps.google.com/?cid=0x0:0x70d00cd45983f979,
mall,mall,Bangli,"Kawan, Kec. Bangli, Kabupaten Bangli, Bali","Kabupaten Bangli, Bali",BALI,,Indonesia,,,,-8.454303,115.354897,https://maps.google.com/?cid=0x0:0x4030bfbca7d2c10,
mall,Toko,krisna Shop Bangli,"G85X+VQP, Jl. Dr.Ir. Soekarno, Taman Bali, Kec. Bangli, Kabupaten Bangli, Bali 80614","Jl. Dr.Ir. Soekarno, Taman Bali, Kec. Bangli, Kabupaten Bangli",BALI,80614.0,Indonesia,,,,-8.4902978,115.3494545,https://maps.google.com/?cid=0x0:0x6c0902b20cd301b3,
mall,Toko,Banglimesari_,"Jl. Merdeka No.42, Kawan, Kec. Bangli, Kabupaten Bangli, Bali 80614","Kawan, Kec. Bangli, Kabupaten Bangli",BALI,80614.0,Indonesia,85738835621.0,,,-8.4560333,115.356147,https://maps.google.com/?cid=0x0:0x302219372a3dca6a,
mall,Pusat Perbelanjaan,Bali Raya Company,"M9W5+3QH, Pengotan, Kec. Bangli, Kabupaten Bangli, Bali 80614","Pengotan, Kec. Bangli, Kabupaten Bangli",BALI,80614.0,Indonesia,,,,-8.304803,115.3594772,https://maps.google.com/?cid=0x0:0x53ac71ddda9e8bcc,
mall,Pusat Perbelanjaan,Ryanatmaja,"G82X+8CJ, Unnamed Road, Taman Bali, Kec. Bangli, Kabupaten Bangli, Bali 80614","Unnamed Road, Taman Bali, Kec. Bangli, Kabupaten Bangli",BALI,80614.0,Indonesia,81803131496.0,,,-8.49917,115.348531,https://maps.google.com/?cid=0x0:0x5d32066948c6aa13,
mall,Pusat Perbelanjaan,ip_storebali,"Jl. Nusantara No.164-156, Kubu, Kec. Bangli, Kabupaten Bangli, Bali 80613","Kubu, Kec. Bangli, Kabupaten Bangli",BALI,80613.0,Indonesia,81615919894.0,,,-8.4312447,115.3631713,https://maps.google.com/?cid=0x0:0x30448ae112fe4216,
mall,Taman Kota,Alun Alun Kota Bangli,"Jl. Brigjen Ngurah Rai, Kawan, Kec. Bangli, Kabupaten Bangli, Bali 80614","Kawan, Kec. Bangli, Kabupaten Bangli",BALI,80614.0,Indonesia,,,,-8.4613323,115.3528661,https://maps.google.com/?cid=0x0:0x2d2fb56f452c4ab3,
mall,Pusat Perbelanjaan,RK Tower,"G9F3+CWF, Bebalang, Kec. Bangli, Kabupaten Bangli, Bali 80614","Bebalang, Kec. Bangli, Kabupaten Bangli",BALI,80614.0,Indonesia,,,,-8.4764329,115.3547911,https://maps.google.com/?cid=0x0:0x435d1e34612ece43,
mall,mall,.,"Jl. Nusantara No.30, Cempaga, Kec. Bangli, Kabupaten Bangli, Bali 80614","Cempaga, Kec. Bangli, Kabupaten Bangli",BALI,80614.0,Indonesia,,,,-8.4505891,115.3565543,https://maps.google.com/?cid=0x0:0x7adf2c09d4f4b062,
mall,Toko Pakaian,ssolshop_bangli,"Jl. Kesumayudha No.8, Susut, Kec. Susut, Kabupaten Bangli, Bali 80661","Susut, Kec. Susut, Kabupaten Bangli",BALI,80661.0,Indonesia,83117515180.0,,,-8.4469817,115.3440051,https://maps.google.com/?cid=0x0:0x5611f90fa6d6dff5,
mall,Pusat Perbelanjaan,RANDY SEJAHTERA,"G9P3+6R4, Jl. Merdeka, Kawan, Kec. Bangli, Kabupaten Bangli, Bali 80614","Jl. Merdeka, Kawan, Kec. Bangli, Kabupaten Bangli",BALI,80614.0,Indonesia,8563832329.0,,,-8.4644836,115.3545779,https://maps.google.com/?cid=0x0:0x3646096cf17cb33e,
mall,Pusat Perbelanjaan,Toko cahyadeva,"Jl. Lettu Lila No.4, Kawan, Kec. Bangli, Kabupaten Bangli, Bali 80614","Kawan, Kec. Bangli, Kabupaten Bangli",BALI,80614.0,Indonesia,81999485832.0,,,-8.4626957,115.3541438,https://maps.google.com/?cid=0x0:0xe2f9e30a28e523c8,
mall,Pusat Perbelanjaan,Prasita Shop,"G9M2+CWP, Jl. Tirta Geduh, Bebalang, Kec. Bangli, Kabupaten Bangli, Bali 80614","Jl. Tirta Geduh, Bebalang, Kec. Bangli, Kabupaten Bangli",BALI,80614.0,Indonesia,82237798298.0,,,-8.4664196,115.3523311,https://maps.google.com/?cid=0x0:0x6a59f1a8093076d2,
mall,Toko Kosmetik,Toko Indira Bangli,"G9V4+V52, Jl. Serma Meranggi, Kawan, Kec. Bangli, Kabupaten Bangli, Bali 80614","Jl. Serma Meranggi, Kawan, Kec. Bangli, Kabupaten Bangli",BALI,80614.0,Indonesia,81337071885.0,,,-8.4553567,115.3553949,https://maps.google.com/?cid=0x0:0xa0acff0b27ecd6d6,
mall,Pusat Perbelanjaan,JESSE14STORE,"G9C2+3H3, Jl. Merdeka, Bebalang, Kec. Bangli, Kabupaten Bangli, Bali 80614","Jl. Merdeka, Bebalang, Kec. Bangli, Kabupaten Bangli",BALI,80614.0,Indonesia,895339162591.0,,,-8.4798674,115.3514211,https://maps.google.com/?cid=0x0:0xe24a845fc7af1a70,
mall,Restoran,UUMA ( eatery  playground ),"Jl. Tirta Mumbul, Bebalang, Kec. Bangli, Kabupaten Bangli, Bali 80614","Bebalang, Kec. Bangli, Kabupaten Bangli",BALI,80614.0,Indonesia,82340778768.0,,,-8.4681362,115.3465158,https://maps.google.com/?cid=0x0:0x2d44a1bf1e29542c,
mall,Toko Pakaian,Made cenik,"H924+9GF, Cempaga, Kec. Bangli, Kabupaten Bangli, Bali 80614","Cempaga, Kec. Bangli, Kabupaten Bangli",BALI,80614.0,Indonesia,,,,-8.4490712,115.3563008,https://maps.google.com/?cid=0x0:0x5fa42ca0b02cdaa1,
mall,Pusat Perbelanjaan,Srinadi,"R73X+954, Dausa, Kec. Kintamani, Kabupaten Bangli, Bali 80652","Dausa, Kec. Kintamani, Kabupaten Bangli",BALI,80652.0,Indonesia,82340764884.0,,,-8.1966101,115.2979564,https://maps.google.com/?cid=0x0:0xf046213383683731,
mall,Kantor SAMSAT,Mal Pelayanan Publik (MPP) Kabupaten Bangli,"Jl. Brigjen Ngurah Rai No.2A, Kawan, Kec. Bangli, Kabupaten Bangli, Bali 80614","Kawan, Kec. Bangli, Kabupaten Bangli",BALI,80614.0,Indonesia,81338579406.0,,,-8.4541671,115.3531289,https://maps.google.com/?cid=0x0:0x2c48ce091678751a,
mall,mall,Bali 80652,"Kec. Kintamani, Kabupaten Bangli, Bali","Kabupaten Bangli, Bali",BALI,,Indonesia,,,,-8.2172149,115.3548713,https://maps.google.com/?cid=0x0:0x1c00c5eb6016bf60,
mall,Pasar,Pasar Seni Geopark Batur,"P997+376, Batur Tengah, Kec. Kintamani, Kabupaten Bangli, Bali 80652","Batur Tengah, Kec. Kintamani, Kabupaten Bangli",BALI,80652.0,Indonesia,,,,-8.2823341,115.3631525,https://maps.google.com/?cid=0x0:0x83c692af5b8eabee,
mall,Toko bahan makanan,DND Mart,"P97Q+QM8, Jl. Trunyan, Kedisan, Kec. Kintamani, Kabupaten Bangli, Bali 80652","Jl. Trunyan, Kedisan, Kec. Kintamani, Kabupaten Bangli",BALI,80652.0,Indonesia,83114221083.0,,,-8.2855913,115.3892058,https://maps.google.com/?cid=0x0:0x1a4f6eb06180b535,
mall,Toko,Cemerlang,"Jl. Gn. Batur, Satra, Kec. Kintamani, Kabupaten Bangli, Bali 80652","Satra, Kec. Kintamani, Kabupaten Bangli",BALI,80652.0,Indonesia,88219191133.0,,,-8.1745317,115.2594367,https://maps.google.com/?cid=0x0:0x4ba3382ca37c065a,
mall,Toko Swalayan,Toko Maruti Grosir,"Q83H+W8C, Unnamed Road, Kintamani, Kec. Kintamani, Kabupaten Bangli, Bali 80652","Unnamed Road, Kintamani, Kec. Kintamani, Kabupaten Bangli",BALI,80652.0,Indonesia,,,,-8.2451924,115.3282744,https://maps.google.com/?cid=0x0:0xda20b5d1b6fc3d91,
mall,Toko Obat,Bina Tani Kintamani,"M9X3+7VG, Sekardadi, Kec. Kintamani, Kabupaten Bangli, Bali 80652","Sekardadi, Kec. Kintamani, Kabupaten Bangli",BALI,80652.0,Indonesia,,,,-8.3018134,115.354707,https://maps.google.com/?cid=0x0:0xa71a8fd558363aa2,
mall,Pusat Perbelanjaan,U. D BELONG SARI TEGEL,"R76M+6P5, Jalan Satra, Dausa, Kintamani, Bangli Regency, Bali 80652","Jalan Satra, Dausa, Kintamani, Bangli Regency",BALI,80652.0,Indonesia,81547446912.0,,,-8.1894878,115.2843598,https://maps.google.com/?cid=0x0:0xee0530ced1fdcd5d,
mall,Pusat Perbelanjaan,Toko 2R,"Jl. Raya Kintamani, Batur Utara, Kec. Kintamani, Kabupaten Bangli, Bali 80652","Batur Utara, Kec. Kintamani, Kabupaten Bangli",BALI,80652.0,Indonesia,87860117017.0,,,-8.2518672,115.3307937,https://maps.google.com/?cid=0x0:0xe4d67c480720f26f,
mall,Pusat Perbelanjaan,Toserba Anggi Jaya,"Jl. Raya Kintamani, Batur Sel., Kec. Kintamani, Kabupaten Bangli, Bali 80652","Batur Sel., Kec. Kintamani, Kabupaten Bangli",BALI,80652.0,Indonesia,87863213823.0,,,-8.2540048,115.3345811,https://maps.google.com/?cid=0x0:0xc5b19307ec814ca4,
mall,Pusat Perbelanjaan,Srinadi,"R73X+954, Dausa, Kec. Kintamani, Kabupaten Bangli, Bali 80652","Dausa, Kec. Kintamani, Kabupaten Bangli",BALI,80652.0,Indonesia,82340764884.0,,,-8.1966101,115.2979564,https://maps.google.com/?cid=0x0:0xf046213383683731,
mall,Pusat Perbelanjaan,Wahana Tegel,"R74H+JMC, Jl. Gn. Batur, Satra, Kec. Kintamani, Kabupaten Bangli, Bali 80652","Jl. Gn. Batur, Satra, Kec. Kintamani, Kabupaten Bangli",BALI,80652.0,Indonesia,87860407745.0,,,-8.1934271,115.2791363,https://maps.google.com/?cid=0x0:0x460ec88a9111d464,
mall,Pusat Perbelanjaan,Dreamcatch_office,"Q8V5+XWF, Jalan Raya, Bantang, Kintamani, Bangli Regency, Bali 80652","Jalan Raya, Bantang, Kintamani, Bangli Regency",BALI,80652.0,Indonesia,87761186252.0,,,-8.2050508,115.3098033,https://maps.google.com/?cid=0x0:0x3ed17cae8bcff55d,
mall,Pusat Perbelanjaan,Tunas Mart,"QCH8+WMR, Jl. Jero Kemulan Luhur, Songan B, Kec. Kintamani, Kabupaten Bangli, Bali","Kabupaten Bangli, Bali",BALI,,Indonesia,87762522051.0,,,-8.2201315,115.4166447,https://maps.google.com/?cid=0x0:0x8a62695522b66885,
mall,Kedai Kopi,Montana Del Cafe,"P8MR+48V, Jl. Raya Penelokan No.889, Batur Sel., Kec. Kintamani, Kabupaten Bangli, Bali 80652","Jl. Raya Penelokan No.889, Batur Sel., Kec. Kintamani, Kabupaten Bangli",BALI,80652.0,Indonesia,81237236716.0,,,-8.2680071,115.3424449,https://maps.google.com/?cid=0x0:0xe93399784bf10228,
mall,Pusat Perbelanjaan,Sri Buah Dewi,"P956+J33, Batur Tengah, Kec. Kintamani, Kabupaten Bangli, Bali 80652","Batur Tengah, Kec. Kintamani, Kabupaten Bangli",BALI,80652.0,Indonesia,83119114518.0,,,-8.2909975,115.360182,https://maps.google.com/?cid=0x0:0xd958d507fc3c53ec,
mall,Pusat Perbelanjaan,Sitha Cell,"QCF5+PPR, Jalan Banjar, Songan A, Kec. Kintamani, Kabupaten Bangli, Bali 80652","Jalan Banjar, Songan A, Kec. Kintamani, Kabupaten Bangli",BALI,80652.0,Indonesia,81916116777.0,,,-8.225636,115.4092529,https://maps.google.com/?cid=0x0:0xda79c310051144f8,
mall,Pusat Perbelanjaan,LAKAGALY mini garden,"P8XJ+7F6, Batur Utara, Kec. Kintamani, Kabupaten Bangli, Bali 80652","Batur Utara, Kec. Kintamani, Kabupaten Bangli",BALI,80652.0,Indonesia,83114626922.0,,,-8.2518318,115.331129,https://maps.google.com/?cid=0x0:0x1be7df37820a456e,
mall,Toko,I Wayan Purdana,"P8H5+85H, Belancan, Kec. Kintamani, Kabupaten Bangli, Bali 80652","Belancan, Kec. Kintamani, Kabupaten Bangli",BALI,80652.0,Indonesia,,,,-8.2716833,115.3079936,https://maps.google.com/?cid=0x0:0xf83d0a45bb92a911,
mall,Toko,Ginger Shop,"M8HH+3FM, Sekaan, Kec. Kintamani, Kabupaten Bangli, Bali 80652","Sekaan, Kec. Kintamani, Kabupaten Bangli",BALI,80652.0,Indonesia,,,,-8.3222903,115.3286741,https://maps.google.com/?cid=0x0:0xa495ffa4065256bb,
mall,Toko Pakaian,Omahara fashionstore,"Jl. Raya Kintamani, Kintamani, Kec. Kintamani, Kabupaten Bangli, Bali 80652","Kintamani, Kec. Kintamani, Kabupaten Bangli",BALI,80652.0,Indonesia,81246025202.0,,,-8.2500491,115.3291528,https://maps.google.com/?cid=0x0:0x5ea49b350f21530b,
mall,Toko,SGC_HomeStore(Shop_GooCheap),"P956+H3F, Batur Tengah, Kec. Kintamani, Kabupaten Bangli, Bali 80652","Batur Tengah, Kec. Kintamani, Kabupaten Bangli",BALI,80652.0,Indonesia,83119114518.0,,,-8.2910526,115.3601651,https://maps.google.com/?cid=0x0:0x55db3b18c964cda2,
mall,Pusat Perbelanjaan,Dina's Family,"M9W3+PJW, Unnamed Road, Sekardadi, Kec. Kintamani, Kabupaten Bangli, Bali 80652","Unnamed Road, Sekardadi, Kec. Kintamani, Kabupaten Bangli",BALI,80652.0,Indonesia,,,,-8.3031392,115.3540846,https://maps.google.com/?cid=0x0:0xe8edb295193bd371,
mall,mall,Kintamani,"Batur Utara, Kec. Kintamani, Kabupaten Bangli, Bali","Kabupaten Bangli, Bali",BALI,,Indonesia,,,,-8.2528889,115.3324266,https://maps.google.com/?cid=0x0:0x11019959a8f510b7,
mall,mall,Bakso Mas Brooo,"P8WJ+WR8, Jalan Raya, North Batur, Kintamani, Bangli Regency, Bali 80652","Jalan Raya, North Batur, Kintamani, Bangli Regency",BALI,80652.0,Indonesia,,,,-8.2527171,115.3320656,https://maps.google.com/?cid=0x0:0x4a262279f68fd401,
mall,Tujuan Wisata,JERUK KINTAMANI,"M8MX+G42, Sekardadi, Kec. Kintamani, Kabupaten Bangli, Bali 80652","Sekardadi, Kec. Kintamani, Kabupaten Bangli",BALI,80652.0,Indonesia,85237153409.0,,,-8.3162305,115.3477585,https://maps.google.com/?cid=0x0:0x7b2132be4dbe6216,
mall,mall,Susut,"Sulahan, Kec. Susut, Kabupaten Bangli, Bali","Kabupaten Bangli, Bali",BALI,,Indonesia,,,,-8.424873,115.346001,https://maps.google.com/?cid=0x0:0xc2e9cdd58e9468fb,
mall,Toko Pakaian,ssolshop_bangli,"Jl. Kesumayudha No.8, Susut, Kec. Susut, Kabupaten Bangli, Bali 80661","Susut, Kec. Susut, Kabupaten Bangli",BALI,80661.0,Indonesia,83117515180.0,,,-8.4469817,115.3440051,https://maps.google.com/?cid=0x0:0x5611f90fa6d6dff5,
mall,Pusat Perbelanjaan,Swariwastra,"G8WR+966, Demulih, Kec. Susut, Kabupaten Bangli, Bali 80661","Demulih, Kec. Susut, Kabupaten Bangli",BALI,80661.0,Indonesia,87743434438.0,,,-8.4541989,115.3404707,https://maps.google.com/?cid=0x0:0xd3a76c040c9e8a2c,
mall,Pusat Perbelanjaan,Arya Bambu,"Jl. Kesumayudha No.79, Sulahan, Kec. Susut, Kabupaten Bangli, Bali 80661","Sulahan, Kec. Susut, Kabupaten Bangli",BALI,80661.0,Indonesia,85237417273.0,,,-8.4233544,115.3475541,https://maps.google.com/?cid=0x0:0xba84bc6a83e11d3c,
mall,Pusat Perbelanjaan,Dharma home,"Jl. Kesumayudha No.43-33, Sulahan, Kec. Susut, Kabupaten Bangli, Bali 80661","Sulahan, Kec. Susut, Kabupaten Bangli",BALI,80661.0,Indonesia,82359150598.0,,,-8.426193,115.3464434,https://maps.google.com/?cid=0x0:0x631ea26c97ac0079,
mall,Toko,Indo Mart,"J8PW+J4R, Penglumbaran, Kec. Susut, Kabupaten Bangli, Bali 80661","Penglumbaran, Kec. Susut, Kabupaten Bangli",BALI,80661.0,Indonesia,81372432302.0,,,-8.3633804,115.3452653,https://maps.google.com/?cid=0x0:0xb62421571ff35393,
mall,Pusat Perbelanjaan,Lindyaa_shop,"H86F+7J7, Selat, Kec. Susut, Kabupaten Bangli, Bali 80661","Selat, Kec. Susut, Kabupaten Bangli",BALI,80661.0,Indonesia,85738272220.0,,,-8.4393289,115.3240406,https://maps.google.com/?cid=0x0:0xedfdff3543e6a824,
mall,Pusat Perbelanjaan,The koi bali,"H84Q+RP2, br. Juwuk bali, susut, kab, Susut, Kec. Susut, Kabupaten Bangli, Bali 80661","br. Juwuk bali, susut, kab, Susut, Kec. Susut, Kabupaten Bangli",BALI,80661.0,Indonesia,87855817974.0,,,-8.4429846,115.3392531,https://maps.google.com/?cid=0x0:0x8e5425fc7de5bfe6,
mall,Toko Perlengkapan Rumah,Toko Utama Jaya 2 (UJ Mart),"Jl. Kesumayudha No.91, Sulahan, Kec. Susut, Kabupaten Bangli, Bali 80661","Sulahan, Kec. Susut, Kabupaten Bangli",BALI,80661.0,Indonesia,81997706544.0,,,-8.420914,115.3484371,https://maps.google.com/?cid=0x0:0x713cb27422ab7b0e,
mall,Toko,UD BAGUS,"G8WV+89G, Demulih, Kec. Susut, Kabupaten Bangli, Bali 80661","Demulih, Kec. Susut, Kabupaten Bangli",BALI,80661.0,Indonesia,,,,-8.4541863,115.3434678,https://maps.google.com/?cid=0x0:0xf6f69b9aafd4420d,
mall,Toko,Sading Cell,"G8VR+JJF, Jl. Mangun Siwi, Demulih, Kec. Susut, Kabupaten Bangli, Bali 80661","Jl. Mangun Siwi, Demulih, Kec. Susut, Kabupaten Bangli",BALI,80661.0,Indonesia,83114239063.0,,,-8.45593,115.3415574,https://maps.google.com/?cid=0x0:0xfab17124c88b3849,
mall,Toko,OKTA CELL,"J9G3+V8R, Jl. Kesumayudha, Tiga, Kec. Susut, Kabupaten Bangli, Bali 80661","Jl. Kesumayudha, Tiga, Kec. Susut, Kabupaten Bangli",BALI,80661.0,Indonesia,81237552544.0,,,-8.3727665,115.3532563,https://maps.google.com/?cid=0x0:0x817217478bb826d7,
mall,Restoran,Warung Asti,"Jl. Nusantara No.208, Kubu, Kec. Bangli, Kabupaten Bangli, Bali 80612","Kubu, Kec. Bangli, Kabupaten Bangli",BALI,80612.0,Indonesia,,,,-8.4245499,115.3646282,https://maps.google.com/?cid=0x0:0x9d4a238a3cdbf043,
mall,,Surya Dewata,"H93G+P38, Jl. Erlangga, Jehem, Kec. Tembuku, Kabupaten Bangli, Bali 80613","Jl. Erlangga, Jehem, Kec. Tembuku, Kabupaten Bangli",BALI,80613.0,Indonesia,85238839899.0,,,-8.4457083,115.375204,https://maps.google.com/?cid=0x0:0xd6baff39b5261b21,
mall,Pusat Perbelanjaan,Ruko Suci,"HC96+M8H, Unnamed Road, Bangbang, Tembuku, Bangli Regency, Bali 80671","Unnamed Road, Bangbang, Tembuku, Bangli Regency",BALI,80671.0,Indonesia,,,,-8.4308039,115.4108503,https://maps.google.com/?cid=0x0:0x8606658a38ab44a6,
mall,Pusat Perbelanjaan,Juniarta,"H9HM+F76, Yangapi, Kec. Tembuku, Kabupaten Bangli, Bali","Kabupaten Bangli, Bali",BALI,,Indonesia,,,,-8.4213372,115.3831283,https://maps.google.com/?cid=0x0:0x4504e3e1ead961ad,
mall,mall,Bali 80671,"Kec. Tembuku, Kabupaten Bangli, Bali","Kabupaten Bangli, Bali",BALI,,Indonesia,,,,-8.4058202,115.3904215,https://maps.google.com/?cid=0x0:0x1c00c5eb6016bf80,
mall,Minimarket,dikaSgl,"H93J+958, Jehem, Kec. Tembuku, Kabupaten Bangli, Bali 80671","Jehem, Kec. Tembuku, Kabupaten Bangli",BALI,80671.0,Indonesia,85737546904.0,,,-8.4465974,115.3804523,https://maps.google.com/?cid=0x0:0x28598ba5182f9c3f,
mall,Pusat Perbelanjaan,Arsa Jempiring Bali,"Unnamed Road, Undisan, Kec. Tembuku, Kabupaten Bangli, Bali 80671","Undisan, Kec. Tembuku, Kabupaten Bangli",BALI,80671.0,Indonesia,8124694056.0,,,-8.4438349,115.3965393,https://maps.google.com/?cid=0x0:0x68900ac1224c246f,
mall,,Surya Dewata,"H93G+P38, Jl. Erlangga, Jehem, Kec. Tembuku, Kabupaten Bangli, Bali 80613","Jl. Erlangga, Jehem, Kec. Tembuku, Kabupaten Bangli",BALI,80613.0,Indonesia,85238839899.0,,,-8.4457083,115.375204,https://maps.google.com/?cid=0x0:0xd6baff39b5261b21,
mall,Pusat Perbelanjaan,Ruko Suci,"HC96+M8H, Unnamed Road, Bangbang, Tembuku, Bangli Regency, Bali 80671","Unnamed Road, Bangbang, Tembuku, Bangli Regency",BALI,80671.0,Indonesia,,,,-8.4308039,115.4108503,https://maps.google.com/?cid=0x0:0x8606658a38ab44a6,
mall,Toko outlet,Central selular,"J9WM+J84, dekat, Yangapi, Kec. Tembuku, Kabupaten Bangli, Bali 80614","dekat, Yangapi, Kec. Tembuku, Kabupaten Bangli",BALI,80614.0,Indonesia,82237461414.0,,,-8.3534825,115.3833261,https://maps.google.com/?cid=0x0:0x3ca9e35d3be731ec,
mall,Toko outlet,Outlet duta cell,"H9JX+68V, Jl. Peninjoan, Peninjoan, Kec. Tembuku, Kabupaten Bangli, Bali 80671","Jl. Peninjoan, Peninjoan, Kec. Tembuku, Kabupaten Bangli",BALI,80671.0,Indonesia,81239187480.0,,,-8.4193891,115.3982893,https://maps.google.com/?cid=0x0:0x5a7e891961e909c8,
mall,Pasar,PASAR DESA PENINJOAN,"H9JX+762, Jl. Peninjoan, Peninjoan, Kec. Tembuku, Kabupaten Bangli, Bali 80671","Jl. Peninjoan, Peninjoan, Kec. Tembuku, Kabupaten Bangli",BALI,80671.0,Indonesia,,,,-8.4193598,115.3980278,https://maps.google.com/?cid=0x0:0x738cc2739445dd25,
mall,Toko Pakaian,Demonic Store,"H94G+WFX, Jehem, Kec. Tembuku, Kabupaten Bangli, Bali 80671","Jehem, Kec. Tembuku, Kabupaten Bangli",BALI,80671.0,Indonesia,85858791096.0,,,-8.442628,115.3762445,https://maps.google.com/?cid=0x0:0xc84c3af62a0ec57a,
mall,Pusat Perbelanjaan,Kios Anita,"H9FM+MMX, Jl. Tembuku, Tembuku, Kec. Tembuku, Kabupaten Bangli, Bali 80671","Jl. Tembuku, Tembuku, Kec. Tembuku, Kabupaten Bangli",BALI,80671.0,Indonesia,87762988333.0,,,-8.425773,115.3842242,https://maps.google.com/?cid=0x0:0xc63d308e22dc66d7,
mall,Pusat Perbelanjaan,Gigastore_bali,"Jl. Kresna No.87A, Yangapi, Kec. Tembuku, Kabupaten Bangli, Bali 80671","Yangapi, Kec. Tembuku, Kabupaten Bangli",BALI,80671.0,Indonesia,82236296959.0,,,-8.3971132,115.3814972,https://maps.google.com/?cid=0x0:0xf47583bd600666e5,
mall,Toko outlet,Outlet adi cell,"Jl. Raya Besakih No.1, Bangbang, Kec. Tembuku, Kabupaten Bangli, Bali 80671","Bangbang, Kec. Tembuku, Kabupaten Bangli",BALI,80671.0,Indonesia,81239187417.0,,,-8.4455209,115.4022611,https://maps.google.com/?cid=0x0:0x575575af65368fbe,
mall,Pusat Perbelanjaan,Warung Bu unyil,"H96G+GCJ, Unnamed Road, Jehem, Kec. Tembuku, Kabupaten Bangli, Bali 80671","Unnamed Road, Jehem, Kec. Tembuku, Kabupaten Bangli",BALI,80671.0,Indonesia,,,,-8.4386662,115.3760171,https://maps.google.com/?cid=0x0:0x70d00cd45983f979,
mall,Toko bahan makanan,Ud guna sari,"Jl. Erlangga, Jehem, Kec. Tembuku, Kabupaten Bangli, Bali 80671","Jehem, Kec. Tembuku, Kabupaten Bangli",BALI,80671.0,Indonesia,85237660786.0,,,-8.4449137,115.3784015,https://maps.google.com/?cid=0x0:0xf1a87dc5b6f9e4eb,
mall,Pusat Perbelanjaan,Kembang Bali (I Wayan Sujana),"H9V7+C44, Jl. Veteran, Kayubihi, Kec. Bangli, Kabupaten Bangli, Bali 80661","Jl. Veteran, Kayubihi, Kec. Bangli, Kabupaten Bangli",BALI,80661.0,Indonesia,82341832399.0,,,-8.4064927,115.3628328,https://maps.google.com/?cid=0x0:0xd752bb1114e2ef6c,
mall,Toko umum,BERDANDI PUTRA TELUR,"Jl. Raya Besakih No.1, Undisan, Kec. Tembuku, Kabupaten Bangli, Bali 80671","Undisan, Kec. Tembuku, Kabupaten Bangli",BALI,80671.0,Indonesia,82119986415.0,,,-8.4472944,115.3910275,https://maps.google.com/?cid=0x0:0x1799525a35ffbffd,
mall,Toko Kerajinan Tangan,Pak Wayan Gedot Sanggah,"H99F+RJH, Jehem, Kec. Tembuku, Kabupaten Bangli, Bali 80613","Jehem, Kec. Tembuku, Kabupaten Bangli",BALI,80613.0,Indonesia,81338511516.0,,,-8.4304496,115.3740946,https://maps.google.com/?cid=0x0:0x7a7150e6c273bdfe,
mall,Toko Bahan Bangunan,UD.pulosari supliyers bangunan khas bali dan louster,"Jl. Raya Besakih No.1, Undisan, Kec. Tembuku, Kabupaten Bangli, Bali 80671","Undisan, Kec. Tembuku, Kabupaten Bangli",BALI,80671.0,Indonesia,,,,-8.4475284,115.3913502,https://maps.google.com/?cid=0x0:0x3c74192ac4a6d23c,
mall,Pasar,Sanjaya Metra Art,"H9RM+6WX, Yangapi, Kec. Tembuku, Kabupaten Bangli, Bali 80671","Yangapi, Kec. Tembuku, Kabupaten Bangli",BALI,80671.0,Indonesia,,,,-8.4093813,115.3848634,https://maps.google.com/?cid=0x0:0xa4942b0b7f97e51e,
mall,Pusat Perbelanjaan,Kios sby sita,"H9GM+9F6, Jl. Tembuku, Tembuku, Kec. Tembuku, Kabupaten Bangli, Bali 80671","Jl. Tembuku, Tembuku, Kec. Tembuku, Kabupaten Bangli",BALI,80671.0,Indonesia,,,,-8.424081,115.3836439,https://maps.google.com/?cid=0x0:0x752ff7ce5ef71c4a,
mall,Pusat Perbelanjaan,Juniarta,"H9HM+F76, Yangapi, Kec. Tembuku, Kabupaten Bangli, Bali","Kabupaten Bangli, Bali",BALI,,Indonesia,,,,-8.4213372,115.3831283,https://maps.google.com/?cid=0x0:0x4504e3e1ead961ad,
mall,Pusat Perbelanjaan,POLO ROSSO FARM,"J94P+3JR, Yangapi, Tembuku, Bangli Regency, Bali 80671","Yangapi, Tembuku, Bangli Regency",BALI,80671.0,Indonesia,82145550551.0,,,-8.3947567,115.3865084,https://maps.google.com/?cid=0x0:0xaecfa1e50446d2c3,
supermarket,supermarket,Bali 80611,"Kabupaten Bangli, Bali","Kabupaten Bangli, Bali",BALI,,Indonesia,,,,-8.4047261,115.3696844,https://maps.google.com/?cid=0x0:0x1c00c5eb6016bf10,
supermarket,Toko Kosmetik,Toko Rani,"J927+33G, Jl. Nusantara, Kayubihi, Kec. Bangli, Kabupaten Bangli, Bali 80661","Jl. Nusantara, Kayubihi, Kec. Bangli, Kabupaten Bangli",BALI,80661.0,Indonesia,3665595102.0,,,-8.3998096,115.3626918,https://maps.google.com/?cid=0x0:0x5cff6331697b1ec5,
supermarket,Toko Swalayan,Panda Mart Bangli,"G9H3+X59, Jl. Merdeka, Bebalang, Kec. Bangli, Kabupaten Bangli, Bali 80614","Jl. Merdeka, Bebalang, Kec. Bangli, Kabupaten Bangli",BALI,80614.0,Indonesia,81933116693.0,,,-8.470094,115.3529773,https://maps.google.com/?cid=0x0:0x8aaa9640a1f6172,
supermarket,Toko,Toko krishna,"J947+PGX, Jl. Nusantara, Kayubihi, Kec. Bangli, Kabupaten Bangli, Bali 80614","Jl. Nusantara, Kayubihi, Kec. Bangli, Kabupaten Bangli",BALI,80614.0,Indonesia,87762000901.0,,,-8.3931358,115.3638512,https://maps.google.com/?cid=0x0:0x66ae28e20f15aea,
supermarket,Toko bahan makanan,Pak Agus,"Jl. Kenyeri, Kayubihi, Kec. Bangli, Kabupaten Bangli, Bali 80661","Kayubihi, Kec. Bangli, Kabupaten Bangli",BALI,80661.0,Indonesia,8124694763.0,,,-8.3981757,115.3640197,https://maps.google.com/?cid=0x0:0x86f95bdc896bc350,
supermarket,Minimarket,Indomaret Bangli,"G9Q3+V4W, Jl. Brigjen Ngurah Rai, Kawan, Kec. Bangli, Kabupaten Bangli, Bali 80614","Jl. Brigjen Ngurah Rai, Kawan, Kec. Bangli, Kabupaten Bangli",BALI,80614.0,Indonesia,,,,-8.4602681,115.3528141,https://maps.google.com/?cid=0x0:0xb0844f28419fb200,
supermarket,Toko Swalayan,Alfamart Nusantara Bangli,"Jl. Nusantara, Cempaga, Kec. Bangli, Kabupaten Bangli, Bali 80613","Cempaga, Kec. Bangli, Kabupaten Bangli",BALI,80613.0,Indonesia,,,,-8.4437878,115.3564071,https://maps.google.com/?cid=0x0:0x7c21bcc3d622f066,
supermarket,Toko Perlengkapan Rumah,DUPA ADHITYA STORE,"J988+JJV, Jl. Nusantara, Kayubihi, Kec. Bangli, Kabupaten Bangli, Bali 80614","Jl. Nusantara, Kayubihi, Kec. Bangli, Kabupaten Bangli",BALI,80614.0,Indonesia,,,,-8.383392,115.3665313,https://maps.google.com/?cid=0x0:0xc608b2a759b78d77,
supermarket,Toko,Toko Diani,"G9V3+F76, Jl. Brigjen Ngurah Rai, Kawan, Kec. Bangli, Kabupaten Bangli, Bali 80613","Jl. Brigjen Ngurah Rai, Kawan, Kec. Bangli, Kabupaten Bangli",BALI,80613.0,Indonesia,36691335.0,,,-8.4563375,115.3531376,https://maps.google.com/?cid=0x0:0xdabda6b175170f45,
supermarket,,TENTENKU CAHYA WIDI,"H9V7+96P, Jl. Veteran, Kayubihi, Kec. Bangli, Kabupaten Bangli, Bali 80661","Jl. Veteran, Kayubihi, Kec. Bangli, Kabupaten Bangli",BALI,80661.0,Indonesia,81337009115.0,,,-8.4065459,115.3630937,https://maps.google.com/?cid=0x0:0x9d4a9250fe8094cc,
supermarket,Toko bahan makanan,Warung buk jro yuda,"H9PC+P59, Jl. Rambutan, dusun galiran, Jehem, Kec. Tembuku, Kabupaten Bangli, Bali 80612","Jl. Rambutan, dusun galiran, Jehem, Kec. Tembuku, Kabupaten Bangli",BALI,80612.0,Indonesia,,,,-8.4132119,115.3704827,https://maps.google.com/?cid=0x0:0xb2e44b0c8b8d2d36,
supermarket,Toko Roti,LINCAK MEN WANGI,"Kayubihi, Kec. Bangli, Kabupaten Bangli, Bali 80614","Kec. Bangli, Kabupaten Bangli",BALI,80614.0,Indonesia,81999510988.0,,,-8.3974535,115.3627241,https://maps.google.com/?cid=0x0:0xcbce43eccbda511c,
supermarket,Toko Ponsel,Yudha Cell,"Jl. Nusantara, Kayubihi, Kec. Bangli, Kabupaten Bangli, Bali 80614","Kayubihi, Kec. Bangli, Kabupaten Bangli",BALI,80614.0,Indonesia,81338556808.0,,,-8.3856364,115.3661216,https://maps.google.com/?cid=0x0:0x6a27ea510200b0f,
supermarket,Toko bahan makanan,Raditya Mart,"H9Q7+562, Jl. Veteran, Kayubihi, Kec. Bangli, Kabupaten Bangli, Bali 80661","Jl. Veteran, Kayubihi, Kec. Bangli, Kabupaten Bangli",BALI,80661.0,Indonesia,85237799050.0,,,-8.4121242,115.3630097,https://maps.google.com/?cid=0x0:0xdf8d00d89ec6e28d,
supermarket,Toko,alat tulis lengkap,"br.guliang kangin, Taman Bali, Kec. Bangli, Kabupaten Bangli, Bali 80611","Taman Bali, Kec. Bangli, Kabupaten Bangli",BALI,80611.0,Indonesia,87858616562.0,,,-8.4047261,115.3696844,https://maps.google.com/?cid=0x0:0x70ce3aeaa4571990,
supermarket,Toko bahan makanan,Anisa Icha (Pak Kuir),"J927+HP6, Jl. Kenyeri, Kayubihi, Kec. Bangli, Kabupaten Bangli, Bali 80661","Jl. Kenyeri, Kayubihi, Kec. Bangli, Kabupaten Bangli",BALI,80661.0,Indonesia,83114250454.0,,,-8.398595,115.3642808,https://maps.google.com/?cid=0x0:0xc04a95aa505c8c83,
supermarket,Toko,UD. Bintang Sari,"H9V7+86M, Jl. Nusantara, Kayubihi, Kec. Bangli, Kabupaten Bangli, Bali 80661","Jl. Nusantara, Kayubihi, Kec. Bangli, Kabupaten Bangli",BALI,80661.0,Indonesia,,,,-8.4066603,115.3630359,https://maps.google.com/?cid=0x0:0xb1a95b5b9a91540,
supermarket,Toko,GUNK CELL,"J937+M5X, Jl. Nusantara, Kayubihi, Kec. Bangli, Kabupaten Bangli, Bali 80661","Jl. Nusantara, Kayubihi, Kec. Bangli, Kabupaten Bangli",BALI,80661.0,Indonesia,85339164444.0,,,-8.3957673,115.362999,https://maps.google.com/?cid=0x0:0x81f145070a2d1b6a,
supermarket,Minimarket,Alfamart,"Jl Ngurah Rai Bangli, Kel, Kawan, Kab, Kabupaten Bangli, Bali 80613","Kel, Kawan, Kab, Kabupaten Bangli",BALI,80613.0,Indonesia,1500959.0,,,-8.458115,115.3529527,https://maps.google.com/?cid=0x0:0x3e484de82e603348,
supermarket,Toko,I Wayan Aldi Sastrawan,"J969+3R6, Unnamed Road, Kayubihi, Kec. Bangli, Kabupaten Bangli, Bali 80614","Unnamed Road, Kayubihi, Kec. Bangli, Kabupaten Bangli",BALI,80614.0,Indonesia,85238519123.0,,,-8.3898498,115.3695124,https://maps.google.com/?cid=0x0:0x8aa41ad200ab4cfe,
supermarket,Toko Pakan Hewan,EMPAT BERLIAN FARM,"H9R7+X4W, Jl. Veteran, Kayubihi, Kec. Bangli, Kabupaten Bangli, Bali 80661","Jl. Veteran, Kayubihi, Kec. Bangli, Kabupaten Bangli",BALI,80661.0,Indonesia,82146068249.0,,,-8.4075091,115.362842,https://maps.google.com/?cid=0x0:0x9721bd5618d12937,
supermarket,Toko,Toko karya abadi bangli,"J988+GM8, Jl. Nusantara, Kayubihi, Kec. Bangli, Kabupaten Bangli, Bali 80614","Jl. Nusantara, Kayubihi, Kec. Bangli, Kabupaten Bangli",BALI,80614.0,Indonesia,,,,-8.383718,115.366706,https://maps.google.com/?cid=0x0:0x48004cdd0cfe880a,
supermarket,Toko Pakaian,Dewi Malini,"J949+V69, Kayubihi, Kec. Bangli, Kabupaten Bangli, Bali 80611","Kayubihi, Kec. Bangli, Kabupaten Bangli",BALI,80611.0,Indonesia,81936727719.0,,,-8.3928462,115.3680978,https://maps.google.com/?cid=0x0:0x6458af3ccbd3e387,
supermarket,Toko,Toko Putra Dewi,"H9R7+P72, Jl. Nusantara, Pengotan, Kec. Bangli, Kabupaten Bangli, Bali 80614","Jl. Nusantara, Pengotan, Kec. Bangli, Kabupaten Bangli",BALI,80614.0,Indonesia,85239173718.0,,,-8.4082396,115.363146,https://maps.google.com/?cid=0x0:0xbdf98706cdcb4c5f,
supermarket,Pasar,Pasar Kidul Bangli,"Jl. Merdeka No.58, Kawan, Kec. Bangli, Kabupaten Bangli, Bali 80614","Kawan, Kec. Bangli, Kabupaten Bangli",BALI,80614.0,Indonesia,,,,-8.4553333,115.356461,https://maps.google.com/?cid=0x0:0x7ac7b39d4989e4b1,
supermarket,Toko,Nyoman Cell,"H9Q7+V7W br kayang, Jl. Veteran, Kayubihi, Kec. Bangli, Kabupaten Bangli, Bali 80611","Jl. Veteran, Kayubihi, Kec. Bangli, Kabupaten Bangli",BALI,80611.0,Indonesia,82342848484.0,,,-8.4102528,115.3632104,https://maps.google.com/?cid=0x0:0x7e7e69f5395b1f4c,
supermarket,supermarket,Bali 80612,"Kabupaten Bangli, Bali","Kabupaten Bangli, Bali",BALI,,Indonesia,,,,-8.4198291,115.3696844,https://maps.google.com/?cid=0x0:0x1c00c5eb6016bf20,
supermarket,Toko,Royal Mart,"H9G7+CVW, Jl. Nusantara, Kubu, Kec. Bangli, Kabupaten Bangli, Bali 80613","Jl. Nusantara, Kubu, Kec. Bangli, Kabupaten Bangli",BALI,80613.0,Indonesia,36692116.0,,,-8.4238824,115.3646952,https://maps.google.com/?cid=0x0:0x5747c829b4297d6b,
supermarket,Toko Swalayan,Panda Mart Bangli,"G9H3+X59, Jl. Merdeka, Bebalang, Kec. Bangli, Kabupaten Bangli, Bali 80614","Jl. Merdeka, Bebalang, Kec. Bangli, Kabupaten Bangli",BALI,80614.0,Indonesia,81933116693.0,,,-8.470094,115.3529773,https://maps.google.com/?cid=0x0:0x8aaa9640a1f6172,
supermarket,Toko bahan makanan,UD. Bukti Sari,"H9GF+VXV, Tembuku, Kec. Tembuku, Kabupaten Bangli, Bali 80612","Tembuku, Kec. Tembuku, Kabupaten Bangli",BALI,80612.0,Indonesia,,,,-8.4227673,115.3749076,https://maps.google.com/?cid=0x0:0x6f71a14a30fe7f0b,
supermarket,Toko,Nusantara,"H9H7+FVM, Jl. Nusantara, Kubu, Kec. Bangli, Kabupaten Bangli, Bali 80611","Jl. Nusantara, Kubu, Kec. Bangli, Kabupaten Bangli",BALI,80611.0,Indonesia,85237230094.0,,,-8.4212774,115.3646596,https://maps.google.com/?cid=0x0:0x4915e90ef970880a,
supermarket,Toko Bahan Bangunan,UD.SINARMAS ARTHA CEMERLANG,"H9G7+HVJ, Kubu, Kec. Bangli, Kabupaten Bangli, Bali 80612","Kubu, Kec. Bangli, Kabupaten Bangli",BALI,80612.0,Indonesia,81338964222.0,,,-8.4235345,115.3646481,https://maps.google.com/?cid=0x0:0xa104b2a6364fc938,
supermarket,Toko bahan makanan,Warung buk jro yuda,"H9PC+P59, Jl. Rambutan, dusun galiran, Jehem, Kec. Tembuku, Kabupaten Bangli, Bali 80612","Jl. Rambutan, dusun galiran, Jehem, Kec. Tembuku, Kabupaten Bangli",BALI,80612.0,Indonesia,,,,-8.4132119,115.3704827,https://maps.google.com/?cid=0x0:0xb2e44b0c8b8d2d36,
supermarket,Minimarket,Indomaret Bangli,"G9Q3+V4W, Jl. Brigjen Ngurah Rai, Kawan, Kec. Bangli, Kabupaten Bangli, Bali 80614","Jl. Brigjen Ngurah Rai, Kawan, Kec. Bangli, Kabupaten Bangli",BALI,80614.0,Indonesia,,,,-8.4602681,115.3528141,https://maps.google.com/?cid=0x0:0xb0844f28419fb200,
supermarket,Toko,Toko Diani,"G9V3+F76, Jl. Brigjen Ngurah Rai, Kawan, Kec. Bangli, Kabupaten Bangli, Bali 80613","Jl. Brigjen Ngurah Rai, Kawan, Kec. Bangli, Kabupaten Bangli",BALI,80613.0,Indonesia,36691335.0,,,-8.4563375,115.3531376,https://maps.google.com/?cid=0x0:0xdabda6b175170f45,
supermarket,Koperasi,KSU Upadana Mertha,"H9F7+JVR, Jl. Nusantara, Kubu, Kec. Bangli, Kabupaten Bangli, Bali 80611","Jl. Nusantara, Kubu, Kec. Bangli, Kabupaten Bangli",BALI,80611.0,Indonesia,36691653.0,,,-8.4258776,115.3646516,https://maps.google.com/?cid=0x0:0x7057ede8a77de839,
supermarket,Toko Alat Tulis,Pradnya Mart Bangli,"Jl. Brigjen Ngurah Rai, Kawan, Kec. Bangli, Kabupaten Bangli, Bali 80614","Kawan, Kec. Bangli, Kabupaten Bangli",BALI,80614.0,Indonesia,82144947448.0,,,-8.4673299,115.3527349,https://maps.google.com/?cid=0x0:0x6a1cdaa94a3532d4,
supermarket,Toko,Indomaret Kusuma Yuda,"Jl. Kusuma Yuda No.13, Kawan, Bangli, Bangli Regency, Bali 80613","Kawan, Bangli, Bangli Regency",BALI,80613.0,Indonesia,816500580.0,,,-8.4197689,115.3484507,https://maps.google.com/?cid=0x0:0x65b9960662782f53,
supermarket,,TENTENKU CAHYA WIDI,"H9V7+96P, Jl. Veteran, Kayubihi, Kec. Bangli, Kabupaten Bangli, Bali 80661","Jl. Veteran, Kayubihi, Kec. Bangli, Kabupaten Bangli",BALI,80661.0,Indonesia,81337009115.0,,,-8.4065459,115.3630937,https://maps.google.com/?cid=0x0:0x9d4a9250fe8094cc,
supermarket,Toko,Warung Nirmala,"Jl. Nusantara No.198, Kubu, Kec. Bangli, Kabupaten Bangli, Bali 80613","Kubu, Kec. Bangli, Kabupaten Bangli",BALI,80613.0,Indonesia,89668949108.0,,,-8.4269298,115.3644096,https://maps.google.com/?cid=0x0:0xf9765f57146f894d,
supermarket,Toko bahan makanan,Raditya Mart,"H9Q7+562, Jl. Veteran, Kayubihi, Kec. Bangli, Kabupaten Bangli, Bali 80661","Jl. Veteran, Kayubihi, Kec. Bangli, Kabupaten Bangli",BALI,80661.0,Indonesia,85237799050.0,,,-8.4121242,115.3630097,https://maps.google.com/?cid=0x0:0xdf8d00d89ec6e28d,
supermarket,Taman,Sekar Anugrah Penglipuran,"Jl. Veteran No.16, Kayubihi, Kec. Bangli, Kabupaten Bangli, Bali 80612","Kayubihi, Kec. Bangli, Kabupaten Bangli",BALI,80612.0,Indonesia,82322690685.0,,,-8.4177264,115.3619011,https://maps.google.com/?cid=0x0:0x929c351efd238520,
supermarket,Toko Perlengkapan Rumah,Metro Jaya,"H9CF+RFW, Jehem, Kec. Tembuku, Kabupaten Bangli, Bali 80612","Jehem, Kec. Tembuku, Kabupaten Bangli",BALI,80612.0,Indonesia,81238462764.0,,,-8.4278776,115.3736876,https://maps.google.com/?cid=0x0:0x32b6935abfcfc9ea,
supermarket,Toko Suvenir,Kina Project Bangli,"Jl. Nusantara, Kubu, Kec. Bangli, Kabupaten Bangli, Bali","Kabupaten Bangli, Bali",BALI,,Indonesia,85738354754.0,,,-8.4287463,115.3640204,https://maps.google.com/?cid=0x0:0xd7ee7202355dfd57,
supermarket,Toko,Bu picaa,"H9PC+C8G, Jehem, Kec. Tembuku, Kabupaten Bangli, Bali 80612","Jehem, Kec. Tembuku, Kabupaten Bangli",BALI,80612.0,Indonesia,,,,-8.4139412,115.370833,https://maps.google.com/?cid=0x0:0x9d993c20024c61aa,
supermarket,Toko,Warung Mbok Jonti,"H9C9+38P, Kubu, Kec. Bangli, Kabupaten Bangli, Bali","Kabupaten Bangli, Bali",BALI,,Indonesia,,,,-8.4297883,115.3683263,https://maps.google.com/?cid=0x0:0x69f786c8a5488f56,
supermarket,Toko,Warung DWISUKMA,"H8PW+H62, Unnamed Road, Sulahan, Kec. Susut, Kabupaten Bangli, Bali 80661","Unnamed Road, Sulahan, Kec. Susut, Kabupaten Bangli",BALI,80661.0,Indonesia,,,,-8.4136212,115.3455076,https://maps.google.com/?cid=0x0:0x866e7f370bb36204,
supermarket,Komplek perumahan,UD. Penglipuran,"Kubu, Kec. Bangli, Kabupaten Bangli, Bali 80613","Kec. Bangli, Kabupaten Bangli",BALI,80613.0,Indonesia,8123648614.0,,,-8.423454,115.3629896,https://maps.google.com/?cid=0x0:0xe8c28f9c4c8808c6,
supermarket,Toko Pakan Hewan,EMPAT BERLIAN FARM,"H9R7+X4W, Jl. Veteran, Kayubihi, Kec. Bangli, Kabupaten Bangli, Bali 80661","Jl. Veteran, Kayubihi, Kec. Bangli, Kabupaten Bangli",BALI,80661.0,Indonesia,82146068249.0,,,-8.4075091,115.362842,https://maps.google.com/?cid=0x0:0x9721bd5618d12937,
supermarket,Toko,Warung Manik Hasta Gina,"H9G5+H75, Desa, Penglipuran, Kubu, Bangli, Bangli Regency, Bali 80613","Desa, Penglipuran, Kubu, Bangli, Bangli Regency",BALI,80613.0,Indonesia,82146339970.0,,,-8.4236099,115.3582413,https://maps.google.com/?cid=0x0:0xa17d5537113fe879,
supermarket,Bengkel Sepeda Motor,WIJAYA AMERTHA MOTOR,"H9F9+MFM, Kubu, Kec. Bangli, Kabupaten Bangli, Bali 80612","Kubu, Kec. Bangli, Kabupaten Bangli",BALI,80612.0,Indonesia,81338688033.0,,,-8.4257866,115.3686632,https://maps.google.com/?cid=0x0:0x6b0e9d6ffd949bda,
supermarket,Toko bahan makanan,Ekstrak Temu Sari,"H9FF+589, Jehem, Kec. Tembuku, Kabupaten Bangli, Bali 80612","Jehem, Kec. Tembuku, Kabupaten Bangli",BALI,80612.0,Indonesia,,,,-8.4270899,115.3733459,https://maps.google.com/?cid=0x0:0x2b03ab49fe65d26f,
supermarket,Toko,Toko Putra Dewi,"H9R7+P72, Jl. Nusantara, Pengotan, Kec. Bangli, Kabupaten Bangli, Bali 80614","Jl. Nusantara, Pengotan, Kec. Bangli, Kabupaten Bangli",BALI,80614.0,Indonesia,85239173718.0,,,-8.4082396,115.363146,https://maps.google.com/?cid=0x0:0xbdf98706cdcb4c5f,
supermarket,supermarket,Bali 80613,"Kec. Bangli, Kabupaten Bangli, Bali","Kabupaten Bangli, Bali",BALI,,Indonesia,,,,-8.4399718,115.3696844,https://maps.google.com/?cid=0x0:0x1c00c5eb6016bf30,
supermarket,Toko bahan makanan,Indomaret Nusantara,"H934+8H7, Jl. Nusantara, Cempaga, Kec. Bangli, Kabupaten Bangli, Bali 80614","Jl. Nusantara, Cempaga, Kec. Bangli, Kabupaten Bangli",BALI,80614.0,Indonesia,,,,-8.4467216,115.3564358,https://maps.google.com/?cid=0x0:0x5cd29ebc6d866170,
supermarket,Toko Swalayan,Alfamart Nusantara Bangli,"Jl. Nusantara, Cempaga, Kec. Bangli, Kabupaten Bangli, Bali 80613","Cempaga, Kec. Bangli, Kabupaten Bangli",BALI,80613.0,Indonesia,,,,-8.4437878,115.3564071,https://maps.google.com/?cid=0x0:0x7c21bcc3d622f066,
supermarket,Toko Swalayan,Indomaret SPBU Cempaga,"H947+749, Cempaga, Kec. Bangli, Kabupaten Bangli, Bali 80613","Cempaga, Kec. Bangli, Kabupaten Bangli",BALI,80613.0,Indonesia,81353335550.0,,,-8.4443267,115.3628464,https://maps.google.com/?cid=0x0:0x25d385f63d7aa5d3,
supermarket,Toko,Toko Diani,"G9V3+F76, Jl. Brigjen Ngurah Rai, Kawan, Kec. Bangli, Kabupaten Bangli, Bali 80613","Jl. Brigjen Ngurah Rai, Kawan, Kec. Bangli, Kabupaten Bangli",BALI,80613.0,Indonesia,36691335.0,,,-8.4563375,115.3531376,https://maps.google.com/?cid=0x0:0xdabda6b175170f45,
supermarket,Minimarket,Indomaret Bangli,"G9Q3+V4W, Jl. Brigjen Ngurah Rai, Kawan, Kec. Bangli, Kabupaten Bangli, Bali 80614","Jl. Brigjen Ngurah Rai, Kawan, Kec. Bangli, Kabupaten Bangli",BALI,80614.0,Indonesia,,,,-8.4602681,115.3528141,https://maps.google.com/?cid=0x0:0xb0844f28419fb200,
supermarket,Toko,DD Mart,"H938+PQJ, Jl. Erlangga, Cempaga, Kec. Bangli, Kabupaten Bangli, Bali 80613","Jl. Erlangga, Cempaga, Kec. Bangli, Kabupaten Bangli",BALI,80613.0,Indonesia,3665595162.0,,,-8.4456543,115.3668756,https://maps.google.com/?cid=0x0:0x306574c7cb09eb1d,
supermarket,Minimarket,Alfamart,"Jl Ngurah Rai Bangli, Kel, Kawan, Kab, Kabupaten Bangli, Bali 80613","Kel, Kawan, Kab, Kabupaten Bangli",BALI,80613.0,Indonesia,1500959.0,,,-8.458115,115.3529527,https://maps.google.com/?cid=0x0:0x3e484de82e603348,
supermarket,Toko,Warung Nirmala,"Jl. Nusantara No.198, Kubu, Kec. Bangli, Kabupaten Bangli, Bali 80613","Kubu, Kec. Bangli, Kabupaten Bangli",BALI,80613.0,Indonesia,89668949108.0,,,-8.4269298,115.3644096,https://maps.google.com/?cid=0x0:0xf9765f57146f894d,
supermarket,Toko bahan makanan,Ud guna sari,"Jl. Erlangga, Jehem, Kec. Tembuku, Kabupaten Bangli, Bali 80671","Jehem, Kec. Tembuku, Kabupaten Bangli",BALI,80671.0,Indonesia,85237660786.0,,,-8.4449137,115.3784015,https://maps.google.com/?cid=0x0:0xf1a87dc5b6f9e4eb,
supermarket,Minimarket,SRC IBU ARIANI,"H94G+9FP, Jehem, Kec. Tembuku, Kabupaten Bangli, Bali 80613","Jehem, Kec. Tembuku, Kabupaten Bangli",BALI,80613.0,Indonesia,,,,-8.4440449,115.3762008,https://maps.google.com/?cid=0x0:0x7ee2fb38f6a91b81,
supermarket,Minimarket,Warung One Indra,"H95G+HF6, Jehem, Kec. Tembuku, Kabupaten Bangli, Bali 80613","Jehem, Kec. Tembuku, Kabupaten Bangli",BALI,80613.0,Indonesia,,,,-8.4410942,115.3761264,https://maps.google.com/?cid=0x0:0x5466704f2efdfd2c,
supermarket,Toko Mebel,Bangli Meubel,"Jl. Merdeka No.46, Kawan, Kec. Bangli, Kabupaten Bangli, Bali 80613","Kawan, Kec. Bangli, Kabupaten Bangli",BALI,80613.0,Indonesia,89601765758.0,,,-8.4562258,115.3560792,https://maps.google.com/?cid=0x0:0x6429f0c6b31cd20c,
supermarket,Toko Bahan Bangunan,Guna Sari,"G9XF+GXJ, Jl. Erlangga, Cempaga, Kec. Bangli, Kabupaten Bangli, Bali 80613","Jl. Erlangga, Cempaga, Kec. Bangli, Kabupaten Bangli",BALI,80613.0,Indonesia,85237660786.0,,,-8.451164,115.3748967,https://maps.google.com/?cid=0x0:0x7cf21571d53cfc4b,
supermarket,Toko Sepatu,Cibaduyut,"Jl. Merdeka No.12, Kawan, Kec. Bangli, Kabupaten Bangli, Bali 80613","Kawan, Kec. Bangli, Kabupaten Bangli",BALI,80613.0,Indonesia,36693437.0,,,-8.4551389,115.3562563,https://maps.google.com/?cid=0x0:0xac4169bcf327d362,
supermarket,Toko,Sailaku,"H944+5F8, Jl. Nusantara, Cempaga, Kec. Bangli, Kabupaten Bangli, Bali 80613","Jl. Nusantara, Cempaga, Kec. Bangli, Kabupaten Bangli",BALI,80613.0,Indonesia,82237797358.0,,,-8.4445867,115.3562162,https://maps.google.com/?cid=0x0:0x797d865d21102296,
supermarket,Minimarket,Pasar alit,"H938+RQ9, Jl. Erlangga, Cempaga, Kec. Tembuku, Kabupaten Bangli, Bali 80613","Jl. Erlangga, Cempaga, Kec. Tembuku, Kabupaten Bangli",BALI,80613.0,Indonesia,81949822278.0,,,-8.4454549,115.3669912,https://maps.google.com/?cid=0x0:0x843ae4c9b297fc45,
supermarket,Toko,Warung Bima,"H93C+9QG, Jl. Taman Sari, Kubu, Kec. Bangli, Kabupaten Bangli, Bali 80613","Jl. Taman Sari, Kubu, Kec. Bangli, Kabupaten Bangli",BALI,80613.0,Indonesia,85738839105.0,,,-8.4465683,115.3719447,https://maps.google.com/?cid=0x0:0x23010032ec406fd,
supermarket,Toko Swalayan,PANDE KETUT SUARCA,"Jl. Erlangga No.16, Cempaga, Kec. Bangli, Kabupaten Bangli, Bali 80613","Cempaga, Kec. Bangli, Kabupaten Bangli",BALI,80613.0,Indonesia,82146558674.0,,,-8.4447717,115.3579551,https://maps.google.com/?cid=0x0:0x2ebfa0a8da80341a,
supermarket,Toko bahan makanan,UD. Bukti Sari,"H9GF+VXV, Tembuku, Kec. Tembuku, Kabupaten Bangli, Bali 80612","Tembuku, Kec. Tembuku, Kabupaten Bangli",BALI,80612.0,Indonesia,,,,-8.4227673,115.3749076,https://maps.google.com/?cid=0x0:0x6f71a14a30fe7f0b,
supermarket,Toko bahan makanan,Warung Vanda,"H944+3WV, Jl. Erlangga, Cempaga, Kec. Bangli, Kabupaten Bangli, Bali 80613","Jl. Erlangga, Cempaga, Kec. Bangli, Kabupaten Bangli",BALI,80613.0,Indonesia,85738796947.0,,,-8.444764,115.357307,https://maps.google.com/?cid=0x0:0x246e302f258c1062,
supermarket,Toko Alat Tulis,Pradnya Mart Bangli,"Jl. Brigjen Ngurah Rai, Kawan, Kec. Bangli, Kabupaten Bangli, Bali 80614","Kawan, Kec. Bangli, Kabupaten Bangli",BALI,80614.0,Indonesia,82144947448.0,,,-8.4673299,115.3527349,https://maps.google.com/?cid=0x0:0x6a1cdaa94a3532d4,
supermarket,Toko bahan makanan,Toko Murah Rejeki Bangli,"Jl. Belimbing No.46, Kawan, Kec. Bangli, Kabupaten Bangli, Bali 80613","Kawan, Kec. Bangli, Kabupaten Bangli",BALI,80613.0,Indonesia,,,,-8.4557906,115.3567155,https://maps.google.com/?cid=0x0:0xdfe989a17d2cd3ac,
supermarket,Toko bahan makanan,,"H925+GFC, Jl. Kapten Mudita, Cempaga, Kec. Bangli, Kabupaten Bangli, Bali 80614","Jl. Kapten Mudita, Cempaga, Kec. Bangli, Kabupaten Bangli",BALI,80614.0,Indonesia,2817002856.0,,,-8.4486779,115.3586422,https://maps.google.com/?cid=0x0:0x3406190da9a990e2,
supermarket,Toko,HOMESTORE UD.SARI BUNCING  CENDOLEO,"Lc Subak Aya, Jl. Tirta Pebini, Kawan, Kec. Bangli, Kabupaten Bangli, Bali 80613","Jl. Tirta Pebini, Kawan, Kec. Bangli, Kabupaten Bangli",BALI,80613.0,Indonesia,,,,-8.4654457,115.3508456,https://maps.google.com/?cid=0x0:0x6bddc2177783f02,
supermarket,Toko Pakan Hewan,Sri Galih,"H96C+28X, Jl. Taman Sari, Cempaga, Kec. Bangli, Kabupaten Bangli, Bali 80613","Jl. Taman Sari, Cempaga, Kec. Bangli, Kabupaten Bangli",BALI,80613.0,Indonesia,85792877337.0,,,-8.4398876,115.3708589,https://maps.google.com/?cid=0x0:0x25b0ebb005e0d9aa,
supermarket,Toko Ponsel,Outlet Waisnawa Cell,"H954+7HX, Jl. Sriwijaya, Cempaga, Kec. Bangli, Kabupaten Bangli, Bali 80613","Jl. Sriwijaya, Cempaga, Kec. Bangli, Kabupaten Bangli",BALI,80613.0,Indonesia,81239187473.0,,,-8.4417543,115.3564795,https://maps.google.com/?cid=0x0:0xca611d4b3871901e,
supermarket,supermarket,Bangli,"Kawan, Kec. Bangli, Kabupaten Bangli, Bali","Kabupaten Bangli, Bali",BALI,,Indonesia,,,,-8.454303,115.354897,https://maps.google.com/?cid=0x0:0x4030bfbca7d2c10,
supermarket,Toko Swalayan,Panda Mart Bangli,"G9H3+X59, Jl. Merdeka, Bebalang, Kec. Bangli, Kabupaten Bangli, Bali 80614","Jl. Merdeka, Bebalang, Kec. Bangli, Kabupaten Bangli",BALI,80614.0,Indonesia,81933116693.0,,,-8.470094,115.3529773,https://maps.google.com/?cid=0x0:0x8aaa9640a1f6172,
supermarket,Toko bahan makanan,Indomaret Nusantara,"H934+8H7, Jl. Nusantara, Cempaga, Kec. Bangli, Kabupaten Bangli, Bali 80614","Jl. Nusantara, Cempaga, Kec. Bangli, Kabupaten Bangli",BALI,80614.0,Indonesia,,,,-8.4467216,115.3564358,https://maps.google.com/?cid=0x0:0x5cd29ebc6d866170,
supermarket,Toko Alat Tulis,Pradnya Mart Bangli,"Jl. Brigjen Ngurah Rai, Kawan, Kec. Bangli, Kabupaten Bangli, Bali 80614","Kawan, Kec. Bangli, Kabupaten Bangli",BALI,80614.0,Indonesia,82144947448.0,,,-8.4673299,115.3527349,https://maps.google.com/?cid=0x0:0x6a1cdaa94a3532d4,
supermarket,Toko,Toko Diani,"G9V3+F76, Jl. Brigjen Ngurah Rai, Kawan, Kec. Bangli, Kabupaten Bangli, Bali 80613","Jl. Brigjen Ngurah Rai, Kawan, Kec. Bangli, Kabupaten Bangli",BALI,80613.0,Indonesia,36691335.0,,,-8.4563375,115.3531376,https://maps.google.com/?cid=0x0:0xdabda6b175170f45,
supermarket,Toko Kosmetik,Toko Indira Bangli,"G9V4+V52, Jl. Serma Meranggi, Kawan, Kec. Bangli, Kabupaten Bangli, Bali 80614","Jl. Serma Meranggi, Kawan, Kec. Bangli, Kabupaten Bangli",BALI,80614.0,Indonesia,81337071885.0,,,-8.4553567,115.3553949,https://maps.google.com/?cid=0x0:0xa0acff0b27ecd6d6,
supermarket,Minimarket,Indomaret,"G83X+WC8, Taman Bali, Kec. Bangli, Kabupaten Bangli, Bali 80614","Taman Bali, Kec. Bangli, Kabupaten Bangli",BALI,80614.0,Indonesia,,,,-8.4952143,115.3485897,https://maps.google.com/?cid=0x0:0x92a5fcaeedbd3e95,
supermarket,Minimarket,UD Sari Buncing,"G9V4+XVC, Jl. Nangka, Kawan, Kec. Bangli, Kabupaten Bangli, Bali 80614","Jl. Nangka, Kawan, Kec. Bangli, Kabupaten Bangli",BALI,80614.0,Indonesia,81338556817.0,,,-8.4550533,115.3571426,https://maps.google.com/?cid=0x0:0x92a24c97ef320327,
supermarket,Toko Swalayan,Alfamart Nusantara Bangli,"Jl. Nusantara, Cempaga, Kec. Bangli, Kabupaten Bangli, Bali 80613","Cempaga, Kec. Bangli, Kabupaten Bangli",BALI,80613.0,Indonesia,,,,-8.4437878,115.3564071,https://maps.google.com/?cid=0x0:0x7c21bcc3d622f066,
supermarket,Toko bahan makanan,JEPUN BALI,"Jl. Rambutan No.34, Kawan, Kec. Bangli, Kabupaten Bangli, Bali 80614","Kawan, Kec. Bangli, Kabupaten Bangli",BALI,80614.0,Indonesia,82145083113.0,,,-8.4550794,115.3575638,https://maps.google.com/?cid=0x0:0x6ef384f55b7d53aa,
supermarket,Minimarket,Alfamart,"Jl Ngurah Rai Bangli, Kel, Kawan, Kab, Kabupaten Bangli, Bali 80613","Kel, Kawan, Kab, Kabupaten Bangli",BALI,80613.0,Indonesia,1500959.0,,,-8.458115,115.3529527,https://maps.google.com/?cid=0x0:0x3e484de82e603348,
supermarket,Toko Elektronik,Toko Asri Elektronik,"G9V4+PFF, Jl. Merdeka, Kawan, Kec. Bangli, Kabupaten Bangli, Bali 80614","Jl. Merdeka, Kawan, Kec. Bangli, Kabupaten Bangli",BALI,80614.0,Indonesia,36692015.0,,,-8.4556831,115.3561802,https://maps.google.com/?cid=0x0:0x4918ea6222c103cd,
supermarket,Toko Rokok Elektrik,DSTILL VAPOR BANGLI ( VAPE SHOP ),"Jl. Merdeka No.1, Kawan, Kec. Bangli, Kabupaten Bangli, Bali 80614","Kawan, Kec. Bangli, Kabupaten Bangli",BALI,80614.0,Indonesia,8873675097.0,,,-8.4541611,115.3563761,https://maps.google.com/?cid=0x0:0x1aa7c0489391fda5,
supermarket,Toko,Sari Mulia,"G9V4+RPR, Jl. Merdeka, Kawan, Kec. Bangli, Kabupaten Bangli, Bali 80614","Jl. Merdeka, Kawan, Kec. Bangli, Kabupaten Bangli",BALI,80614.0,Indonesia,36691565.0,,,-8.4553931,115.356781,https://maps.google.com/?cid=0x0:0x839da1789d5a3c1e,
supermarket,Toko,Toko Arifin,"G9V4+RW7, Jl. Rambutan, Kawan, Kec. Bangli, Kabupaten Bangli, Bali 80614","Jl. Rambutan, Kawan, Kec. Bangli, Kabupaten Bangli",BALI,80614.0,Indonesia,82341473356.0,,,-8.4554638,115.3572959,https://maps.google.com/?cid=0x0:0x3d794ce7f9220911,
supermarket,Toko,HOMESTORE UD.SARI BUNCING  CENDOLEO,"Lc Subak Aya, Jl. Tirta Pebini, Kawan, Kec. Bangli, Kabupaten Bangli, Bali 80613","Jl. Tirta Pebini, Kawan, Kec. Bangli, Kabupaten Bangli",BALI,80613.0,Indonesia,,,,-8.4654457,115.3508456,https://maps.google.com/?cid=0x0:0x6bddc2177783f02,
supermarket,Toko bahan makanan,Bisnis makanan,"Br umayar, Kawan, Kec. Bangli, Kabupaten Bangli, Bali 80614","Kawan, Kec. Bangli, Kabupaten Bangli",BALI,80614.0,Indonesia,85935229341.0,,,-8.454303,115.354897,https://maps.google.com/?cid=0x0:0x187d46ecbdb8945,
supermarket,Grosir Perlengkapan Rumah Tangga,Toko Nusa,"G9V4+XGR, Jl. Merdeka, Kawan, Kec. Bangli, Kabupaten Bangli, Bali 80614","Jl. Merdeka, Kawan, Kec. Bangli, Kabupaten Bangli",BALI,80614.0,Indonesia,36691558.0,,,-8.4550178,115.3562669,https://maps.google.com/?cid=0x0:0xba53ed903811dc4b,
supermarket,Toko Swalayan,Warung Tri Rama,"G9P3+5RQ, Jl. Merdeka, Kawan, Komplek pertokoan, Kabupaten Bangli, Bali 80614","Jl. Merdeka, Kawan, Komplek pertokoan, Kabupaten Bangli",BALI,80614.0,Indonesia,85792180941.0,,,-8.464538,115.3546119,https://maps.google.com/?cid=0x0:0x249f29293dba2671,
supermarket,Toko bahan makanan,Yopan Store,"Kawan, Kec. Bangli, Kabupaten Bangli, Bali 80614","Kec. Bangli, Kabupaten Bangli",BALI,80614.0,Indonesia,81337915241.0,,,-8.454303,115.354897,https://maps.google.com/?cid=0x0:0x5bac4e8af88ca00e,
supermarket,Toko Swalayan,Pandefam,"G9Q6+W6X, Unnamed Road, Kawan, Kec. Bangli, Kabupaten Bangli, Bali 80614","Unnamed Road, Kawan, Kec. Bangli, Kabupaten Bangli",BALI,80614.0,Indonesia,82247294952.0,,,-8.4601381,115.3606111,https://maps.google.com/?cid=0x0:0x85fd11e0d1afb544,
supermarket,Toko Sepatu,Cibaduyut,"Jl. Merdeka No.12, Kawan, Kec. Bangli, Kabupaten Bangli, Bali 80613","Kawan, Kec. Bangli, Kabupaten Bangli",BALI,80613.0,Indonesia,36693437.0,,,-8.4551389,115.3562563,https://maps.google.com/?cid=0x0:0xac4169bcf327d362,
supermarket,Toko Perlengkapan Rumah,Toko Nila Sari,"G9V4+VG6, Jl. Merdeka, Kawan, Kec. Bangli, Kabupaten Bangli, Bali 80614","Jl. Merdeka, Kawan, Kec. Bangli, Kabupaten Bangli",BALI,80614.0,Indonesia,81239642269.0,,,-8.4553333,115.3562636,https://maps.google.com/?cid=0x0:0x87fd76151ccbe614,
supermarket,Toko bahan makanan,Toko Murah Rejeki Bangli,"Jl. Belimbing No.46, Kawan, Kec. Bangli, Kabupaten Bangli, Bali 80613","Kawan, Kec. Bangli, Kabupaten Bangli",BALI,80613.0,Indonesia,,,,-8.4557906,115.3567155,https://maps.google.com/?cid=0x0:0xdfe989a17d2cd3ac,
supermarket,Toko Roti,Holland Bakery Bangli,"Jl. Merdeka No.108, Bebalang, Kec. Bangli, Kabupaten Bangli, Bali 80614","Bebalang, Kec. Bangli, Kabupaten Bangli",BALI,80614.0,Indonesia,89604457092.0,,,-8.4755696,115.3522323,https://maps.google.com/?cid=0x0:0x97a1073a0d503f4f,
supermarket,Toko,UD SARI BUNCING BEBALANG BANGLI,"Jl. Merdeka No.153B, Bebalang, Kec. Bangli, Kabupaten Bangli, Bali 80614","Bebalang, Kec. Bangli, Kabupaten Bangli",BALI,80614.0,Indonesia,85737411124.0,,,-8.4757566,115.3522816,https://maps.google.com/?cid=0x0:0x3239e4263e5f782,
supermarket,Pasar,Pasar Kidul Bangli,"Jl. Merdeka No.58, Kawan, Kec. Bangli, Kabupaten Bangli, Bali 80614","Kawan, Kec. Bangli, Kabupaten Bangli",BALI,80614.0,Indonesia,,,,-8.4553333,115.356461,https://maps.google.com/?cid=0x0:0x7ac7b39d4989e4b1,
supermarket,Pusat Perbelanjaan,JESSE14STORE,"G9C2+3H3, Jl. Merdeka, Bebalang, Kec. Bangli, Kabupaten Bangli, Bali 80614","Jl. Merdeka, Bebalang, Kec. Bangli, Kabupaten Bangli",BALI,80614.0,Indonesia,895339162591.0,,,-8.4798674,115.3514211,https://maps.google.com/?cid=0x0:0xe24a845fc7af1a70,
supermarket,Toko Buku,Toko Buku Guna Artha,"G9W4+744, JL. Merdeka, Terminal Lokangraan, Kawan, Kec. Bangli, Kabupaten Bangli, Bali 80614","JL. Merdeka, Terminal Lokangraan, Kawan, Kec. Bangli, Kabupaten Bangli",BALI,80614.0,Indonesia,36691119.0,,,-8.4543501,115.3553308,https://maps.google.com/?cid=0x0:0xe6955dd6bf2a825d,
supermarket,supermarket,Bali 80652,"Kec. Kintamani, Kabupaten Bangli, Bali","Kabupaten Bangli, Bali",BALI,,Indonesia,,,,-8.2172149,115.3548713,https://maps.google.com/?cid=0x0:0x1c00c5eb6016bf60,
supermarket,Pusat Perbelanjaan,Maruti Kintamani,"Q82H+6HX, Jalan Raya, Kintamani, Bangli Regency, Bali 80652","Jalan Raya, Kintamani, Bangli Regency",BALI,80652.0,Indonesia,8123958920.0,,,-8.2493921,115.3289993,https://maps.google.com/?cid=0x0:0xd596ba576a4fc9c8,
supermarket,Minimarket,Bi Mart,"P996+Q29, Batur Tengah, Kec. Kintamani, Kabupaten Bangli, Bali 80652","Batur Tengah, Kec. Kintamani, Kabupaten Bangli",BALI,80652.0,Indonesia,81526808108.0,,,-8.2805895,115.360104,https://maps.google.com/?cid=0x0:0xcc752cc96964114f,
supermarket,Minimarket,Indomaret Kintamani,"Jl. Raya Kintamani, Batur Utara, Kintamani, North Batur, Bangli, Bangli Regency, Bali 80652","Batur Utara, Kintamani, North Batur, Bangli, Bangli Regency",BALI,80652.0,Indonesia,816500580.0,,,-8.2473635,115.3279083,https://maps.google.com/?cid=0x0:0xb0c70b56cc22cae1,
supermarket,Minimarket,Toko Cahaya / Indomaret Kintamani,"Jalan Raya, Kintamani, Bangli Regency, Bali 80652","Kintamani, Bangli Regency",BALI,80652.0,Indonesia,81916115458.0,,,-8.2388631,115.3250163,https://maps.google.com/?cid=0x0:0xd8d8644f00591456,
supermarket,Minimarket,Indomaret Geopark Kintamani,"P8HW+7HV, Jl. Raya Penelokan, Batur Sel., Kec. Kintamani, Kabupaten Bangli, Bali 80652","Jl. Raya Penelokan, Batur Sel., Kec. Kintamani, Kabupaten Bangli",BALI,80652.0,Indonesia,,,,-8.2715881,115.3462851,https://maps.google.com/?cid=0x0:0xaf3d15d031341f92,
supermarket,Minimarket,Circle K Kintamani Planet,"Jl. Raya Penelokan No.889, Batur Tengah, Kec. Kintamani, Kabupaten Bangli, Bali 80652","Batur Tengah, Kec. Kintamani, Kabupaten Bangli",BALI,80652.0,Indonesia,,,,-8.2683047,115.3422846,https://maps.google.com/?cid=0x0:0x6560515997e6fa0b,
supermarket,Toko bahan makanan,Indomaret Junction Batur Lake,"P997+47R, Batur Tengah, Kec. Kintamani, Kabupaten Bangli, Bali 80652","Batur Tengah, Kec. Kintamani, Kabupaten Bangli",BALI,80652.0,Indonesia,,,,-8.2821302,115.3631362,https://maps.google.com/?cid=0x0:0x1a94468e2c942431,
supermarket,Minimarket,LESTARI MART,"P9XW+JHW, Jl. Pendakian Gn. Batur, Batur Tengah, Kec. Kintamani, Kabupaten Bangli, Bali 80652","Jl. Pendakian Gn. Batur, Batur Tengah, Kec. Kintamani, Kabupaten Bangli",BALI,80652.0,Indonesia,87863214333.0,,,-8.2508975,115.3964394,https://maps.google.com/?cid=0x0:0x7f304b850fccf869,
supermarket,Kedai Kopi,AKASA Specialty Coffee,"Jl. Raya Penelokan No.777, Batur Tengah, Kec. Kintamani, Kabupaten Bangli, Bali 80652","Batur Tengah, Kec. Kintamani, Kabupaten Bangli",BALI,80652.0,Indonesia,87787657957.0,,,-8.2796067,115.3575395,https://maps.google.com/?cid=0x0:0xa5be2accdf6b4ba8,
supermarket,supermarket,Cirle k Kintamani Kyana,"P8PQ+XWF, Jl. Raya Penelokan, Batur Sel., Kec. Kintamani, Kabupaten Bangli, Bali 80652","Jl. Raya Penelokan, Batur Sel., Kec. Kintamani, Kabupaten Bangli",BALI,80652.0,Indonesia,,,,-8.2625713,115.3398005,https://maps.google.com/?cid=0x0:0xd7f151e889afe04a,
supermarket,Toko Swalayan,Warung Praba Dwita,"Jl. Pura Bukit Catu No.Desa, Songan A, Kec. Kintamani, Kabupaten Bangli, Bali 80652","Songan A, Kec. Kintamani, Kabupaten Bangli",BALI,80652.0,Indonesia,,,,-8.2305626,115.3920978,https://maps.google.com/?cid=0x0:0x1212c110bba07df1,
supermarket,Minimarket,CIRCLE K KINTAMANI VIEW,"P8GX+R38, Batur Tengah, Kec. Kintamani, Kabupaten Bangli, Bali 80652","Batur Tengah, Kec. Kintamani, Kabupaten Bangli",BALI,80652.0,Indonesia,,,,-8.2729749,115.3476939,https://maps.google.com/?cid=0x0:0xa837843dcb7f1c69,
supermarket,Kedai Kopi,Pahdi Specialty Coffee,"P8FX+WJF, Jl. Raya Penelokan, Batur Tengah, Kec. Kintamani, Kabupaten Bangli, Bali 80652","Jl. Raya Penelokan, Batur Tengah, Kec. Kintamani, Kabupaten Bangli",BALI,80652.0,Indonesia,8113971277.0,,,-8.2750595,115.348932,https://maps.google.com/?cid=0x0:0x38832355638ac00c,
supermarket,supermarket,Avril Mart 4 Pinggan Kintamani,"Q9RC+XM7, Pinggan, Kec. Kintamani, Kabupaten Bangli, Bali 80652","Pinggan, Kec. Kintamani, Kabupaten Bangli",BALI,80652.0,Indonesia,,,,-8.2076077,115.3716808,https://maps.google.com/?cid=0x0:0xac48bbca017d19a1,
supermarket,Minimarket,Alfamart View Gunung Batur,"P8MR+4QM, Jl. Raya Penelokan, Batur Sel., Kec. Kintamani, Kabupaten Bangli, Bali 80652","Jl. Raya Penelokan, Batur Sel., Kec. Kintamani, Kabupaten Bangli",BALI,80652.0,Indonesia,,,,-8.2671682,115.3419252,https://maps.google.com/?cid=0x0:0x2c1ee9e07834be56,
supermarket,Minimarket,indomaret penelokan,"Jl. Raya Penelokan No.1, Sekardadi, Kec. Kintamani, Kabupaten Bangli, Bali 80652","Sekardadi, Kec. Kintamani, Kabupaten Bangli",BALI,80652.0,Indonesia,,,,-8.2852787,115.3647776,https://maps.google.com/?cid=0x0:0x26e85acc98f0c07d,
supermarket,Kedai Kopi,STARBUCKS KINTAMANI BALI,"Batur Tengah, Kec. Kintamani, Kabupaten Bangli, Bali 80256","Kec. Kintamani, Kabupaten Bangli",BALI,80256.0,Indonesia,3665561578.0,,,-8.2715199,115.3462054,https://maps.google.com/?cid=0x0:0xffe5fc7874121a93,
supermarket,Kafe,el lago,"Jl. Raya Penelokan No.899, Batur Sel., Kec. Kintamani, Kabupaten Bangli, Bali 80652","Batur Sel., Kec. Kintamani, Kabupaten Bangli",BALI,80652.0,Indonesia,87884530150.0,,,-8.2674591,115.342025,https://maps.google.com/?cid=0x0:0xd22074e770cf737d,
supermarket,Minimarket,Merta Sedana Mart,"QCF2+M8R, Songan A, Kec. Kintamani, Kabupaten Bangli, Bali 80652","Songan A, Kec. Kintamani, Kabupaten Bangli",BALI,80652.0,Indonesia,,,,-8.2257503,115.4007783,https://maps.google.com/?cid=0x0:0x969847f0408c6332,
supermarket,,Deltra Penelokan,"Jl. Raya Penelokan, Batur Tengah, Kec. Kintamani, Kabupaten Bangli, Bali 80652","Batur Tengah, Kec. Kintamani, Kabupaten Bangli",BALI,80652.0,Indonesia,82266476116.0,,,-8.2807553,115.3596348,https://maps.google.com/?cid=0x0:0x40614ffc5817d3f9,
supermarket,supermarket,Kintamani,"Batur Utara, Kec. Kintamani, Kabupaten Bangli, Bali","Kabupaten Bangli, Bali",BALI,,Indonesia,,,,-8.2528889,115.3324266,https://maps.google.com/?cid=0x0:0x11019959a8f510b7,
supermarket,Toko Swalayan,Toko Langit Utara,"P8WM+P7G, Jalan Raya, North Batur, Kintamani, Bangli Regency, Bali 80652","Jalan Raya, North Batur, Kintamani, Bangli Regency",BALI,80652.0,Indonesia,81246383235.0,,,-8.2531762,115.3331881,https://maps.google.com/?cid=0x0:0x703d8223c44f6a56,
supermarket,Minimarket,Indomaret Gunung Batur,"P8WM+GFG, Batur Utara, Kec. Kintamani, Kabupaten Bangli, Bali 80652","Batur Utara, Kec. Kintamani, Kabupaten Bangli",BALI,80652.0,Indonesia,8873304477.0,,,-8.2536936,115.3336986,https://maps.google.com/?cid=0x0:0xde955eb8e2840115,
supermarket,Toko,Warung Verdi,"P8WJ+WVH, Batur Utara, Kec. Kintamani, Kabupaten Bangli, Bali 80652","Batur Utara, Kec. Kintamani, Kabupaten Bangli",BALI,80652.0,Indonesia,82247608195.0,,,-8.2526793,115.3322278,https://maps.google.com/?cid=0x0:0x7243ccd13b97edfe,
supermarket,Minimarket,Alfamart Kintamani 1,"Jl. Raya Kintamani, Kintamani, Kec. Kintamani, Kabupaten Bangli, Bali 80652","Kintamani, Kec. Kintamani, Kabupaten Bangli",BALI,80652.0,Indonesia,1500959.0,,,-8.2508297,115.3294993,https://maps.google.com/?cid=0x0:0xdbdb87e030a52ba5,
supermarket,Toko,TOKO S3A Batur,"P8WM+P3Q, Jalan Raya, North Batur, Kintamani, Bangli Regency, Bali 80652","Jalan Raya, North Batur, Kintamani, Bangli Regency",BALI,80652.0,Indonesia,81338590172.0,,,-8.2531583,115.3327197,https://maps.google.com/?cid=0x0:0xf050fb68305aafb7,
supermarket,Toko,TOKO MAHA,"P8WM+Q2C, Jl. Raya Kintamani, Batur Utara, Kec. Kintamani, Kabupaten Bangli, Bali 80652","Jl. Raya Kintamani, Batur Utara, Kec. Kintamani, Kabupaten Bangli",BALI,80652.0,Indonesia,,,,-8.2530574,115.3325082,https://maps.google.com/?cid=0x0:0xfd214a21622dbfee,
supermarket,Toko Makanan,Cetring citra rasa,"Komplek, blok f no 16, Kintamani, Kec. Kintamani, Kabupaten Bangli, Bali 80652","blok f no 16, Kintamani, Kec. Kintamani, Kabupaten Bangli",BALI,80652.0,Indonesia,,,,-8.2529405,115.3324592,https://maps.google.com/?cid=0x0:0xe2779810fe178f63,
supermarket,supermarket,Susut,"Sulahan, Kec. Susut, Kabupaten Bangli, Bali","Kabupaten Bangli, Bali",BALI,,Indonesia,,,,-8.424873,115.346001,https://maps.google.com/?cid=0x0:0xc2e9cdd58e9468fb,
supermarket,Toko,Warung DWISUKMA,"H8PW+H62, Unnamed Road, Sulahan, Kec. Susut, Kabupaten Bangli, Bali 80661","Unnamed Road, Sulahan, Kec. Susut, Kabupaten Bangli",BALI,80661.0,Indonesia,,,,-8.4136212,115.3455076,https://maps.google.com/?cid=0x0:0x866e7f370bb36204,
supermarket,Toko bahan makanan,Kios Merta Sari,"H8CP+2R, Susut, Kec. Susut, Kabupaten Bangli, Bali 80661","Susut, Kec. Susut, Kabupaten Bangli",BALI,80661.0,Indonesia,81237588523.0,,,-8.4298941,115.3370416,https://maps.google.com/?cid=0x0:0xa6020918e9161926,
supermarket,Toko,WARUNG ARI,"H8FW+XQJ, Jl. Putra Yuda, Sulahan, Kec. Susut, Kabupaten Bangli, Bali 80661","Jl. Putra Yuda, Sulahan, Kec. Susut, Kabupaten Bangli",BALI,80661.0,Indonesia,85237579966.0,,,-8.4250407,115.3468915,https://maps.google.com/?cid=0x0:0x7e208a048f0b888,
supermarket,Toko,Warung Vika,"H8FX+VCQ, Sulahan, Kec. Susut, Kabupaten Bangli, Bali 80661","Sulahan, Kec. Susut, Kabupaten Bangli",BALI,80661.0,Indonesia,82339699329.0,,,-8.4252918,115.3486201,https://maps.google.com/?cid=0x0:0x5d47f6fcd030a698,
supermarket,Toko Swalayan,Warung 99,"J84V+M94, Jl. Raya Bitra, Pengiangan, Kec. Susut, Kabupaten Bangli, Bali 80661","Jl. Raya Bitra, Pengiangan, Kec. Susut, Kabupaten Bangli",BALI,80661.0,Indonesia,,,,-8.3933511,115.3434507,https://maps.google.com/?cid=0x0:0xe4efa3c9eef3c838,
supermarket,Toko,Indomaret,"J983+GGM, Jl. Kesumayudha, Tiga, Kec. Susut, Kabupaten Bangli, Bali 80661","Jl. Kesumayudha, Tiga, Kec. Susut, Kabupaten Bangli",BALI,80661.0,Indonesia,85338545758.0,,,-8.3836694,115.3537839,https://maps.google.com/?cid=0x0:0x2f9e588387691681,
supermarket,Toko,CAHAYA PLASTIK,"H8GW+9WV, Jl. Putra Yuda, Sulahan, Kec. Susut, Kabupaten Bangli, Bali 80661","Jl. Putra Yuda, Sulahan, Kec. Susut, Kabupaten Bangli",BALI,80661.0,Indonesia,83114599087.0,,,-8.4240222,115.347303,https://maps.google.com/?cid=0x0:0xde478fba6c51c213,
supermarket,Toko Suvenir,Brazzers souvenir,"Br Tangghan Peken, Sulahan, Kec. Susut, Kabupaten Bangli, Bali 80661","Sulahan, Kec. Susut, Kabupaten Bangli",BALI,80661.0,Indonesia,85238408611.0,,,-8.4241069,115.3468077,https://maps.google.com/?cid=0x0:0x1ed8f68716597fdd,
supermarket,Toko,UD Rajin Mandiri,"H8FW+RPQ, Jl. Kesumayudha, Sulahan, Kec. Susut, Kabupaten Bangli, Bali 80661","Jl. Kesumayudha, Sulahan, Kec. Susut, Kabupaten Bangli",BALI,80661.0,Indonesia,85238909808.0,,,-8.4254186,115.3468747,https://maps.google.com/?cid=0x0:0x2b61c2faac2ecb47,
supermarket,Toko,Kopi Nini,"H8GW+4F2, JL Br. Demulih, Susut, Sulahan, Kec. Bangli, Kabupaten Bangli, Bali 80661","JL Br. Demulih, Susut, Sulahan, Kec. Bangli, Kabupaten Bangli",BALI,80661.0,Indonesia,81236944574.0,,,-8.424744,115.346138,https://maps.google.com/?cid=0x0:0x2b15129d93f59082,
supermarket,Toko Ponsel,Pramana Cell,"Jl. Putra Yuda, Sulahan, Kec. Susut, Kabupaten Bangli, Bali 80661","Sulahan, Kec. Susut, Kabupaten Bangli",BALI,80661.0,Indonesia,81916006037.0,,,-8.4240782,115.3472722,https://maps.google.com/?cid=0x0:0xa6133118475f0106,
supermarket,Toko Perlengkapan Rumah,Toko Enka,"G8WQ+H7Q, Demulih, Kec. Susut, Kabupaten Bangli, Bali 80661","Demulih, Kec. Susut, Kabupaten Bangli",BALI,80661.0,Indonesia,,,,-8.4535486,115.3382338,https://maps.google.com/?cid=0x0:0x6191d995a3b0d927,
supermarket,Toko Elektronik,Kencana Cell 2,"Jl. Kesumayudha No.55-45, Sulahan, Kec. Susut, Kabupaten Bangli, Bali 80661","Sulahan, Kec. Susut, Kabupaten Bangli",BALI,80661.0,Indonesia,85857136270.0,,,-8.4256764,115.3466408,https://maps.google.com/?cid=0x0:0xb73ddee33ecb5c29,
supermarket,Toko Swalayan,Diopi Mart,"H86J+544, Unnamed Road, Susut, Kec. Susut, Kabupaten Bangli, Bali 80661","Unnamed Road, Susut, Kec. Susut, Kabupaten Bangli",BALI,80661.0,Indonesia,85737414388.0,,,-8.4396173,115.3303407,https://maps.google.com/?cid=0x0:0x8558d6c2b8970077,
supermarket,Toko Perlengkapan Rumah,Warung Bu Suari,"H85H+3W4, Susut, Kec. Susut, Kabupaten Bangli, Bali 80661","Susut, Kec. Susut, Kabupaten Bangli",BALI,80661.0,Indonesia,,,,-8.442359,115.32982,https://maps.google.com/?cid=0x0:0x1532e4f12e9974dc,
supermarket,Kantor Perusahaan,"Bumdes Silihasih, Desa Susut Bangli","Susut, Kec. Susut, Kabupaten Bangli, Bali 80661","Kec. Susut, Kabupaten Bangli",BALI,80661.0,Indonesia,82236943358.0,,,-8.4369485,115.330652,https://maps.google.com/?cid=0x0:0x124bcd3844add2cb,
supermarket,Toko bahan makanan,ASRI MART,"H85V+72J, Jl. Kesumayudha, Susut, Kec. Susut, Kabupaten Bangli, Bali 80661","Jl. Kesumayudha, Susut, Kec. Susut, Kabupaten Bangli",BALI,80661.0,Indonesia,,,,-8.442347,115.3423888,https://maps.google.com/?cid=0x0:0x48587e4a9cbda0b4,
supermarket,Toko bahan makanan,Alfamart,"H8JX+97G, Jl. Kesumayudha, Sulahan, Kec. Susut, Kabupaten Bangli, Bali","Kabupaten Bangli, Bali",BALI,,Indonesia,,,,-8.419065,115.3481974,https://maps.google.com/?cid=0x0:0xef3ec4c578f7e423,
supermarket,Pusat Perbelanjaan,Warung Mundung,"Abuan, Kec. Susut, Kabupaten Bangli, Bali 80661","Kec. Susut, Kabupaten Bangli",BALI,80661.0,Indonesia,81943342888.0,,,-8.4622133,115.3286819,https://maps.google.com/?cid=0x0:0x98678cc8f43d9366,
supermarket,Toko Swalayan,Warung Samiasih (Bu Wis),"M948+RGW, Jl. Nusantara, Landih, Kec. Bangli, Kabupaten Bangli, Bali 80614","Jl. Nusantara, Landih, Kec. Bangli, Kabupaten Bangli",BALI,80614.0,Indonesia,,,,-8.3428777,115.3663355,https://maps.google.com/?cid=0x0:0xd23cba5b85012314,
supermarket,supermarket,Bali 80671,"Kec. Tembuku, Kabupaten Bangli, Bali","Kabupaten Bangli, Bali",BALI,,Indonesia,,,,-8.4058202,115.3904215,https://maps.google.com/?cid=0x0:0x1c00c5eb6016bf80,
supermarket,Toko bahan makanan,ARTA MART,"G9WP+R7H, Tembuku, Kec. Tembuku, Kabupaten Bangli, Bali 80671","Tembuku, Kec. Tembuku, Kabupaten Bangli",BALI,80671.0,Indonesia,87783973420.0,,,-8.4529413,115.3856975,https://maps.google.com/?cid=0x0:0xfef563447a8824df,
supermarket,Toko bahan makanan,Warung Kresna (Bu Andi),"Jl. Kresna, Yangapi, Kec. Tembuku, Kabupaten Bangli, Bali 80671","Yangapi, Kec. Tembuku, Kabupaten Bangli",BALI,80671.0,Indonesia,81238742412.0,,,-8.3890933,115.381401,https://maps.google.com/?cid=0x0:0xa41dd1d45e5b3996,
supermarket,Toko bahan makanan,Jaya agni,"H9VR+M5F, Jehem, Kec. Tembuku, Kabupaten Bangli, Bali 80671","Jehem, Kec. Tembuku, Kabupaten Bangli",BALI,80671.0,Indonesia,85858672318.0,,,-8.4058202,115.3904215,https://maps.google.com/?cid=0x0:0x489b3070a7e59e1,
supermarket,Toko Kelontong Asia,WARUNG Van CUKOng,"H9RR+494 Banjar dinas Sukajiwa, Yangapi, Kec. Tembuku, Kabupaten Bangli, Bali 80671","Yangapi, Kec. Tembuku, Kabupaten Bangli",BALI,80671.0,Indonesia,82237741799.0,,,-8.4097478,115.390967,https://maps.google.com/?cid=0x0:0x9fe459d3077867c4,
supermarket,Toko bahan makanan,"Warung We Dagang,","H92V+HW7, Undisan, Kec. Tembuku, Kabupaten Bangli, Bali 80671","Undisan, Kec. Tembuku, Kabupaten Bangli",BALI,80671.0,Indonesia,,,,-8.4485787,115.3947943,https://maps.google.com/?cid=0x0:0x110e8b0f976e72ac,
supermarket,Toko bahan makanan,Warung Nang veri,"J9CW+MX7, Peninjoan, Kec. Tembuku, Kabupaten Bangli, Bali 80671","Peninjoan, Kec. Tembuku, Kabupaten Bangli",BALI,80671.0,Indonesia,,,,-8.378345,115.3974301,https://maps.google.com/?cid=0x0:0x1d31ca45f379bab1,
supermarket,Toko bahan makanan,UD. Bukti Sari,"H9GF+VXV, Tembuku, Kec. Tembuku, Kabupaten Bangli, Bali 80612","Tembuku, Kec. Tembuku, Kabupaten Bangli",BALI,80612.0,Indonesia,,,,-8.4227673,115.3749076,https://maps.google.com/?cid=0x0:0x6f71a14a30fe7f0b,
supermarket,Toko Kelontong Asia,Avatar toko wayan sutaba,"H9VM+QPQ, Yangapi, Kec. Tembuku, Kabupaten Bangli, Bali 80671","Yangapi, Kec. Tembuku, Kabupaten Bangli",BALI,80671.0,Indonesia,85237877312.0,,,-8.4055479,115.3843573,https://maps.google.com/?cid=0x0:0x6585afbfe13e0e21,
supermarket,Kedai Kopi,NADIA STUDIO FHOTO,"10mter pertigaan memasuki watterfool tukad cepung penida klod, Tembuku, Kec. Tembuku, Kabupaten Bangli, Bali 80671","Tembuku, Kec. Tembuku, Kabupaten Bangli",BALI,80671.0,Indonesia,,,,-8.4400436,115.3866921,https://maps.google.com/?cid=0x0:0xf31fca424a6e6468,
supermarket,Toko bahan makanan,Ud guna sari,"Jl. Erlangga, Jehem, Kec. Tembuku, Kabupaten Bangli, Bali 80671","Jehem, Kec. Tembuku, Kabupaten Bangli",BALI,80671.0,Indonesia,85237660786.0,,,-8.4449137,115.3784015,https://maps.google.com/?cid=0x0:0xf1a87dc5b6f9e4eb,
supermarket,Toko Kelontong Asia,B Budi,"H95R+422, Jalan, Yangapi, Tembuku, Bangli Regency, Bali 80617","Jalan, Yangapi, Tembuku, Bangli Regency",BALI,80617.0,Indonesia,81338828741.0,,,-8.4422347,115.3900108,https://maps.google.com/?cid=0x0:0x9d0f0283adfb3d0a,
supermarket,Minimarket,Indomaret raya besakih,"HC33+H3H, Jl. Raya Besakih, Bangbang, Kec. Tembuku, Kabupaten Bangli, Bali 80671","Jl. Raya Besakih, Bangbang, Kec. Tembuku, Kabupaten Bangli",BALI,80671.0,Indonesia,,,,-8.4460682,115.4027344,https://maps.google.com/?cid=0x0:0xffad573f0b9c94c5,
supermarket,Toko,Warung Sri Murti,"H9CJ+294, Jehem, Kec. Tembuku, Kabupaten Bangli, Bali 80671","Jehem, Kec. Tembuku, Kabupaten Bangli",BALI,80671.0,Indonesia,82237844047.0,,,-8.4299891,115.3809381,https://maps.google.com/?cid=0x0:0xdaa3ed1be98097ff,
supermarket,Toko bahan makanan,Warung buk jro yuda,"H9PC+P59, Jl. Rambutan, dusun galiran, Jehem, Kec. Tembuku, Kabupaten Bangli, Bali 80612","Jl. Rambutan, dusun galiran, Jehem, Kec. Tembuku, Kabupaten Bangli",BALI,80612.0,Indonesia,,,,-8.4132119,115.3704827,https://maps.google.com/?cid=0x0:0xb2e44b0c8b8d2d36,
supermarket,Toko bahan makanan,Indomaret Nusantara,"H934+8H7, Jl. Nusantara, Cempaga, Kec. Bangli, Kabupaten Bangli, Bali 80614","Jl. Nusantara, Cempaga, Kec. Bangli, Kabupaten Bangli",BALI,80614.0,Indonesia,,,,-8.4467216,115.3564358,https://maps.google.com/?cid=0x0:0x5cd29ebc6d866170,
supermarket,Toko bahan makanan,Warung Bu Dayu Payuk,"H99X+3PJ, Jl. Peninjoan, Peninjoan, Kec. Tembuku, Kabupaten Bangli, Bali 80671","Jl. Peninjoan, Peninjoan, Kec. Tembuku, Kabupaten Bangli",BALI,80671.0,Indonesia,,,,-8.4322992,115.3992668,https://maps.google.com/?cid=0x0:0x9bfe492281298555,
supermarket,Toko bahan makanan,Toko Wayan Janten,"H93Q+8Q2, Yangapi, Kec. Tembuku, Kabupaten Bangli, Bali 80671","Yangapi, Kec. Tembuku, Kabupaten Bangli",BALI,80671.0,Indonesia,,,,-8.4467407,115.3893758,https://maps.google.com/?cid=0x0:0xae430a8830659578,
supermarket,Kantor Perusahaan,"GRIYA TAKSU,Geriya Intaran Kelempung","banjar kelempung, Jehem, Kec. Tembuku, Kabupaten Bangli, Bali 80614","Jehem, Kec. Tembuku, Kabupaten Bangli",BALI,80614.0,Indonesia,82144884888.0,,,-8.3744978,115.3744424,https://maps.google.com/?cid=0x0:0xb0f58c58f1087ca7,
supermarket,Toko,Ud.sari Arta,"H9JX+77V, Jl. Peninjoan, Peninjoan, Kec. Tembuku, Kabupaten Bangli, Bali 80671","Jl. Peninjoan, Peninjoan, Kec. Tembuku, Kabupaten Bangli",BALI,80671.0,Indonesia,,,,-8.4192522,115.3981862,https://maps.google.com/?cid=0x0:0xa8bed04221300645,
supermarket,Pasar,Pasar Tembuku,"G9XM+6XF, Tembuku, Kec. Tembuku, Kabupaten Bangli, Bali 80671","Tembuku, Kec. Tembuku, Kabupaten Bangli",BALI,80671.0,Indonesia,,,,-8.4519313,115.3849236,https://maps.google.com/?cid=0x0:0x702d37bd418cc363,
supermarket,Toko bahan makanan,WARUNG BUK KOMING,"H96J+784, Br Penida Kelod, Jehem, Kec. Tembuku, Kabupaten Bangli, Bali 80671","Br Penida Kelod, Jehem, Kec. Tembuku, Kabupaten Bangli",BALI,80671.0,Indonesia,,,,-8.4393531,115.3808367,https://maps.google.com/?cid=0x0:0x2b3ddbf15e87e26a,
supermarket,Toko bahan makanan,Warung menpur,"HCR5+32F, Unnamed Road, Peninjoan, Kec. Tembuku, Kabupaten Bangli, Bali 80671","Unnamed Road, Peninjoan, Kec. Tembuku, Kabupaten Bangli",BALI,80671.0,Indonesia,,,,-8.4098016,115.4075354,https://maps.google.com/?cid=0x0:0x3b10d0e0add93c6,
supermarket,Minimarket,Molleh Digital,"J93Q+W47, Yangapi, Kec. Tembuku, Kabupaten Bangli, Bali 80671","Yangapi, Kec. Tembuku, Kabupaten Bangli",BALI,80671.0,Indonesia,85333284555.0,,,-8.3952033,115.387799,https://maps.google.com/?cid=0x0:0xd26152504615f430,
