Category,Real Category,Business Name,Address,City,State,Postal Code,Country,Phone,Email,Website,Latitude,Longitude,Map Link,Details Link
mall,mall,Kec. Moa Lakor,"Kabupaten Maluku Barat Daya, Maluku","Kabupaten Maluku Barat Daya, Maluku",MALUKU,,Indonesia,,,,-81.550.646,1.277.912.166,https://maps.google.com/?cid=0x0:0xdad6338040993a27,
mall,Pasar,PASAR LAKOR,"Q4JX+4MF, Werwawan, Kec. Moa Lakor, Kabupaten Maluku Barat Daya, Maluku","Kabupaten Maluku Barat Daya, Maluku",MALUKU,,Indonesia,,,,-82.196.877,1.281.491.758,https://maps.google.com/?cid=0x0:0x97092bb171946634,
mall,Toko,TOKO BERKAT MANDIRI,"Jalan, Wakarleli, Kec. Moa Lakor, Kabupaten Maluku Barat Daya, Maluku","Kabupaten Maluku Barat Daya, Maluku",MALUKU,,Indonesia,81248162192.0,,,-81.577.946,1.277.908.492,https://maps.google.com/?cid=0x0:0xf69ab76579c0de15,
mall,Toko bahan makanan,KIOS AZRIL,"RQRQ+VQ4, Kaiwatu, Kec. Moa Lakor, Kabupaten Maluku Barat Daya, Maluku","Kabupaten Maluku Barat Daya, Maluku",MALUKU,,Indonesia,,,,-81.578.505,1.277.894.556,https://maps.google.com/?cid=0x0:0x7cc75b7204a6a5e4,
mall,Bengkel Sepeda Motor,BENGKEL JMS,"Q4MX+GQC, Werwawan, Kec. Moa Lakor, Kabupaten Maluku Barat Daya, Maluku","Kabupaten Maluku Barat Daya, Maluku",MALUKU,,Indonesia,,,,-82.161.928,1.281.493.885,https://maps.google.com/?cid=0x0:0xbf270e8d8fa409df,
mall,Toko,Sasando Mart,"Wakarleli, Kec. Moa Lakor, Kabupaten Maluku Barat Daya, Maluku","Kabupaten Maluku Barat Daya, Maluku",MALUKU,,Indonesia,82143174928.0,,,-81.577.786,1.277.999.395,https://maps.google.com/?cid=0x0:0xdc5aaef1411b10d4,
mall,Pusat Perbelanjaan,FOTOCOPY TUTHUNI DIGITAL,"RQRX+V4F, Wakarleli, Kec. Moa Lakor, Kabupaten Maluku Barat Daya, Maluku","Kabupaten Maluku Barat Daya, Maluku",MALUKU,,Indonesia,82190640775.0,,,-81.578.228,1.277.977.921,https://maps.google.com/?cid=0x0:0xcf82ed7588e3ff44,
mall,Toko bahan makanan,Kios Marhaen,"RQRR+FW5, Klis, Kec. Moa Lakor, Kabupaten Maluku Barat Daya, Maluku","Kabupaten Maluku Barat Daya, Maluku",MALUKU,,Indonesia,,,,-82.186.211,127.950.517,https://maps.google.com/?cid=0x0:0x65ee7cbbad909031,
mall,Toko,Toko Kelontong Mama Kori,"RVGQ+2PJ, Unnamed Road, Werwaru, Kec. Moa Lakor, Kabupaten Maluku Barat Daya, Maluku","Kabupaten Maluku Barat Daya, Maluku",MALUKU,,Indonesia,,,,-81.749.234,1.278.892.782,https://maps.google.com/?cid=0x0:0x339bc7b5beb0ec5,
mall,mall,Maluku 97128,"Batu Merah, Kec. Sirimau, Kota Ambon, Maluku","Kota Ambon, Maluku",MALUKU,,Indonesia,,,,-36.827.473,1.281.907.702,https://maps.google.com/?cid=0x0:0x25ce4f908fabcf46,
mall,Pusat Perbelanjaan,Gramedia Maluku City Mall,"Jalan Jenderal Sudirman. 1 Tantui Ambon UP Floor Blok UG No. 2, Jl. Jenderal Sudirman, Hative Kecil, Kec. Sirimau, Kota Ambon, Maluku 97128","Jl. Jenderal Sudirman, Hative Kecil, Kec. Sirimau, Kota Ambon",MALUKU,97128.0,Indonesia,81248557414.0,,,-36.703.427,1.281.983.406,https://maps.google.com/?cid=0x0:0xe751f5e37fa0f5c3,
mall,Pusat Perbelanjaan,Maluku City Mall (MCM),"Jl. Jenderal Sudirman No.1, Hative Kecil, Kec. Sirimau, Kota Ambon, Maluku","Kota Ambon, Maluku",MALUKU,,Indonesia,911352871.0,,,-36.702.679,1.281.981.163,https://maps.google.com/?cid=0x0:0x2f29bf0afe09144e,
mall,mall,"McMinnville, Oregon 97128","McMinnville, Oregon, Amerika Serikat","McMinnville, Oregon, Amerika Serikat",MALUKU,,Indonesia,,,,451.835.082,-1.232.842.446,https://maps.google.com/?cid=0x0:0xc66e3d07627a5de8,
mall,mall,Best Western McMinnville Inn,"2035 OR-99W, McMinnville, OR 97128, Amerika Serikat","McMinnville, OR",MALUKU,97128.0,Indonesia,15034724900.0,,,45.193.537,-1.232.109.149,https://maps.google.com/?cid=0x0:0x57e0e41650d16acf,
mall,Pusat Perbelanjaan,Ambon City Center (ACC),"Jl. Wolter Monginsidi, Passo, Kec. Baguala, Kota Ambon, Maluku 97232","Passo, Kec. Baguala, Kota Ambon",MALUKU,97232.0,Indonesia,9113869522.0,,,-36.320.889,1.282.495.582,https://maps.google.com/?cid=0x0:0x91b8ed9da337adeb,
mall,Pusat Perbelanjaan,Maluku City Mall (MCM),"Jl. Jenderal Sudirman No.1, Hative Kecil, Kec. Sirimau, Kota Ambon, Maluku","Kota Ambon, Maluku",MALUKU,,Indonesia,911352871.0,,,-36.702.679,1.281.981.163,https://maps.google.com/?cid=0x0:0x2f29bf0afe09144e,
mall,Jepang,Ichiban Sushi - Maluku City Mall,"Jl. Jenderal Sudirman No.1, Lantai No.9 UG Blok G, No 8A, Hative Kecil, Sirimau, Kota Ambon, Maluku","Kota Ambon, Maluku",MALUKU,,Indonesia,895357270204.0,,,-36.699.578,128.198.051,https://maps.google.com/?cid=0x0:0xf2c6c9f7bce048b8,
mall,mall,BUMDES LEKWARY MANDIRI,"RQVR+J73, Wakarleli, Kec. Moa Lakor, Kabupaten Maluku Barat Daya, Maluku","Kabupaten Maluku Barat Daya, Maluku",MALUKU,,Indonesia,,,,-81.559.806,1.277.906.771,https://maps.google.com/?cid=0x0:0xf0dd369ae59366cd,
mall,Pusat Perbelanjaan,Maluku City Mall (MCM),"Jl. Jenderal Sudirman No.1, Hative Kecil, Kec. Sirimau, Kota Ambon, Maluku","Kota Ambon, Maluku",MALUKU,,Indonesia,911352871.0,,,-36.702.679,1.281.981.163,https://maps.google.com/?cid=0x0:0x2f29bf0afe09144e,
mall,Pusat Perbelanjaan,Ambon City Center (ACC),"Jl. Wolter Monginsidi, Passo, Kec. Baguala, Kota Ambon, Maluku 97232","Passo, Kec. Baguala, Kota Ambon",MALUKU,97232.0,Indonesia,9113869522.0,,,-36.320.889,1.282.495.582,https://maps.google.com/?cid=0x0:0x91b8ed9da337adeb,
mall,Jepang,Ichiban Sushi - Maluku City Mall,"Jl. Jenderal Sudirman No.1, Lantai No.9 UG Blok G, No 8A, Hative Kecil, Sirimau, Kota Ambon, Maluku","Kota Ambon, Maluku",MALUKU,,Indonesia,895357270204.0,,,-36.699.578,128.198.051,https://maps.google.com/?cid=0x0:0xf2c6c9f7bce048b8,
mall,Komplek perumahan,HIERA - THE HEARTLAND OF BSD CITY,"Jl. Raya Kadusirung, Kadu Sirung, Kec. Pagedangan, Kabupaten Tangerang, Banten 15336","Kadu Sirung, Kec. Pagedangan, Kabupaten Tangerang",MALUKU,15336.0,Indonesia,2150519988.0,,,-63.280.415,1.066.058.635,https://maps.google.com/?cid=0x0:0xddd1e2da090be5e6,
mall,Kios,ICON 5 Business Park,"Icon 5 Business Park, Kabupaten Tangerang, Banten 15345",Kabupaten Tangerang,MALUKU,15345.0,Indonesia,8159137981.0,,,-63.178.932,1.066.442.522,https://maps.google.com/?cid=0x0:0x7106cc620f98723f,
mall,Pusat Perbelanjaan,Blok M Plaza,"Jl. Bulungan No.76, RT.6/RW.6, Kramat Pela, Kec. Kby. Baru, Kota Jakarta Selatan, Daerah Khusus Ibukota Jakarta 12130","RT.6/RW.6, Kramat Pela, Kec. Kby. Baru, Kota Jakarta Selatan",MALUKU,12130.0,Indonesia,217209288.0,,,-62.441.189,1.067.976.404,https://maps.google.com/?cid=0x0:0x3e110f817acb352d,
mall,Toko Pakaian,Carstensz Mall,"Jl. Jenderal Sudirman No.1, Cihuni, Kec. Pagedangan, Kabupaten Tangerang, Banten 15332","Cihuni, Kec. Pagedangan, Kabupaten Tangerang",MALUKU,15332.0,Indonesia,81290700800.0,,,-62.699.041,1.066.306.189,https://maps.google.com/?cid=0x0:0x21141758f9f3a838,
mall,Toko Swalayan,Ararasa BSD,"Jl. BSD Raya Utama, Lengkong Kulon, Kec. Pagedangan, Kabupaten Tangerang, Banten 15331","Lengkong Kulon, Kec. Pagedangan, Kabupaten Tangerang",MALUKU,15331.0,Indonesia,,,,-62.822.752,1.066.372.762,https://maps.google.com/?cid=0x0:0x2372a05b061d99f8,
mall,Pusat Perbelanjaan,Mall Plaza Senayan,"Jl. Asia Afrika No.8, RT.1/RW.3, Gelora, Kecamatan Tanah Abang, Kota Jakarta Pusat, Daerah Khusus Ibukota Jakarta 10270","RT.1/RW.3, Gelora, Kecamatan Tanah Abang, Kota Jakarta Pusat",MALUKU,10270.0,Indonesia,215725555.0,,,-62.255.918,1.067.993.027,https://maps.google.com/?cid=0x0:0x788e3a1eef75ac94,
mall,Mal outlet,Supermal Karawaci,"Jl. Boulevard Diponegoro No.105, Bencongan, Kec. Klp. Dua, Kabupaten Tangerang, Banten 15810","Bencongan, Kec. Klp. Dua, Kabupaten Tangerang",MALUKU,15810.0,Indonesia,215466666.0,,,-62.268.116,1.066.070.233,https://maps.google.com/?cid=0x0:0xc5927a7be82e23b8,
mall,Pusat Perbelanjaan,The Breeze BSD City,"BSD, Jl. BSD Green Office Park Jl. BSD Grand Boulevard, Sampora, Kec. Cisauk, Kabupaten Tangerang, Banten 15345","Jl. BSD Green Office Park Jl. BSD Grand Boulevard, Sampora, Kec. Cisauk, Kabupaten Tangerang",MALUKU,15345.0,Indonesia,2150387070.0,,,-63.013.244,1.066.533.703,https://maps.google.com/?cid=0x0:0xf5e7f5736ced52fa,
mall,Perusahaan Manajemen Properti,Hiera Marketing Gallery,"Green Office Park, The Breeze - Lake Level L. 03, Bsd City, Jl. BSD Grand Boulevard blok L no. L03, Kabupaten Tangerang, Banten 15345","The Breeze - Lake Level L. 03, Bsd City, Jl. BSD Grand Boulevard blok L no. L03, Kabupaten Tangerang",MALUKU,15345.0,Indonesia,81299417338.0,,,-63.010.406,1.066.532.345,https://maps.google.com/?cid=0x0:0x1fc0601d41ce8ce7,
mall,Pusat Perbelanjaan,Market City BSD Mal Ararasa,"Jl. Bsd Raya Utama, BSD City Serpong Kavling De Park Lot 1 No.9-11, RT.2/RW.06, Lengkong Kulon, Pagedangan, Tangerang Regency, Banten 15331","BSD City Serpong Kavling De Park Lot 1 No.9-11, RT.2/RW.06, Lengkong Kulon, Pagedangan, Tangerang Regency",MALUKU,15331.0,Indonesia,81411119131.0,,,-6.283.136,106.637.563,https://maps.google.com/?cid=0x0:0xcb1b426831271025,
mall,Pembangunan Perumahan,Cluster Wynyard @Hiera BSD,"MHCX+8XJ, Kadu Sirung, Kec. Pagedangan, Kabupaten Tangerang, Banten 15336","Kadu Sirung, Kec. Pagedangan, Kabupaten Tangerang",MALUKU,15336.0,Indonesia,87872172625.0,,,-63.291.331,1.065.997.145,https://maps.google.com/?cid=0x0:0x9935e206304c43af,
mall,Komplek perumahan,Cluster Welton @Hiera BSD,"MHCW+CQJ Savana Ilalang Kampung Kandang, Jl. Kp. Kandang, Jatake, Pagedangan, Tangerang Regency, Banten 15330","Jl. Kp. Kandang, Jatake, Pagedangan, Tangerang Regency",MALUKU,15330.0,Indonesia,87774482258.0,,,-63.281.572,1.065.976.603,https://maps.google.com/?cid=0x0:0x68b1d78f2ef9a6fe,
mall,mall,Kepulauan Babar,"Nakarhamto, Kec. Pulau-Pulau Babar Timur, Kabupaten Maluku Barat Daya, Maluku","Kabupaten Maluku Barat Daya, Maluku",MALUKU,,Indonesia,,,,-78.333.333,129.75,https://maps.google.com/?cid=0x0:0x139304fe972d4953,
mall,mall,Grybu ?lis,"4JP3+GFM, Letsiara, Kec. Pulau-Pulau Babar, Kabupaten Maluku Barat Daya, Maluku","Kabupaten Maluku Barat Daya, Maluku",MALUKU,,Indonesia,,,,-7.863.657,12.960.367,https://maps.google.com/?cid=0x0:0xcfaa2e32b8cd6a42,
mall,mall,Kec. Pulau-Pulau Babar Timur,"Kabupaten Maluku Barat Daya, Maluku","Kabupaten Maluku Barat Daya, Maluku",MALUKU,,Indonesia,,,,-79.029.614,1.298.648.243,https://maps.google.com/?cid=0x0:0x713e9d3f1d587e11,
mall,mall,Kepulauan Babar,"Nakarhamto, Kec. Pulau-Pulau Babar Timur, Kabupaten Maluku Barat Daya, Maluku","Kabupaten Maluku Barat Daya, Maluku",MALUKU,,Indonesia,,,,-78.333.333,129.75,https://maps.google.com/?cid=0x0:0x139304fe972d4953,
mall,mall,Toko Angkasa,"3VX6+MRG, Letwurung, Kec. Pulau-Pulau Babar Timur, Kabupaten Maluku Barat Daya, Maluku","Kabupaten Maluku Barat Daya, Maluku",MALUKU,,Indonesia,,,,-79.002.529,1.298.623.131,https://maps.google.com/?cid=0x0:0x13a7475584b59a36,
mall,Pusat Perbelanjaan,Citywalk Gajah Mada,"Jl. Gajah Mada No.14 14, Glodok, Kec. Taman Sari, Kota Jakarta Barat, Daerah Khusus Ibukota Jakarta 11120","Glodok, Kec. Taman Sari, Kota Jakarta Barat",MALUKU,11120.0,Indonesia,,,,-61.453.373,1.068.151.452,https://maps.google.com/?cid=0x0:0x25c9a8cc88880d8b,
mall,Pusat Perbelanjaan,Matahari Mall Gajah Mada Plaza,"Jl. Gajah Mada No.26 2, RT.2/RW.1, Petojo Utara, Kecamatan Gambir, Kota Jakarta Pusat, Daerah Khusus Ibukota Jakarta 10130","RT.2/RW.1, Petojo Utara, Kecamatan Gambir, Kota Jakarta Pusat",MALUKU,10130.0,Indonesia,,,,-61.605.019,106.818.574,https://maps.google.com/?cid=0x0:0xcd498bb791dc872f,
mall,Pusat Perbelanjaan,Plaza Indonesia,"Jl. M.H. Thamrin No.Kav.28-30, Gondangdia, Kec. Menteng, Kota Jakarta Pusat, Daerah Khusus Ibukota Jakarta 10350","Gondangdia, Kec. Menteng, Kota Jakarta Pusat",MALUKU,10350.0,Indonesia,2129920000.0,,,-61.935.977,1.068.219.468,https://maps.google.com/?cid=0x0:0x7d7fe17ad64a053f,
mall,mall,Kios Dede,"889M+8W8, Lurang, Pp. Wetar, Kabupaten Maluku Barat Daya, Maluku","Kabupaten Maluku Barat Daya, Maluku",MALUKU,,Indonesia,,,,-76.822.439,1.263.353.119,https://maps.google.com/?cid=0x0:0x14356a0b97cfb360,
mall,mall,Pulau Wetar,"Kabupaten Maluku Barat Daya, Maluku","Kabupaten Maluku Barat Daya, Maluku",MALUKU,,Indonesia,,,,-77.851.588,1.263.498.097,https://maps.google.com/?cid=0x0:0x501150d5e877187,
mall,mall,Kec. Pulau-pulau Terselatan,"Kabupaten Maluku Barat Daya, Maluku","Kabupaten Maluku Barat Daya, Maluku",MALUKU,,Indonesia,,,,-80.702.814,1.271.638.207,https://maps.google.com/?cid=0x0:0x3668501476639829,
mall,Pusat Perbelanjaan,Maluku City Mall (MCM),"Jl. Jenderal Sudirman No.1, Hative Kecil, Kec. Sirimau, Kota Ambon, Maluku","Kota Ambon, Maluku",MALUKU,,Indonesia,911352871.0,,,-36.702.679,1.281.981.163,https://maps.google.com/?cid=0x0:0x2f29bf0afe09144e,
mall,Pusat Perbelanjaan,Ambon City Center (ACC),"Jl. Wolter Monginsidi, Passo, Kec. Baguala, Kota Ambon, Maluku 97232","Passo, Kec. Baguala, Kota Ambon",MALUKU,97232.0,Indonesia,9113869522.0,,,-36.320.889,1.282.495.582,https://maps.google.com/?cid=0x0:0x91b8ed9da337adeb,
mall,Toko Swalayan,AEON Mall Deltamas,"Jl. Ganesha Boulevard, Kota Deltamas, Kec. Cikarang Pusat, Kabupaten Bekasi, Jawa Barat 17530","Kota Deltamas, Kec. Cikarang Pusat, Kabupaten Bekasi",MALUKU,17530.0,Indonesia,2138733333.0,,,-63.519.407,1.071.954.494,https://maps.google.com/?cid=0x0:0xa692ce22e7339115,
mall,Pusat Perbelanjaan,AEON Supermarket Deltamas,"AEON Mall Deltamas, Jl. Ganesha Boulevard Lantai GF, Hegarmukti, Kec. Cikarang Pusat, Kabupaten Bekasi, Jawa Barat 17530","Jl. Ganesha Boulevard Lantai GF, Hegarmukti, Kec. Cikarang Pusat, Kabupaten Bekasi",MALUKU,17530.0,Indonesia,2150964932.0,,,-63.505.152,1.071.938.481,https://maps.google.com/?cid=0x0:0xaab46065116f1cee,
mall,mall,Kec. Pulau Letti,"Kabupaten Maluku Barat Daya, Maluku","Kabupaten Maluku Barat Daya, Maluku",MALUKU,,Indonesia,,,,-81.581.088,1.276.809.231,https://maps.google.com/?cid=0x0:0xa5d93595e880f516,
mall,Area Mendaki,Gunung Kerbau,"RXHP+52F Moa, Klis, Kec. Moa Lakor, Kabupaten Maluku Barat Daya, Maluku","Kabupaten Maluku Barat Daya, Maluku",MALUKU,,Indonesia,,,,-81.720.646,1.279.850.525,https://maps.google.com/?cid=0x0:0x331a4f74afea29db,
mall,Area Mendaki,Gunung Wulyarna,"VRQ3+XG, Kaiwatu, Kec. Moa Lakor, Kabupaten Maluku Barat Daya, Maluku","Kabupaten Maluku Barat Daya, Maluku",MALUKU,,Indonesia,,,,-81.097.817,1.278.027.571,https://maps.google.com/?cid=0x0:0x93c80c0727be9adf,
mall,mall,Kec. Pulau Masela,"Kabupaten Maluku Barat Daya, Maluku","Kabupaten Maluku Barat Daya, Maluku",MALUKU,,Indonesia,,,,-81.584.174,1.298.704.314,https://maps.google.com/?cid=0x0:0xc4846e8cd1083f5c,
mall,Hipermarket,AEON MALL Jakarta Garden City,"Jl. Jkt Garden City Boulevard No.1, RT.8/RW.6, Cakung Tim., Kec. Cakung, Kota Jakarta Timur, Daerah Khusus Ibukota Jakarta 13910","RT.8/RW.6, Cakung Tim., Kec. Cakung, Kota Jakarta Timur",MALUKU,13910.0,Indonesia,2122462525.0,,,-61.721.883,1.069.522.209,https://maps.google.com/?cid=0x0:0x2c473319d7d1eef6,
mall,Toko Swalayan,AEON Mall Deltamas,"Jl. Ganesha Boulevard, Kota Deltamas, Kec. Cikarang Pusat, Kabupaten Bekasi, Jawa Barat 17530","Kota Deltamas, Kec. Cikarang Pusat, Kabupaten Bekasi",MALUKU,17530.0,Indonesia,2138733333.0,,,-63.519.407,1.071.954.494,https://maps.google.com/?cid=0x0:0xa692ce22e7339115,
mall,mall,Maluku,,Maluku,MALUKU,,Indonesia,,,,-32.384.616,1.301.452.734,https://maps.google.com/?cid=0x0:0x5e30e8db04649a51,
mall,mall,Pulau Wetan,"Kec. Pulau Wetang, Kabupaten Maluku Barat Daya, Maluku","Kabupaten Maluku Barat Daya, Maluku",MALUKU,,Indonesia,,,,-7.903.052,1.295.381.684,https://maps.google.com/?cid=0x0:0x78aa175343bb0b64,
mall,mall,Kec. Pulau Wetang,"Kabupaten Maluku Barat Daya, Maluku","Kabupaten Maluku Barat Daya, Maluku",MALUKU,,Indonesia,,,,-7.877.777,1.295.242.557,https://maps.google.com/?cid=0x0:0xe095aebcde7f7853,
mall,mall,Grybu alis,"4JP3+GFM, Letsiara, Kec. Pulau-Pulau Babar, Kabupaten Maluku Barat Daya, Maluku","Kabupaten Maluku Barat Daya, Maluku",MALUKU,,Indonesia,,,,-7.863.657,12.960.367,https://maps.google.com/?cid=0x0:0xcfaa2e32b8cd6a42,
mall,mall,Kec. Pulau Lakor,"Kabupaten Maluku Barat Daya, Maluku","Kabupaten Maluku Barat Daya, Maluku",MALUKU,,Indonesia,,,,-82.210.132,1.282.223.532,https://maps.google.com/?cid=0x0:0x753bbbe0b8b3d34a,
mall,Pasar,PASAR LAKOR,"Q4JX+4MF, Werwawan, Kec. Moa Lakor, Kabupaten Maluku Barat Daya, Maluku","Kabupaten Maluku Barat Daya, Maluku",MALUKU,,Indonesia,,,,-82.196.877,1.281.491.758,https://maps.google.com/?cid=0x0:0x97092bb171946634,
mall,Bengkel Sepeda Motor,BENGKEL JMS,"Q4MX+GQC, Werwawan, Kec. Moa Lakor, Kabupaten Maluku Barat Daya, Maluku","Kabupaten Maluku Barat Daya, Maluku",MALUKU,,Indonesia,,,,-82.161.928,1.281.493.885,https://maps.google.com/?cid=0x0:0xbf270e8d8fa409df,
mall,mall,Kec. Wetar Utara,"Kabupaten Maluku Barat Daya, Maluku","Kabupaten Maluku Barat Daya, Maluku",MALUKU,,Indonesia,,,,-76.814.948,1.263.382.789,https://maps.google.com/?cid=0x0:0x9da6a46338da1c9a,
mall,mall,Kios Dede,"889M+8W8, Lurang, Pp. Wetar, Kabupaten Maluku Barat Daya, Maluku","Kabupaten Maluku Barat Daya, Maluku",MALUKU,,Indonesia,,,,-76.822.439,1.263.353.119,https://maps.google.com/?cid=0x0:0x14356a0b97cfb360,
mall,Pusat Perbelanjaan,Maluku City Mall (MCM),"Jl. Jenderal Sudirman No.1, Hative Kecil, Kec. Sirimau, Kota Ambon, Maluku","Kota Ambon, Maluku",MALUKU,,Indonesia,911352871.0,,,-36.702.679,1.281.981.163,https://maps.google.com/?cid=0x0:0x2f29bf0afe09144e,
mall,Pusat Perbelanjaan,Ambon City Center (ACC),"Jl. Wolter Monginsidi, Passo, Kec. Baguala, Kota Ambon, Maluku 97232","Passo, Kec. Baguala, Kota Ambon",MALUKU,97232.0,Indonesia,9113869522.0,,,-36.320.889,1.282.495.582,https://maps.google.com/?cid=0x0:0x91b8ed9da337adeb,
mall,Jepang,Ichiban Sushi - Maluku City Mall,"Jl. Jenderal Sudirman No.1, Lantai No.9 UG Blok G, No 8A, Hative Kecil, Sirimau, Kota Ambon, Maluku","Kota Ambon, Maluku",MALUKU,,Indonesia,895357270204.0,,,-36.699.578,128.198.051,https://maps.google.com/?cid=0x0:0xf2c6c9f7bce048b8,
mall,mall,Kec. Wetar Timur,"Kabupaten Maluku Barat Daya, Maluku","Kabupaten Maluku Barat Daya, Maluku",MALUKU,,Indonesia,,,,-76.759.352,1.268.082.461,https://maps.google.com/?cid=0x0:0xdd20d04bf1cbe2c2,
mall,Pusat Perbelanjaan,Maluku City Mall (MCM),"Jl. Jenderal Sudirman No.1, Hative Kecil, Kec. Sirimau, Kota Ambon, Maluku","Kota Ambon, Maluku",MALUKU,,Indonesia,911352871.0,,,-36.702.679,1.281.981.163,https://maps.google.com/?cid=0x0:0x2f29bf0afe09144e,
mall,Pusat Perbelanjaan,Ambon City Center (ACC),"Jl. Wolter Monginsidi, Passo, Kec. Baguala, Kota Ambon, Maluku 97232","Passo, Kec. Baguala, Kota Ambon",MALUKU,97232.0,Indonesia,9113869522.0,,,-36.320.889,1.282.495.582,https://maps.google.com/?cid=0x0:0x91b8ed9da337adeb,
mall,Pusat Perbelanjaan,Gramedia Maluku City Mall,"Jalan Jenderal Sudirman. 1 Tantui Ambon UP Floor Blok UG No. 2, Jl. Jenderal Sudirman, Hative Kecil, Kec. Sirimau, Kota Ambon, Maluku 97128","Jl. Jenderal Sudirman, Hative Kecil, Kec. Sirimau, Kota Ambon",MALUKU,97128.0,Indonesia,81248557414.0,,,-36.703.427,1.281.983.406,https://maps.google.com/?cid=0x0:0xe751f5e37fa0f5c3,
mall,mall,Toko Waty Dewe,"M982+5X6 Pasar gemba, Waimital, Kec. Kairatu, Kabupaten Seram Bagian Barat, Maluku","Kabupaten Seram Bagian Barat, Maluku",MALUKU,,Indonesia,,,,-33.345.839,1.283.523.951,https://maps.google.com/?cid=0x0:0xadbbfbe8c52c4e5,
mall,mall,Kec. Kepulauan Romang,"Kabupaten Maluku Barat Daya, Maluku","Kabupaten Maluku Barat Daya, Maluku",MALUKU,,Indonesia,,,,-75.913.438,1.273.710.665,https://maps.google.com/?cid=0x0:0xe9226fb89aebd4ca,
mall,mall,"Marcola, Oregon 97454","Marcola, Oregon, Amerika Serikat","Marcola, Oregon, Amerika Serikat",MALUKU,,Indonesia,,,,442.332.939,-1.227.659.597,https://maps.google.com/?cid=0x0:0xbb3be4ca6f19733c,
mall,mall,Kisar Utara,"Kabupaten Maluku Barat Daya, Maluku","Kabupaten Maluku Barat Daya, Maluku",MALUKU,,Indonesia,,,,-80.292.578,127.168.746,https://maps.google.com/?cid=0x0:0x28782aba3b9982ea,
supermarket,supermarket,Kec. Moa Lakor,"Kabupaten Maluku Barat Daya, Maluku","Kabupaten Maluku Barat Daya, Maluku",MALUKU,,Indonesia,,,,-81.550.646,1.277.912.166,https://maps.google.com/?cid=0x0:0xdad6338040993a27,
supermarket,Toko Swalayan,Toko Fajar Timur,"RQRQ+QJJ, Wakarleli, Kec. Moa Lakor, Kabupaten Maluku Barat Daya, Maluku","Kabupaten Maluku Barat Daya, Maluku",MALUKU,,Indonesia,,,,-81.580.268,1.277.890.034,https://maps.google.com/?cid=0x0:0x7c7cc122e197ca,
supermarket,Toko,Toko Harapan Prima (HP),"Unnamed Road, Kaiwatu, Moa Lakor, Maluku Barat Daya Regency, Maluku","Kabupaten Maluku Barat Daya, Maluku",MALUKU,,Indonesia,81235555140.0,,,-81.404.184,1.278.061.407,https://maps.google.com/?cid=0x0:0x2bb7b0e29f1601a7,
supermarket,Pusat Perbelanjaan,KIOS ARFIN,"RQRQ+5H4, Wakarleli, Kec. Moa Lakor, Kabupaten Maluku Barat Daya, Maluku","Kabupaten Maluku Barat Daya, Maluku",MALUKU,,Indonesia,,,,-8.159.742,127.788.923,https://maps.google.com/?cid=0x0:0xfb7214737e904207,
supermarket,Toko Swalayan,Toko Timur Jaya,"VR4M+C98, Unnamed Road, Kaiwatu, Kec. Moa Lakor, Kabupaten Maluku Barat Daya, Maluku","Kabupaten Maluku Barat Daya, Maluku",MALUKU,,Indonesia,81244542576.0,,,-81.439.518,1.278.334.571,https://maps.google.com/?cid=0x0:0x71eaa7c4680d2435,
supermarket,Minimarket,TOKO BOBI,"VR52+6CP, Kaiwatu, Kec. Moa Lakor, Kabupaten Maluku Barat Daya, Maluku","Kabupaten Maluku Barat Daya, Maluku",MALUKU,,Indonesia,,,,-81.419.216,127.801.073,https://maps.google.com/?cid=0x0:0x3ecc87be74eb5b4a,
supermarket,Minimarket,Kios sekabotu,"VR4C+726, Jl. Trans Babar, Letsiara, Pp. Babar, Kaiwatu, Kec. Moa Lakor, Kabupaten Maluku Barat Daya, Maluku","Kabupaten Maluku Barat Daya, Maluku",MALUKU,,Indonesia,85242265540.0,,,-81.443.346,1.278.200.079,https://maps.google.com/?cid=0x0:0xdb129e815142eaeb,
supermarket,supermarket,Service elektronik,"RRJ3+32M, Wakarleli, Kec. Moa Lakor, Kabupaten Maluku Barat Daya, Maluku","Kabupaten Maluku Barat Daya, Maluku",MALUKU,,Indonesia,,,,-81.697.803,1.278.025.506,https://maps.google.com/?cid=0x0:0x6c0e091774940da3,
supermarket,Pemasok dan pembuat gorden,Mitra jaya gordyn  dekorasi tenda,"Wakarleli, Kec. Moa Lakor, Kabupaten Maluku Barat Daya, Maluku","Kabupaten Maluku Barat Daya, Maluku",MALUKU,,Indonesia,82116359569.0,,,-81.531.668,1.277.923.416,https://maps.google.com/?cid=0x0:0x383c6d14f199a414,
supermarket,supermarket,Minimarket MM,"VRPC+FRQ, Kaiwatu, Kec. Moa Lakor, Kabupaten Maluku Barat Daya, Maluku","Kabupaten Maluku Barat Daya, Maluku",MALUKU,,Indonesia,,,,-81.142.268,127.822.115,https://maps.google.com/?cid=0x0:0x8e97c02d7391c2a6,
supermarket,Toko,DaniCeLL,"Perumahan Blok C No.5, Kaiwatu, Moa Lakor, Maluku Barat Daya Regency, Maluku","Kabupaten Maluku Barat Daya, Maluku",MALUKU,,Indonesia,,,,-81.440.301,1.277.964.399,https://maps.google.com/?cid=0x0:0x6381661fa6cb802b,
supermarket,supermarket,sembako,"Kaiwatu, Kec. Moa Lakor, Kabupaten Maluku Barat Daya, Maluku 97454","Kec. Moa Lakor, Kabupaten Maluku Barat Daya",MALUKU,97454.0,Indonesia,82317055589.0,,,-81.122.029,127.815.697,https://maps.google.com/?cid=0x0:0x5d18c75c5e9297cd,
supermarket,Pusat Perbelanjaan,Foodmart Supermarket Ambon Plaza,"Lt 1 Plaza, Jl. Sam Ratulangi No.126, Kel Honipopu, Kec. Sirimau, Kota Ambon, Maluku 91726","Jl. Sam Ratulangi No.126, Kel Honipopu, Kec. Sirimau, Kota Ambon",MALUKU,91726.0,Indonesia,911347495.0,,,-36.934.342,1.281.798.344,https://maps.google.com/?cid=0x0:0x34c217d11b05f007,
supermarket,supermarket,Maluku 97128,"Batu Merah, Kec. Sirimau, Kota Ambon, Maluku","Kota Ambon, Maluku",MALUKU,,Indonesia,,,,-36.827.473,1.281.907.702,https://maps.google.com/?cid=0x0:0x25ce4f908fabcf46,
supermarket,Pusat Perbelanjaan,Hypermart Maluku City Mall,"Jalan Jend. Sudirman, Hative Kecil, Kec. Sirimau, Kota Ambon, Maluku","Kota Ambon, Maluku",MALUKU,,Indonesia,911319999.0,,,-36.702.679,1.281.981.163,https://maps.google.com/?cid=0x0:0xf361af34b2474744,
supermarket,Toko,Toko Maju Nusantara,"RQJQ+PQ3, Wakarleli, Kec. Moa Lakor, Kabupaten Maluku Barat Daya, Maluku","Kabupaten Maluku Barat Daya, Maluku",MALUKU,,Indonesia,,,,-81.682.265,1.277.894.225,https://maps.google.com/?cid=0x0:0x38e2c0ba00655ea2,
supermarket,Toko,Toko Harapan Prima (HP),"Unnamed Road, Kaiwatu, Moa Lakor, Maluku Barat Daya Regency, Maluku","Kabupaten Maluku Barat Daya, Maluku",MALUKU,,Indonesia,81235555140.0,,,-81.404.184,1.278.061.407,https://maps.google.com/?cid=0x0:0x2bb7b0e29f1601a7,
supermarket,Pusat Perbelanjaan,Gramedia Maluku City Mall,"Jalan Jenderal Sudirman. 1 Tantui Ambon UP Floor Blok UG No. 2, Jl. Jenderal Sudirman, Hative Kecil, Kec. Sirimau, Kota Ambon, Maluku 97128","Jl. Jenderal Sudirman, Hative Kecil, Kec. Sirimau, Kota Ambon",MALUKU,97128.0,Indonesia,81248557414.0,,,-36.703.427,1.281.983.406,https://maps.google.com/?cid=0x0:0xe751f5e37fa0f5c3,
supermarket,Toko Swalayan,Toko Timur Jaya,"VR4M+C98, Unnamed Road, Kaiwatu, Kec. Moa Lakor, Kabupaten Maluku Barat Daya, Maluku","Kabupaten Maluku Barat Daya, Maluku",MALUKU,,Indonesia,81244542576.0,,,-81.439.518,1.278.334.571,https://maps.google.com/?cid=0x0:0x71eaa7c4680d2435,
supermarket,Hipermarket,Hypermart Ambon City Center,"Desa, Passo, Kec. Baguala, Kota Ambon, Maluku","Kota Ambon, Maluku",MALUKU,,Indonesia,911361739.0,,,-36.316.235,1.282.496.246,https://maps.google.com/?cid=0x0:0xa5054eb80169380e,
supermarket,Pusat Perbelanjaan,Maluku City Mall (MCM),"Jl. Jenderal Sudirman No.1, Hative Kecil, Kec. Sirimau, Kota Ambon, Maluku","Kota Ambon, Maluku",MALUKU,,Indonesia,911352871.0,,,-36.702.679,1.281.981.163,https://maps.google.com/?cid=0x0:0x2f29bf0afe09144e,
supermarket,Toko Swalayan,Winkel Supermarket,"96FG+323, Waiheru, Kec. Baguala, Kota Ambon, Maluku","Kota Ambon, Maluku",MALUKU,,Indonesia,9113869351.0,,,-36.273.656,1.282.250.609,https://maps.google.com/?cid=0x0:0xec37cd1cfdfa6412,
supermarket,Toko,DaniCeLL,"Perumahan Blok C No.5, Kaiwatu, Moa Lakor, Maluku Barat Daya Regency, Maluku","Kabupaten Maluku Barat Daya, Maluku",MALUKU,,Indonesia,,,,-81.440.301,1.277.964.399,https://maps.google.com/?cid=0x0:0x6381661fa6cb802b,
supermarket,supermarket,Damer,"Kabupaten Maluku Barat Daya, Maluku","Kabupaten Maluku Barat Daya, Maluku",MALUKU,,Indonesia,,,,-71.505.033,1.286.320.086,https://maps.google.com/?cid=0x0:0x628d9313140028f5,
supermarket,Supermarket Diskon,SUPER MART,"Jl. Diponegoro No.19, Kel Ahusen, Kec. Sirimau, Kota Ambon, Maluku 97127","Kel Ahusen, Kec. Sirimau, Kota Ambon",MALUKU,97127.0,Indonesia,9113820382.0,,,-36.991.185,128.181.033,https://maps.google.com/?cid=0x0:0xd3b2419f90382084,
supermarket,Toko bahan makanan,Swalayan Indo Jaya,"852M+XG8, Jl. Yan Paays, Uritetu, Kec. Sirimau, Kota Ambon, Maluku","Kota Ambon, Maluku",MALUKU,,Indonesia,,,,-3.697.587,1.281.838.404,https://maps.google.com/?cid=0x0:0xd5ffb8bdb2c4f290,
supermarket,Minimarket,TOKO BOBI,"VR52+6CP, Kaiwatu, Kec. Moa Lakor, Kabupaten Maluku Barat Daya, Maluku","Kabupaten Maluku Barat Daya, Maluku",MALUKU,,Indonesia,,,,-81.419.216,127.801.073,https://maps.google.com/?cid=0x0:0x3ecc87be74eb5b4a,
supermarket,Toko bahan makanan,Toko Niar's,"WF69+GMR, Jl. Wailola, Bula, Kec. Bula, Kabupaten Seram Bagian Timur, Maluku","Kabupaten Seram Bagian Timur, Maluku",MALUKU,,Indonesia,,,,-30.886.403,130.469.127,https://maps.google.com/?cid=0x0:0xea09b41d510f6cce,
supermarket,Pusat Perbelanjaan,KIOS ARFIN,"RQRQ+5H4, Wakarleli, Kec. Moa Lakor, Kabupaten Maluku Barat Daya, Maluku","Kabupaten Maluku Barat Daya, Maluku",MALUKU,,Indonesia,,,,-8.159.742,127.788.923,https://maps.google.com/?cid=0x0:0xfb7214737e904207,
supermarket,supermarket,"McMinnville, Oregon 97128","McMinnville, Oregon, Amerika Serikat","McMinnville, Oregon, Amerika Serikat",MALUKU,,Indonesia,,,,451.835.082,-1.232.842.446,https://maps.google.com/?cid=0x0:0xc66e3d07627a5de8,
supermarket,supermarket,Best Western McMinnville Inn,"2035 OR-99W, McMinnville, OR 97128, Amerika Serikat","McMinnville, OR",MALUKU,97128.0,Indonesia,15034724900.0,,,45.193.537,-1.232.109.149,https://maps.google.com/?cid=0x0:0x57e0e41650d16acf,
supermarket,Toko Swalayan,Toko Timur Jaya,"VR4M+C98, Unnamed Road, Kaiwatu, Kec. Moa Lakor, Kabupaten Maluku Barat Daya, Maluku","Kabupaten Maluku Barat Daya, Maluku",MALUKU,,Indonesia,81244542576.0,,,-81.439.518,1.278.334.571,https://maps.google.com/?cid=0x0:0x71eaa7c4680d2435,
supermarket,Toserba,STAR Department Store - Summarecon Mall Bekasi,"Sumarecon Mal Bks, Summarecon Mall Bekasi, Jl. Bulevar Ahmad Yani, RT.006/RW.002, Marga Mulya, Kec. Bekasi Utara, Kota Bks, Jawa Barat 17142","Summarecon Mall Bekasi, Jl. Bulevar Ahmad Yani, RT.006/RW.002, Marga Mulya, Kec. Bekasi Utara, Kota Bks",MALUKU,17142.0,Indonesia,2129572388.0,,,-62.257.825,1.070.016.338,https://maps.google.com/?cid=0x0:0x6534b7f6e7d74422,
supermarket,Toko Swalayan,Toko Fajar Timur,"RQRQ+QJJ, Wakarleli, Kec. Moa Lakor, Kabupaten Maluku Barat Daya, Maluku","Kabupaten Maluku Barat Daya, Maluku",MALUKU,,Indonesia,,,,-81.580.268,1.277.890.034,https://maps.google.com/?cid=0x0:0x7c7cc122e197ca,
supermarket,Pusat Perbelanjaan,Naga Swalayan Tambun,"Jl. Pangeran Diponegoro Km. 39 Tambun, Setiamekar, Tambun Selatan, Bekasi Regency, West Java 17510","Setiamekar, Tambun Selatan, Bekasi Regency",MALUKU,17510.0,Indonesia,,,,-62.580.258,1.070.503.595,https://maps.google.com/?cid=0x0:0x80ea14df2f37fdb2,
supermarket,Toserba,Rambla Super Departement Store,"Jl. Boulevard Raya No.19, RT.13/RW.18, Klp. Gading Tim., Kec. Klp. Gading, Jkt Utara, Daerah Khusus Ibukota Jakarta 14240","RT.13/RW.18, Klp. Gading Tim., Kec. Klp. Gading, Jkt Utara",MALUKU,14240.0,Indonesia,81908192582.0,,,-6.158.576,106.907.394,https://maps.google.com/?cid=0x0:0x9bc0c4ec24d3878f,
supermarket,supermarket,REZEKI SUPERMARKET,"12, Jl. Pluit Sakti No.26, RT.2/RW.6, Pluit, Kec. Penjaringan, Jkt Utara, Daerah Khusus Ibukota Jakarta 14450","Jl. Pluit Sakti No.26, RT.2/RW.6, Pluit, Kec. Penjaringan, Jkt Utara",MALUKU,14450.0,Indonesia,2166693350.0,,,-61.220.354,1.067.905.553,https://maps.google.com/?cid=0x0:0xf1e04d8dd8951394,
supermarket,supermarket,Giant Ekspres,"Sunter Mall Lantai 1, Jl. Danau Utara Blok G.7 KAV. 11, Sunter Agung, Tanjung Priok, RT.14/RW.13, Sunter Agung, Kec. Tj. Priok, Jkt Utara, Daerah Khusus Ibukota Jakarta 14350","Jl. Danau Utara Blok G.7 KAV. 11, Sunter Agung, Tanjung Priok, RT.14/RW.13, Sunter Agung, Kec. Tj. Priok, Jkt Utara",MALUKU,14350.0,Indonesia,2165832199.0,,,-61.380.603,1.068.709.145,https://maps.google.com/?cid=0x0:0x21653272ef5fb7ac,
supermarket,Toko Swalayan,Sesa Organic Store Grand Indonesia,"Grand Indonesia East Mall Lantai Ground (EM-LG-10 Jl. Tlk. Betung I No.45A, RT.1/RW.5, Kb. Melati, Kecamatan Tanah Abang Kota Jakarta Pusat, DKI, Daerah Khusus Ibukota Jakarta 10310","RT.1/RW.5, Kb. Melati, Kecamatan Tanah Abang Kota Jakarta Pusat, DKI",MALUKU,10310.0,Indonesia,85179895354.0,,,-61.958.737,1.068.206.723,https://maps.google.com/?cid=0x0:0x4575b226fe93133f,
supermarket,supermarket,Mdona Hiera,"Kabupaten Maluku Barat Daya, Maluku","Kabupaten Maluku Barat Daya, Maluku",MALUKU,,Indonesia,,,,-8.220.481,1.289.146.087,https://maps.google.com/?cid=0x0:0x25adcbfa64b076cc,
supermarket,supermarket,Wanona Kios,"MWMH+PVV, Jl. Ust. Harmin Mursalim SHI, Limboro, Luhu, Kec. Huamual Belakang, Kabupaten Seram Bagian Barat, Maluku","Kabupaten Seram Bagian Barat, Maluku",MALUKU,,Indonesia,,,,-33.156.452,1.279.296.654,https://maps.google.com/?cid=0x0:0x957a1a143b4d0096,
supermarket,supermarket,Waserda Thania,"MW9M+XCC, Amahai, Kec. Amahai, Kabupaten Maluku Tengah, Maluku","Kabupaten Maluku Tengah, Maluku",MALUKU,,Indonesia,,,,-33.300.715,1.289.335.024,https://maps.google.com/?cid=0x0:0xd7a5eb420883658f,
supermarket,Toko bahan makanan,Diamond,"Jl. Permata Artha Gading No.18, RT.18/RW.8, Klp. Gading Bar., Kec. Klp. Gading, Jkt Utara, Daerah Khusus Ibukota Jakarta 14240","RT.18/RW.8, Klp. Gading Bar., Kec. Klp. Gading, Jkt Utara",MALUKU,14240.0,Indonesia,2145863828.0,,,-61.464.444,1.068.922.506,https://maps.google.com/?cid=0x0:0x1b41fb935cae0e30,
supermarket,Supermarket Industri,Daily Supermarket - Bumi Serpong Damai,"Blok B2 No.10, Blk. B2 No.10, Pagedangan, Kec. Pagedangan, Kabupaten Tangerang, Banten 15339","Blk. B2 No.10, Pagedangan, Kec. Pagedangan, Kabupaten Tangerang",MALUKU,15339.0,Indonesia,8179077272.0,,,-6.293.191,106.634.071,https://maps.google.com/?cid=0x0:0x35a19498f12fc900,
supermarket,Toko Swalayan,Diamond Supermarket Poins Mall,"Jalan RA kartini no 1 lebak bulus jakarta selatan Mall Poins Square, Lower Ground (LG) floor, Daerah Khusus Ibukota Jakarta 12440",Lower Ground (LG) floor,MALUKU,12440.0,Indonesia,2175921135.0,,,-62.899.462,1.067.781.514,https://maps.google.com/?cid=0x0:0x67dff2cef6cc2d73,
supermarket,Konsultan makanan dan minuman,Diamond Supermarket Revo Mall,"Jl. Ahmad Yani No.Kav 1, RT.005/RW.002, Pekayon Jaya, Kec. Bekasi Sel., Kota Bks, Jawa Barat 17148","RT.005/RW.002, Pekayon Jaya, Kec. Bekasi Sel., Kota Bks",MALUKU,17148.0,Indonesia,,,,-62.537.332,1.069.900.523,https://maps.google.com/?cid=0x0:0xafa72a1ab9ae4a8a,
supermarket,Toko Swalayan,The Foodhall Gourmet,"Jl. M.H. Thamrin No.28-30, RT.9/RW.5, Gondangdia, Kec. Menteng, Kota Jakarta Pusat, Daerah Khusus Ibukota Jakarta 10350","RT.9/RW.5, Gondangdia, Kec. Menteng, Kota Jakarta Pusat",MALUKU,10350.0,Indonesia,213107555.0,,,-61.935.362,1.068.221.665,https://maps.google.com/?cid=0x0:0x311eac3e0d9f35b7,
supermarket,Pusat Perbelanjaan,Market City BSD Mal Ararasa,"Jl. Bsd Raya Utama, BSD City Serpong Kavling De Park Lot 1 No.9-11, RT.2/RW.06, Lengkong Kulon, Pagedangan, Tangerang Regency, Banten 15331","BSD City Serpong Kavling De Park Lot 1 No.9-11, RT.2/RW.06, Lengkong Kulon, Pagedangan, Tangerang Regency",MALUKU,15331.0,Indonesia,81411119131.0,,,-6.283.136,106.637.563,https://maps.google.com/?cid=0x0:0xcb1b426831271025,
supermarket,Toko Swalayan,Ranch Market The Breeze,"Jl. BSD Green Office Park No.9, Sampora, Kec. Cisauk, Kabupaten Tangerang, Banten 15345","Sampora, Kec. Cisauk, Kabupaten Tangerang",MALUKU,15345.0,Indonesia,2123581199.0,,,-6.302.245,106.653.258,https://maps.google.com/?cid=0x0:0x8bb566b52a1c2f49,
supermarket,Komplek perumahan,HIERA - THE HEARTLAND OF BSD CITY,"Jl. Raya Kadusirung, Kadu Sirung, Kec. Pagedangan, Kabupaten Tangerang, Banten 15336","Kadu Sirung, Kec. Pagedangan, Kabupaten Tangerang",MALUKU,15336.0,Indonesia,2150519988.0,,,-63.280.415,1.066.058.635,https://maps.google.com/?cid=0x0:0xddd1e2da090be5e6,
supermarket,Toko Swalayan,SuperIndo BSD Plaza,"Bumi Serpong Damai, BSD Plaza, Tangerang, Sektor 4, Serpong Sub-District, South Tangerang City, Banten 15310","BSD Plaza, Tangerang, Sektor 4, Serpong Sub-District, South Tangerang City",MALUKU,15310.0,Indonesia,215371178.0,,,-62.790.679,1.066.625.965,https://maps.google.com/?cid=0x0:0x777f3e8cf0882bfd,
supermarket,Toko bahan makanan,Raphaels Premium Fruits,"Apartemen Mediterania Residence 2 Shop Unit J-10, RT.9/RW.5, Tj. Duren Sel., Kec. Grogol petamburan, Kota Jakarta Barat, Daerah Khusus Ibukota Jakarta 11470","RT.9/RW.5, Tj. Duren Sel., Kec. Grogol petamburan, Kota Jakarta Barat",MALUKU,11470.0,Indonesia,81380200056.0,,,-61.764.779,1.067.886.704,https://maps.google.com/?cid=0x0:0xfec4070e5a752ce8,
supermarket,Toko Swalayan,TIP TOP Ciputat,"Jl. RE Martadinata No.5, Cipayung, Kec. Ciputat, Kota Tangerang Selatan, Banten 15411","Cipayung, Kec. Ciputat, Kota Tangerang Selatan",MALUKU,15411.0,Indonesia,217491777.0,,,-63.319.397,1.067.492.171,https://maps.google.com/?cid=0x0:0x4623528f5bcdeab7,
supermarket,supermarket,Kepulauan Babar,"Nakarhamto, Kec. Pulau-Pulau Babar Timur, Kabupaten Maluku Barat Daya, Maluku","Kabupaten Maluku Barat Daya, Maluku",MALUKU,,Indonesia,,,,-78.333.333,129.75,https://maps.google.com/?cid=0x0:0x139304fe972d4953,
supermarket,supermarket,Kec. Pulau-Pulau Babar Timur,"Kabupaten Maluku Barat Daya, Maluku","Kabupaten Maluku Barat Daya, Maluku",MALUKU,,Indonesia,,,,-79.029.614,1.298.648.243,https://maps.google.com/?cid=0x0:0x713e9d3f1d587e11,
supermarket,Toko bahan makanan,KIOS NAYLA 2,"Wakpapapi, Kec. Pulau-Pulau Babar Timur, Kabupaten Maluku Barat Daya, Maluku","Kabupaten Maluku Barat Daya, Maluku",MALUKU,,Indonesia,,,,-7.943.359,1.298.415.667,https://maps.google.com/?cid=0x0:0x487f9876b88bc1c4,
supermarket,Toko bahan makanan,KIOS NAYLA 1,"3R4R+65, Kokwari, Kec. Pulau-Pulau Babar Timur, Kabupaten Maluku Barat Daya, Maluku","Kabupaten Maluku Barat Daya, Maluku",MALUKU,,Indonesia,,,,-79.441.264,1.298.407.465,https://maps.google.com/?cid=0x0:0xbda9de1ac9fe8a8e,
supermarket,supermarket,Pulau Wetar,"Kabupaten Maluku Barat Daya, Maluku","Kabupaten Maluku Barat Daya, Maluku",MALUKU,,Indonesia,,,,-77.851.588,1.263.498.097,https://maps.google.com/?cid=0x0:0x501150d5e877187,
supermarket,supermarket,Toko pancing irvan BKP,"874W+F5V, Unnamed Road, Uhak, Pp. Wetar, Kabupaten Maluku Barat Daya, Maluku","Kabupaten Maluku Barat Daya, Maluku",MALUKU,,Indonesia,,,,-76.937.632,1.262.954.347,https://maps.google.com/?cid=0x0:0xc472b6082c615898,
supermarket,supermarket,Toko PERMATA MARET,"CMH3+4F3, jalan terminal, Tiouw, Kec. Saparua, Kabupaten Maluku Tengah, Maluku","Kabupaten Maluku Tengah, Maluku",MALUKU,,Indonesia,,,,-3.572.235,1.286.536.591,https://maps.google.com/?cid=0x0:0x1ed932020a70f605,
supermarket,Toko Swalayan,Weta Swalayan,"Jl. Raya Menganti No.62, Jajar Tunggal, Kec. Wiyung, Surabaya, Jawa Timur 60229","Jajar Tunggal, Kec. Wiyung, Surabaya",MALUKU,60229.0,Indonesia,317663166.0,,,-73.128.353,1.127.038.553,https://maps.google.com/?cid=0x0:0xae184fad02f319fe,
supermarket,supermarket,Kec. Pulau-pulau Terselatan,"Kabupaten Maluku Barat Daya, Maluku","Kabupaten Maluku Barat Daya, Maluku",MALUKU,,Indonesia,,,,-80.702.814,1.271.638.207,https://maps.google.com/?cid=0x0:0x3668501476639829,
supermarket,Toko,Serbaneka Baru,"W5H7+C7Q, Jl. Lekwoworu, Wonreli, Kec. Pulau-pulau Terselatan, Kabupaten Maluku Barat Daya, Maluku","Kabupaten Maluku Barat Daya, Maluku",MALUKU,,Indonesia,,,,-80.714.037,1.271.632.266,https://maps.google.com/?cid=0x0:0xa7ef2a37a8848271,
supermarket,Toko,Toko Gembira,"W5H7+M9Q, Nomaha, Kec. Pulau-pulau Terselatan, Kabupaten Maluku Barat Daya, Maluku","Kabupaten Maluku Barat Daya, Maluku",MALUKU,,Indonesia,,,,-80.707.963,1.271.634.977,https://maps.google.com/?cid=0x0:0x4d9fe495a7f03148,
supermarket,supermarket,Kec. Pulau Letti,"Kabupaten Maluku Barat Daya, Maluku","Kabupaten Maluku Barat Daya, Maluku",MALUKU,,Indonesia,,,,-81.581.088,1.276.809.231,https://maps.google.com/?cid=0x0:0xa5d93595e880f516,
supermarket,supermarket,Pulau Leti,"Luhulely, Kec. Pulau Letti, Kabupaten Maluku Barat Daya, Maluku","Kabupaten Maluku Barat Daya, Maluku",MALUKU,,Indonesia,,,,-8.2,1.276.833.333,https://maps.google.com/?cid=0x0:0xcaaf5b19de612073,
supermarket,Toko Swalayan,Winkel Supermarket,"96FG+323, Waiheru, Kec. Baguala, Kota Ambon, Maluku","Kota Ambon, Maluku",MALUKU,,Indonesia,9113869351.0,,,-36.273.656,1.282.250.609,https://maps.google.com/?cid=0x0:0xec37cd1cfdfa6412,
supermarket,Toko,Winkel Xpress,"9792+JWJ, Passo, Kec. Baguala, Kota Ambon, Maluku","Kota Ambon, Maluku",MALUKU,,Indonesia,,,,-36.309.238,1.282.522.702,https://maps.google.com/?cid=0x0:0xecc0d241b9b11ca4,
supermarket,Toko,YANMart Talagasari Cikupa,"Talagasari, Kec. Cikupa, Kabupaten Tangerang, Banten 15710","Kec. Cikupa, Kabupaten Tangerang",MALUKU,15710.0,Indonesia,2122028972.0,,,-62.272.768,1.065.196.286,https://maps.google.com/?cid=0x0:0xd1e4cf77e60ffe96,
supermarket,supermarket,Giant Ekspres,"Sunter Mall Lantai 1, Jl. Danau Utara Blok G.7 KAV. 11, Sunter Agung, Tanjung Priok, RT.14/RW.13, Sunter Agung, Kec. Tj. Priok, Jkt Utara, Daerah Khusus Ibukota Jakarta 14350","Jl. Danau Utara Blok G.7 KAV. 11, Sunter Agung, Tanjung Priok, RT.14/RW.13, Sunter Agung, Kec. Tj. Priok, Jkt Utara",MALUKU,14350.0,Indonesia,2165832199.0,,,-61.380.603,1.068.709.145,https://maps.google.com/?cid=0x0:0x21653272ef5fb7ac,
supermarket,supermarket,Dawelor Dawera,"Kabupaten Maluku Barat Daya, Maluku","Kabupaten Maluku Barat Daya, Maluku",MALUKU,,Indonesia,,,,-77.617.442,1.300.581.836,https://maps.google.com/?cid=0x0:0xfdc455be5380a875,
supermarket,supermarket,Pulau Dawera,"Dawelor Dawera, Kabupaten Maluku Barat Daya, Maluku","Kabupaten Maluku Barat Daya, Maluku",MALUKU,,Indonesia,,,,-77.240.985,1.300.068.953,https://maps.google.com/?cid=0x0:0x818dcb3207fcd882,
supermarket,supermarket,Pulau Daweloor,Maluku,Maluku,MALUKU,,Indonesia,,,,-77.692.697,1.300.684.361,https://maps.google.com/?cid=0x0:0xcf731eafda355182,
supermarket,Toko,YANMart Talagasari Cikupa,"Talagasari, Kec. Cikupa, Kabupaten Tangerang, Banten 15710","Kec. Cikupa, Kabupaten Tangerang",MALUKU,15710.0,Indonesia,2122028972.0,,,-62.272.768,1.065.196.286,https://maps.google.com/?cid=0x0:0xd1e4cf77e60ffe96,
supermarket,supermarket,REZEKI SUPERMARKET,"12, Jl. Pluit Sakti No.26, RT.2/RW.6, Pluit, Kec. Penjaringan, Jkt Utara, Daerah Khusus Ibukota Jakarta 14450","Jl. Pluit Sakti No.26, RT.2/RW.6, Pluit, Kec. Penjaringan, Jkt Utara",MALUKU,14450.0,Indonesia,2166693350.0,,,-61.220.354,1.067.905.553,https://maps.google.com/?cid=0x0:0xf1e04d8dd8951394,
supermarket,supermarket,Giant Ekspres,"Sunter Mall Lantai 1, Jl. Danau Utara Blok G.7 KAV. 11, Sunter Agung, Tanjung Priok, RT.14/RW.13, Sunter Agung, Kec. Tj. Priok, Jkt Utara, Daerah Khusus Ibukota Jakarta 14350","Jl. Danau Utara Blok G.7 KAV. 11, Sunter Agung, Tanjung Priok, RT.14/RW.13, Sunter Agung, Kec. Tj. Priok, Jkt Utara",MALUKU,14350.0,Indonesia,2165832199.0,,,-61.380.603,1.068.709.145,https://maps.google.com/?cid=0x0:0x21653272ef5fb7ac,
supermarket,supermarket,Pulau Wetan,"Kec. Pulau Wetang, Kabupaten Maluku Barat Daya, Maluku","Kabupaten Maluku Barat Daya, Maluku",MALUKU,,Indonesia,,,,-7.903.052,1.295.381.684,https://maps.google.com/?cid=0x0:0x78aa175343bb0b64,
supermarket,Toko makanan beku,Mugie frozen,"Jl. Sawah Lio No.I, RT.11/RW.1, Jemb. Lima, Kec. Tambora, Kota Jakarta Barat, Daerah Khusus Ibukota Jakarta 11250","RT.11/RW.1, Jemb. Lima, Kec. Tambora, Kota Jakarta Barat",MALUKU,11250.0,Indonesia,85814561987.0,,,-61.466.015,1.068.060.013,https://maps.google.com/?cid=0x0:0x6b272c8d9ccd891a,
supermarket,Toko Alat Pancing,"Toko Baitul Makmur Umi Romlah""""","Jl. Sawah Lio II No.31 12, RT.12/RW.1, Jemb. Lima, Kec. Tambora, Kota Jakarta Barat, Daerah Khusus Ibukota Jakarta 11250","RT.12/RW.1, Jemb. Lima, Kec. Tambora, Kota Jakarta Barat",MALUKU,11250.0,Indonesia,216346621.0,,,-61.455.825,1.068.056.025,https://maps.google.com/?cid=0x0:0x3c0b3756a1f9cd2d,
supermarket,Toko Roti,LatteBless / Urbaneeds,"Jl. Cipete Raya No.40C, Cipete Sel., Kec. Cilandak, Kota Jakarta Selatan, Daerah Khusus Ibukota Jakarta 12410","Cipete Sel., Kec. Cilandak, Kota Jakarta Selatan",MALUKU,12410.0,Indonesia,87703578969.0,,,-62.782.734,1.068.062.462,https://maps.google.com/?cid=0x0:0x20dfdf09e15e9c4c,
supermarket,Toko Swalayan,Toko Fajar Timur,"RQRQ+QJJ, Wakarleli, Kec. Moa Lakor, Kabupaten Maluku Barat Daya, Maluku","Kabupaten Maluku Barat Daya, Maluku",MALUKU,,Indonesia,,,,-81.580.268,1.277.890.034,https://maps.google.com/?cid=0x0:0x7c7cc122e197ca,
supermarket,Toko Swalayan,Toko Timur Jaya,"VR4M+C98, Unnamed Road, Kaiwatu, Kec. Moa Lakor, Kabupaten Maluku Barat Daya, Maluku","Kabupaten Maluku Barat Daya, Maluku",MALUKU,,Indonesia,81244542576.0,,,-81.439.518,1.278.334.571,https://maps.google.com/?cid=0x0:0x71eaa7c4680d2435,
supermarket,supermarket,Maluku,,Maluku,MALUKU,,Indonesia,,,,-32.384.616,1.301.452.734,https://maps.google.com/?cid=0x0:0x5e30e8db04649a51,
supermarket,Toko bahan makanan,Borneo Supermarket HM. Rafi'i,"7JHR+QFR, Jl. HM. Rafi'i, Madurejo, Kec. Arut Sel., Kabupaten Kotawaringin Barat, Kalimantan Tengah 74181","Jl. HM. Rafi'i, Madurejo, Kec. Arut Sel., Kabupaten Kotawaringin Barat",MALUKU,74181.0,Indonesia,5322030782.0,,,-27.205.221,1.116.411.503,https://maps.google.com/?cid=0x0:0xe312b99a542aea69,
supermarket,Toko bahan makanan,Borneo Swalayan,"8J8W+8QX, Jl. Kawitan I, Sidorejo, Kec. Arut Sel., Kabupaten Kotawaringin Barat, Kalimantan Tengah 74112","Jl. Kawitan I, Sidorejo, Kec. Arut Sel., Kabupaten Kotawaringin Barat",MALUKU,74112.0,Indonesia,53224521.0,,,-26.841.275,1.116.469.727,https://maps.google.com/?cid=0x0:0xda5cad380efdc4c0,
supermarket,Kafe,Pentol goreng,"7JPV+5MH, Jl. HM. Rafi'i, Madurejo, Kec. Arut Sel., Kabupaten Kotawaringin Barat, Kalimantan Tengah 74181","Jl. HM. Rafi'i, Madurejo, Kec. Arut Sel., Kabupaten Kotawaringin Barat",MALUKU,74181.0,Indonesia,,,,-27.145.542,1.116.442.369,https://maps.google.com/?cid=0x0:0xddb5053541a96acd,
supermarket,supermarket,Maluku,,Maluku,MALUKU,,Indonesia,,,,-32.384.616,1.301.452.734,https://maps.google.com/?cid=0x0:0x5e30e8db04649a51,
supermarket,Toko Swalayan,Winkel Supermarket,"96FG+323, Waiheru, Kec. Baguala, Kota Ambon, Maluku","Kota Ambon, Maluku",MALUKU,,Indonesia,9113869351.0,,,-36.273.656,1.282.250.609,https://maps.google.com/?cid=0x0:0xec37cd1cfdfa6412,
supermarket,supermarket,Toko PERMATA MARET,"CMH3+4F3, jalan terminal, Tiouw, Kec. Saparua, Kabupaten Maluku Tengah, Maluku","Kabupaten Maluku Tengah, Maluku",MALUKU,,Indonesia,,,,-3.572.235,1.286.536.591,https://maps.google.com/?cid=0x0:0x1ed932020a70f605,
supermarket,Toko bahan makanan,YW Mart,"FWF3+9VH, Kp. Baru, Kec. Banda, Kabupaten Maluku Tengah, Maluku","Kabupaten Maluku Tengah, Maluku",MALUKU,,Indonesia,8124007706.0,,,-45.265.738,129.904.729,https://maps.google.com/?cid=0x0:0x4081c18505989a77,
supermarket,Pusat Perbelanjaan,Hypermart Maluku City Mall,"Jalan Jend. Sudirman, Hative Kecil, Kec. Sirimau, Kota Ambon, Maluku","Kota Ambon, Maluku",MALUKU,,Indonesia,911319999.0,,,-36.702.679,1.281.981.163,https://maps.google.com/?cid=0x0:0xf361af34b2474744,
supermarket,Hipermarket,Hypermart Ambon City Center,"Desa, Passo, Kec. Baguala, Kota Ambon, Maluku","Kota Ambon, Maluku",MALUKU,,Indonesia,911361739.0,,,-36.316.235,1.282.496.246,https://maps.google.com/?cid=0x0:0xa5054eb80169380e,
supermarket,Toko Swalayan,Winkel Supermarket,"96FG+323, Waiheru, Kec. Baguala, Kota Ambon, Maluku","Kota Ambon, Maluku",MALUKU,,Indonesia,9113869351.0,,,-36.273.656,1.282.250.609,https://maps.google.com/?cid=0x0:0xec37cd1cfdfa6412,
supermarket,Toko,Winkel Xpress,"9792+JWJ, Passo, Kec. Baguala, Kota Ambon, Maluku","Kota Ambon, Maluku",MALUKU,,Indonesia,,,,-36.309.238,1.282.522.702,https://maps.google.com/?cid=0x0:0xecc0d241b9b11ca4,
supermarket,Toko Kelontong Korea,Mu Gung Hwa Supermarket - Senopati,"Jl. Senayan No.43, RT.8/RW.5, Rw. Bar., Kec. Kby. Baru, Kota Jakarta Selatan, Daerah Khusus Ibukota Jakarta 12180","RT.8/RW.5, Rw. Bar., Kec. Kby. Baru, Kota Jakarta Selatan",MALUKU,12180.0,Indonesia,217222214.0,,,-62.353.938,1.068.158.782,https://maps.google.com/?cid=0x0:0x9ffba79e59c537d5,
supermarket,Toko Alat Pancing,"Toko Baitul Makmur Umi Romlah""""","Jl. Sawah Lio II No.31 12, RT.12/RW.1, Jemb. Lima, Kec. Tambora, Kota Jakarta Barat, Daerah Khusus Ibukota Jakarta 11250","RT.12/RW.1, Jemb. Lima, Kec. Tambora, Kota Jakarta Barat",MALUKU,11250.0,Indonesia,216346621.0,,,-61.455.825,1.068.056.025,https://maps.google.com/?cid=0x0:0x3c0b3756a1f9cd2d,
supermarket,Pusat Perbelanjaan,IKENNA SHOP,"RWW9+56C, Gading Nias Apartemen tower emerald lobby T, Jl. Pegangsaan Dua, RT.13/RW.3, Pegangsaan Dua, Kec. Klp. Gading, Jkt Utara, Daerah Khusus Ibukota Jakarta 14250","Gading Nias Apartemen tower emerald lobby T, Jl. Pegangsaan Dua, RT.13/RW.3, Pegangsaan Dua, Kec. Klp. Gading, Jkt Utara",MALUKU,14250.0,Indonesia,895333217721.0,,,-61.545.572,1.069.180.112,https://maps.google.com/?cid=0x0:0xa9967c9000a8535e,
supermarket,Toko makanan beku,Mugie frozen,"Jl. Sawah Lio No.I, RT.11/RW.1, Jemb. Lima, Kec. Tambora, Kota Jakarta Barat, Daerah Khusus Ibukota Jakarta 11250","RT.11/RW.1, Jemb. Lima, Kec. Tambora, Kota Jakarta Barat",MALUKU,11250.0,Indonesia,85814561987.0,,,-61.466.015,1.068.060.013,https://maps.google.com/?cid=0x0:0x6b272c8d9ccd891a,
supermarket,Toko bahan makanan,Mu Gung Hwa Supermarket - Cikarang,"Ruko Galaria Singaraja Blok C1-3, Jl. M.H Thamrin, Lippo Cikarang, Cibatu, Cikarang Sel., Kabupaten Bekasi, Jawa Barat 17530","Jl. M.H Thamrin, Lippo Cikarang, Cibatu, Cikarang Sel., Kabupaten Bekasi",MALUKU,17530.0,Indonesia,218973330.0,,,-63.313.655,1.071.404.415,https://maps.google.com/?cid=0x0:0x737ae730ac14113f,
supermarket,Toko Roti,LatteBless / Urbaneeds,"Jl. Cipete Raya No.40C, Cipete Sel., Kec. Cilandak, Kota Jakarta Selatan, Daerah Khusus Ibukota Jakarta 12410","Cipete Sel., Kec. Cilandak, Kota Jakarta Selatan",MALUKU,12410.0,Indonesia,87703578969.0,,,-62.782.734,1.068.062.462,https://maps.google.com/?cid=0x0:0x20dfdf09e15e9c4c,
supermarket,Toko,Winkel Xpress,"9792+JWJ, Passo, Kec. Baguala, Kota Ambon, Maluku","Kota Ambon, Maluku",MALUKU,,Indonesia,,,,-36.309.238,1.282.522.702,https://maps.google.com/?cid=0x0:0xecc0d241b9b11ca4,
supermarket,Toko Swalayan,Winkel Supermarket,"96FG+323, Waiheru, Kec. Baguala, Kota Ambon, Maluku","Kota Ambon, Maluku",MALUKU,,Indonesia,9113869351.0,,,-36.273.656,1.282.250.609,https://maps.google.com/?cid=0x0:0xec37cd1cfdfa6412,
supermarket,supermarket,Kec. Wetar Timur,"Kabupaten Maluku Barat Daya, Maluku","Kabupaten Maluku Barat Daya, Maluku",MALUKU,,Indonesia,,,,-76.759.352,1.268.082.461,https://maps.google.com/?cid=0x0:0xdd20d04bf1cbe2c2,
supermarket,supermarket,Toko PERMATA MARET,"CMH3+4F3, jalan terminal, Tiouw, Kec. Saparua, Kabupaten Maluku Tengah, Maluku","Kabupaten Maluku Tengah, Maluku",MALUKU,,Indonesia,,,,-3.572.235,1.286.536.591,https://maps.google.com/?cid=0x0:0x1ed932020a70f605,
supermarket,Pusat Perbelanjaan,Hypermart Maluku City Mall,"Jalan Jend. Sudirman, Hative Kecil, Kec. Sirimau, Kota Ambon, Maluku","Kota Ambon, Maluku",MALUKU,,Indonesia,911319999.0,,,-36.702.679,1.281.981.163,https://maps.google.com/?cid=0x0:0xf361af34b2474744,
supermarket,Toko Swalayan,Toko Fajar Timur,"RQRQ+QJJ, Wakarleli, Kec. Moa Lakor, Kabupaten Maluku Barat Daya, Maluku","Kabupaten Maluku Barat Daya, Maluku",MALUKU,,Indonesia,,,,-81.580.268,1.277.890.034,https://maps.google.com/?cid=0x0:0x7c7cc122e197ca,
supermarket,supermarket,Pulau Romang,"Kec. Kepulauan Romang, Kabupaten Maluku Barat Daya, Maluku","Kabupaten Maluku Barat Daya, Maluku",MALUKU,,Indonesia,,,,-75.547.114,1.274.040.871,https://maps.google.com/?cid=0x0:0x95ac62b286aaaa9c,
supermarket,supermarket,Kec. Kepulauan Romang,"Kabupaten Maluku Barat Daya, Maluku","Kabupaten Maluku Barat Daya, Maluku",MALUKU,,Indonesia,,,,-75.913.438,1.273.710.665,https://maps.google.com/?cid=0x0:0xe9226fb89aebd4ca,
supermarket,Mal outlet,RAMAYANA Cahaya Bintaro,"Plaza Bintaro Jaya Lantai Dasar Jl. Bintaro Utama Sektor 3A, Pd. Karya, Tangerang, Kota Tangerang Selatan, Banten 15225","Pd. Karya, Tangerang, Kota Tangerang Selatan",MALUKU,15225.0,Indonesia,217353902.0,,,-62.725.275,1.067.419.655,https://maps.google.com/?cid=0x0:0x7e3f15154ff65858,
supermarket,Pasar,Pasar Yotowawa,"W5H7+GFR, Nomaha, Kec. Pulau-pulau Terselatan, Kabupaten Maluku Barat Daya, Maluku","Kabupaten Maluku Barat Daya, Maluku",MALUKU,,Indonesia,,,,-80.711.453,1.271.636.268,https://maps.google.com/?cid=0x0:0xa41aa57be4ec43ab,
supermarket,supermarket,Pasar Baru Tutuwatu,"W5VM+588, Nomaha, Kec. Pulau-pulau Terselatan, Kabupaten Maluku Barat Daya, Maluku","Kabupaten Maluku Barat Daya, Maluku",MALUKU,,Indonesia,,,,-80.570.891,1.271.833.179,https://maps.google.com/?cid=0x0:0x93169e9b990f1345,
supermarket,supermarket,Kisar Utara,"Kabupaten Maluku Barat Daya, Maluku","Kabupaten Maluku Barat Daya, Maluku",MALUKU,,Indonesia,,,,-80.292.578,127.168.746,https://maps.google.com/?cid=0x0:0x28782aba3b9982ea,
