Category;Real Category;Business Name;Address;City;State;Postal Code;Country;Phone;Email;Website;Latitude;Longitude;Map Link;Details Link
mall;mall;Papua 99871;"Kabupaten Mappi, Papua";"Kabupaten Mappi, Papua";PAPUA;;Indonesia;;;;-63.989.856;1.394.466.005;https://maps.google.com/?cid=0x0:0xc5ece3ae73b47f90;
mall;Toko Swalayan;Golden swalayan GS;"C8W2+GQV, Jl. Irian Kepi, Kepi, Kec. Obaa, Kabupaten Mappi, Papua 99881";"Jl. Irian Kepi, Kepi, Kec. Obaa, Kabupaten Mappi";PAPUA;99881;Indonesia;;;;-6.553.635;139.301.908;https://maps.google.com/?cid=0x0:0x10e0e3fe2af3948f;
mall;Toko Swalayan;Toko Bintang Timur;"C8X3+52H, Jl. Irian Kepi, Kepi, Kec. Obaa, Kabupaten Mappi, Papua 99881";"Jl. Irian Kepi, Kepi, Kec. Obaa, Kabupaten Mappi";PAPUA;99881;Indonesia;;;;-65.520.518;1.393.026.163;https://maps.google.com/?cid=0x0:0xcdc561f25d752690;
mall;Kios;KIOS WIRA;"C7PR+V56, Jl. Irian Kepi, Kepi, Kec. Obaa, Kabupaten Mappi, Papua 99881";"Jl. Irian Kepi, Kepi, Kec. Obaa, Kabupaten Mappi";PAPUA;99881;Indonesia;;;;-65.628.457;1.392.904.005;https://maps.google.com/?cid=0x0:0x1bcce6db1a82eceb;
mall;Toko;Toko zahra;"F864+JR8, Jl. Irian Kepi, Kepi, Kec. Obaa, Kabupaten Mappi, Papua 99881";"Jl. Irian Kepi, Kepi, Kec. Obaa, Kabupaten Mappi";PAPUA;99881;Indonesia;;;;-65.384.521;1.393.070.638;https://maps.google.com/?cid=0x0:0x724d2b820a1a7eef;
mall;Kios;KIOS BUNDA NIA;"Jl. Irian Kepi, Kepi, Kec. Obaa, Kabupaten Mappi, Papua 99871";"Kepi, Kec. Obaa, Kabupaten Mappi";PAPUA;99871;Indonesia;;;;-65.317.596;1.393.196.575;https://maps.google.com/?cid=0x0:0xf52da1224bfc4056;
mall;mall;Kec. Obaa;"Kabupaten Mappi, Papua";"Kabupaten Mappi, Papua";PAPUA;;Indonesia;;;;-65.336.517;1.394.466.005;https://maps.google.com/?cid=0x0:0x3055588e2dbb9ea4;
mall;Toko;Depot Galon FreshCold;"F868+WVW, Kepi, Kec. Obaa, Kabupaten Mappi, Papua 99881";"Kepi, Kec. Obaa, Kabupaten Mappi";PAPUA;99881;Indonesia;081340229191;;;-65.376.338;1.393.171.918;https://maps.google.com/?cid=0x0:0x7965fd1a71481f93;
mall;mall;mappi;"F853+JJP, Jl. Irian Kepi, Obaa, Kec. Obaa, Kabupaten Mappi, Papua 99881";"Jl. Irian Kepi, Obaa, Kec. Obaa, Kabupaten Mappi";PAPUA;99881;Indonesia;081354035347;;;-65.409.112;1.393.040.764;https://maps.google.com/?cid=0x0:0xa11baab1d5612b4d;
mall;Toko Pakaian;Baona Store;"Jl. Kedoya Pesing No.10A 1, RT.1/RW.4, Kedoya Sel., Kec. Kb. Jeruk, Kota Jakarta Barat, Daerah Khusus Ibukota Jakarta 11520";"RT.1/RW.4, Kedoya Sel., Kec. Kb. Jeruk, Kota Jakarta Barat";PAPUA;11520;Indonesia;085162812882;;;-61.819.801;1.067.619.145;https://maps.google.com/?cid=0x0:0x9c41e02f3f09192f;
mall;China;Hublife Taman Anggrek;"Jl. Tj. Duren Timur 2, RT.12/RW.1, Tj. Duren Sel., Kec. Grogol petamburan, Kota Jakarta Barat, Daerah Khusus Ibukota Jakarta 11470";"RT.12/RW.1, Tj. Duren Sel., Kec. Grogol petamburan, Kota Jakarta Barat";PAPUA;11470;Indonesia;02150622288;;;-61.807.487;1.067.921.782;https://maps.google.com/?cid=0x0:0x88fab696821699af;
mall;Toko;Wahyu market;"78XQ+XCF, Senggo, Citakmitak, Kabupaten Mappi, Papua 99875";"Senggo, Citakmitak, Kabupaten Mappi";PAPUA;99875;Indonesia;;;;-57.000.608;1.393.385.552;https://maps.google.com/?cid=0x0:0xf59ef20758d9ef4c;
mall;Pusat Perbelanjaan;Kios Maiwa;"78XQ+RJW, Senggo, Citakmitak, Kabupaten Mappi, Papua 99875";"Senggo, Citakmitak, Kabupaten Mappi";PAPUA;99875;Indonesia;085215525247;;;-57.003.947;1.393.390.652;https://maps.google.com/?cid=0x0:0x7cbdad47ec2806f5;
mall;Pusat Perbelanjaan;Mall Jayapura;"APO, Jl. Samratulangi, Bayangkara, Kec. Jayapura Utara, Kota Jayapura, Papua 99112";"Jl. Samratulangi, Bayangkara, Kec. Jayapura Utara, Kota Jayapura";PAPUA;99112;Indonesia;09675150000;;;-25.351.775;1.407.061.874;https://maps.google.com/?cid=0x0:0x54294cb27964023;
mall;Pusat Perbelanjaan;SAGA MALL;"Kota Baru, Kec. Abepura, Kota Jayapura, Papua 99351";"Kec. Abepura, Kota Jayapura";PAPUA;99351;Indonesia;;;;-26.105.845;1.406.654.189;https://maps.google.com/?cid=0x0:0xaf65e43ff84ff9e6;
mall;Kedai Kopi;JCO COFFEE  DONUTS MALL JAYAPURA;"Jl. Kab. No.99112, Bayangkara, Kec. Jayapura Utara, Kota Jayapura, Papua 99112";"Bayangkara, Kec. Jayapura Utara, Kota Jayapura";PAPUA;99112;Indonesia;;;;-25.353.252;1.407.060.198;https://maps.google.com/?cid=0x0:0x8cbe835113b8c269;
mall;Toko bahan makanan;Es Cream Rujak;"6MQR+PFR, Sibi, Edera, Kabupaten Mappi, Papua 99853";"Sibi, Edera, Kabupaten Mappi";PAPUA;99853;Indonesia;081240038618;;;-67.606.468;1.396.911.374;https://maps.google.com/?cid=0x0:0x702af7559ccf5069;
mall;Kios;Kios LINTANG;"6MQR+PFR, Sibi, Edera, Kabupaten Mappi, Papua";"Kabupaten Mappi, Papua";PAPUA;;Indonesia;;;;-67.606.468;1.396.911.374;https://maps.google.com/?cid=0x0:0xff561c363e415b0e;
mall;mall;Papua 99881;"Kabupaten Mappi, Papua";"Kabupaten Mappi, Papua";PAPUA;;Indonesia;;;;-62.344.696;1.391.221.414;https://maps.google.com/?cid=0x0:0x16d53cf515d4db1d;
mall;Toko Swalayan;Golden swalayan GS;"C8W2+GQV, Jl. Irian Kepi, Kepi, Kec. Obaa, Kabupaten Mappi, Papua 99881";"Jl. Irian Kepi, Kepi, Kec. Obaa, Kabupaten Mappi";PAPUA;99881;Indonesia;;;;-6.553.635;139.301.908;https://maps.google.com/?cid=0x0:0x10e0e3fe2af3948f;
mall;Kios;Kios Mas Naryo;"C8X2+MV9, Jl. Irian Kepi, Kepi, Kec. Obaa, Kabupaten Mappi, Papua 99881";"Jl. Irian Kepi, Kepi, Kec. Obaa, Kabupaten Mappi";PAPUA;99881;Indonesia;;;;-65.508.384;1.393.022.334;https://maps.google.com/?cid=0x0:0xa1c4e3a90d1807dd;
mall;Kios;KIOS WIRA;"C7PR+V56, Jl. Irian Kepi, Kepi, Kec. Obaa, Kabupaten Mappi, Papua 99881";"Jl. Irian Kepi, Kepi, Kec. Obaa, Kabupaten Mappi";PAPUA;99881;Indonesia;;;;-65.628.457;1.392.904.005;https://maps.google.com/?cid=0x0:0x1bcce6db1a82eceb;
mall;Toko;Toko zahra;"F864+JR8, Jl. Irian Kepi, Kepi, Kec. Obaa, Kabupaten Mappi, Papua 99881";"Jl. Irian Kepi, Kepi, Kec. Obaa, Kabupaten Mappi";PAPUA;99881;Indonesia;;;;-65.384.521;1.393.070.638;https://maps.google.com/?cid=0x0:0x724d2b820a1a7eef;
mall;Toko;Depot Galon FreshCold;"F868+WVW, Kepi, Kec. Obaa, Kabupaten Mappi, Papua 99881";"Kepi, Kec. Obaa, Kabupaten Mappi";PAPUA;99881;Indonesia;081340229191;;;-65.376.338;1.393.171.918;https://maps.google.com/?cid=0x0:0x7965fd1a71481f93;
mall;Pusat Perbelanjaan;Mall Jayapura;"APO, Jl. Samratulangi, Bayangkara, Kec. Jayapura Utara, Kota Jayapura, Papua 99112";"Jl. Samratulangi, Bayangkara, Kec. Jayapura Utara, Kota Jayapura";PAPUA;99112;Indonesia;09675150000;;;-25.351.775;1.407.061.874;https://maps.google.com/?cid=0x0:0x54294cb27964023;
mall;Toko;Rumah rifki/fikri;"V4MX+PP9, Eci, Kec. Assue, Kabupaten Mappi, Papua 99881";"Eci, Kec. Assue, Kabupaten Mappi";PAPUA;99881;Indonesia;;;;-61.157.066;1.391.493.664;https://maps.google.com/?cid=0x0:0x335f5213744dc6ef;
mall;Kios;KIOS BUNDA NIA;"Jl. Irian Kepi, Kepi, Kec. Obaa, Kabupaten Mappi, Papua 99871";"Kepi, Kec. Obaa, Kabupaten Mappi";PAPUA;99871;Indonesia;;;;-65.317.596;1.393.196.575;https://maps.google.com/?cid=0x0:0xf52da1224bfc4056;
mall;mall;Pelabuhan;"P2JW+CPQ, Yagatsu, Kec. Haju, Kabupaten Mappi, Papua 99881";"Yagatsu, Kec. Haju, Kabupaten Mappi";PAPUA;99881;Indonesia;;;;-62.689.019;1.390.468.586;https://maps.google.com/?cid=0x0:0xec305aef35660271;
mall;mall;mappi;"F853+JJP, Jl. Irian Kepi, Obaa, Kec. Obaa, Kabupaten Mappi, Papua 99881";"Jl. Irian Kepi, Obaa, Kec. Obaa, Kabupaten Mappi";PAPUA;99881;Indonesia;081354035347;;;-65.409.112;1.393.040.764;https://maps.google.com/?cid=0x0:0xa11baab1d5612b4d;
mall;mall;Aryo Sukarwo;"F8M9+J9H, Obaa, Kec. Obaa, Kabupaten Mappi, Papua 99871";"Obaa, Kec. Obaa, Kabupaten Mappi";PAPUA;99871;Indonesia;0812482283742;;;-65.159.336;1.393.184.692;https://maps.google.com/?cid=0x0:0x8e17872fdcbbe0cd;
mall;Kantor Perusahaan;PT Haju Medical Indonesia;"Tifa Arum Realty, Jl. Kuningan Bar. 1 No.26 Lt 8, RT.6/RW.1, Kuningan Bar., Kec. Mampang Prpt., Kota Jakarta Selatan, Daerah Khusus Ibukota Jakarta 12760";"Jl. Kuningan Bar. 1 No.26 Lt 8, RT.6/RW.1, Kuningan Bar., Kec. Mampang Prpt., Kota Jakarta Selatan";PAPUA;12760;Indonesia;02127088686;;;-62.350.036;1.068.204.266;https://maps.google.com/?cid=0x0:0x69ec7651bcfe2002;
mall;Pusat Perbelanjaan;Ha Ha;"Jl. Gn. Sahari No.1 11, RT.11/RW.6, Ancol, Kec. Pademangan, Jkt Utara, Daerah Khusus Ibukota Jakarta 14430";"RT.11/RW.6, Ancol, Kec. Pademangan, Jkt Utara";PAPUA;14430;Indonesia;0216126000;;;-61.376.109;1.068.316.002;https://maps.google.com/?cid=0x0:0x7b8e655276817c00;
mall;mall;Papua 99874;"Kabupaten Mappi, Papua";"Kabupaten Mappi, Papua";PAPUA;;Indonesia;;;;-58.215.295;1.389.605.972;https://maps.google.com/?cid=0x0:0xac074e8d0ff33f49;
mall;Pusat Perbelanjaan;Mall Jayapura;"APO, Jl. Samratulangi, Bayangkara, Kec. Jayapura Utara, Kota Jayapura, Papua 99112";"Jl. Samratulangi, Bayangkara, Kec. Jayapura Utara, Kota Jayapura";PAPUA;99112;Indonesia;09675150000;;;-25.351.775;1.407.061.874;https://maps.google.com/?cid=0x0:0x54294cb27964023;
mall;Pusat Perbelanjaan;Mall papua;"Jl. Gn. Aspen No.26, Bencongan, Kec. Klp. Dua, Kabupaten Tangerang, Banten 15810";"Bencongan, Kec. Klp. Dua, Kabupaten Tangerang";PAPUA;15810;Indonesia;;;;-62.338.406;1.065.937.941;https://maps.google.com/?cid=0x0:0xf2fc51e618acb94;
mall;Pusat Perbelanjaan;Wamena Mall;"WW4W+JH7, Wamena Kota, Distrik Wamena, Kabupaten Jayawijaya, Papua 99511";"Wamena Kota, Distrik Wamena, Kabupaten Jayawijaya";PAPUA;99511;Indonesia;081356954606;;;-40.934.521;1.389.464.176;https://maps.google.com/?cid=0x0:0x99f90a37cc207474;
mall;Pusat Perbelanjaan;Mall Sentani City Square;"Jl. Raya Kemiri No.286, Hinekombe, Kec. Sentani, Kabupaten Jayapura, Papua 99352";"Hinekombe, Kec. Sentani, Kabupaten Jayapura";PAPUA;99352;Indonesia;082198389205;;;-25.632.484;1.405.006.043;https://maps.google.com/?cid=0x0:0x666e57130aca06b8;
mall;Minimarket;Jayapura;"RJHR+X47, Sukaasih, Kec. Tangerang, Kota Tangerang, Banten";"Kota Tangerang, Banten";PAPUA;;Indonesia;;;;-61.700.957;1.066.403.119;https://maps.google.com/?cid=0x0:0xd349b4eed66f2ec0;
mall;Toko;Rumah rifki/fikri;"V4MX+PP9, Eci, Kec. Assue, Kabupaten Mappi, Papua 99881";"Eci, Kec. Assue, Kabupaten Mappi";PAPUA;99881;Indonesia;;;;-61.157.066;1.391.493.664;https://maps.google.com/?cid=0x0:0x335f5213744dc6ef;
mall;mall;Kios Bude Ati;"54M2+3JH, Asaren, Kec. Assue, Kabupaten Mappi, Papua 99874";"Asaren, Kec. Assue, Kabupaten Mappi";PAPUA;99874;Indonesia;;;;-58.173.105;1.391.016.149;https://maps.google.com/?cid=0x0:0xdc5743b19d11361b;
mall;mall;Kec. Assue;"Kabupaten Mappi, Papua";"Kabupaten Mappi, Papua";PAPUA;;Indonesia;;;;-59.386.763;1.391.625.989;https://maps.google.com/?cid=0x0:0x59165bc210ecd15e;
mall;mall;Pelabuhan;"P2JW+CPQ, Yagatsu, Kec. Haju, Kabupaten Mappi, Papua 99881";"Yagatsu, Kec. Haju, Kabupaten Mappi";PAPUA;99881;Indonesia;;;;-62.689.019;1.390.468.586;https://maps.google.com/?cid=0x0:0xec305aef35660271;
mall;Toko;SAE PAY;"T15/5, Jl. Graha Sevilla, Ciakar, Kec. Panongan, Kabupaten Tangerang, Banten 15710";"Jl. Graha Sevilla, Ciakar, Kec. Panongan, Kabupaten Tangerang";PAPUA;15710;Indonesia;081310305327;;;-62.653.896;1.065.257.841;https://maps.google.com/?cid=0x0:0xf0ac87b1e7959eca;
mall;Pusat Perbelanjaan;As;"Jl. Duri A II No.2 5, RT.5/RW.2, Duri Pulo, Kecamatan Gambir, Kota Jakarta Pusat, Daerah Khusus Ibukota Jakarta 10140";"RT.5/RW.2, Duri Pulo, Kecamatan Gambir, Kota Jakarta Pusat";PAPUA;10140;Indonesia;085846025553;;;-61.620.181;1.068.070.078;https://maps.google.com/?cid=0x0:0x4df4e81d039d92b4;
mall;Toko;Wahyu market;"78XQ+XCF, Senggo, Citakmitak, Kabupaten Mappi, Papua 99875";"Senggo, Citakmitak, Kabupaten Mappi";PAPUA;99875;Indonesia;;;;-57.000.608;1.393.385.552;https://maps.google.com/?cid=0x0:0xf59ef20758d9ef4c;
mall;Pusat Perbelanjaan;Kios Maiwa;"78XQ+RJW, Senggo, Citakmitak, Kabupaten Mappi, Papua 99875";"Senggo, Citakmitak, Kabupaten Mappi";PAPUA;99875;Indonesia;085215525247;;;-57.003.947;1.393.390.652;https://maps.google.com/?cid=0x0:0x7cbdad47ec2806f5;
mall;Pusat Perbelanjaan;Lotte Shopping Avenue Mall;"Jl. Prof. DR. Satrio No.Kav.3, RW.5, Kuningan, Karet Kuningan, Kecamatan Setiabudi, Kota Jakarta Selatan, Daerah Khusus Ibukota Jakarta 12940";"RW.5, Kuningan, Karet Kuningan, Kecamatan Setiabudi, Kota Jakarta Selatan";PAPUA;12940;Indonesia;02129889292;;;-62.233.644;1.068.232.981;https://maps.google.com/?cid=0x0:0xe8323175da8b9770;
mall;Pusat Perbelanjaan;Mall Kota Kasablanka;"Jl. Raya Casablanca No.Kav 88, Menteng Dalam, Kec. Tebet, Kota Jakarta Selatan, Daerah Khusus Ibukota Jakarta 12870";"Menteng Dalam, Kec. Tebet, Kota Jakarta Selatan";PAPUA;12870;Indonesia;02129465000;;;-62.240.353;1.068.425.979;https://maps.google.com/?cid=0x0:0xaf54cb631563acce;
mall;mall;Papua 99871;"Kabupaten Mappi, Papua";"Kabupaten Mappi, Papua";PAPUA;;Indonesia;;;;-63.989.856;1.394.466.005;https://maps.google.com/?cid=0x0:0xc5ece3ae73b47f90;
mall;Toko Swalayan;Golden swalayan GS;"C8W2+GQV, Jl. Irian Kepi, Kepi, Kec. Obaa, Kabupaten Mappi, Papua 99881";"Jl. Irian Kepi, Kepi, Kec. Obaa, Kabupaten Mappi";PAPUA;99881;Indonesia;;;;-6.553.635;139.301.908;https://maps.google.com/?cid=0x0:0x10e0e3fe2af3948f;
mall;Kios;Kios Mas Naryo;"C8X2+MV9, Jl. Irian Kepi, Kepi, Kec. Obaa, Kabupaten Mappi, Papua 99881";"Jl. Irian Kepi, Kepi, Kec. Obaa, Kabupaten Mappi";PAPUA;99881;Indonesia;;;;-65.508.384;1.393.022.334;https://maps.google.com/?cid=0x0:0xa1c4e3a90d1807dd;
mall;Kios;KIOS WIRA;"C7PR+V56, Jl. Irian Kepi, Kepi, Kec. Obaa, Kabupaten Mappi, Papua 99881";"Jl. Irian Kepi, Kepi, Kec. Obaa, Kabupaten Mappi";PAPUA;99881;Indonesia;;;;-65.628.457;1.392.904.005;https://maps.google.com/?cid=0x0:0x1bcce6db1a82eceb;
mall;Pusat Perbelanjaan;Pacific Place Mall;"Jl. Jend. Sudirman kav 52-53, Senayan, Kec. Kby. Baru, Kota Jakarta Selatan, Daerah Khusus Ibukota Jakarta 12190";"Senayan, Kec. Kby. Baru, Kota Jakarta Selatan";PAPUA;12190;Indonesia;02151402828;;;-62.240.197;1.068.101.858;https://maps.google.com/?cid=0x0:0xc4a608b34b5f03cc;
mall;Pusat Perbelanjaan;Mall Jayapura;"APO, Jl. Samratulangi, Bayangkara, Kec. Jayapura Utara, Kota Jayapura, Papua 99112";"Jl. Samratulangi, Bayangkara, Kec. Jayapura Utara, Kota Jayapura";PAPUA;99112;Indonesia;09675150000;;;-25.351.775;1.407.061.874;https://maps.google.com/?cid=0x0:0x54294cb27964023;
mall;Pusat Perbelanjaan;Pasaraya Blok M;"Jl. Iskandarsyah II No.2, RT.3/RW.1, Melawai, Kec. Kby. Baru, Kota Jakarta Selatan, Daerah Khusus Ibukota Jakarta 12160";"RT.3/RW.1, Melawai, Kec. Kby. Baru, Kota Jakarta Selatan";PAPUA;12160;Indonesia;0217260170;;;-62.437.383;1.068.030.197;https://maps.google.com/?cid=0x0:0x4b1c6d654a7fbee5;
mall;Pusat Perbelanjaan;Mall Ambasador;"Kuningan, Karet Kuningan, Kecamatan Setiabudi, Kota Jakarta Selatan, Daerah Khusus Ibukota Jakarta";"Kota Jakarta Selatan, Daerah Khusus Ibukota Jakarta";PAPUA;;Indonesia;;;;-62.240.223;1.068.268.202;https://maps.google.com/?cid=0x0:0xffae3870f7ae2fd;
mall;Toko;Depot Galon FreshCold;"F868+WVW, Kepi, Kec. Obaa, Kabupaten Mappi, Papua 99881";"Kepi, Kec. Obaa, Kabupaten Mappi";PAPUA;99881;Indonesia;081340229191;;;-65.376.338;1.393.171.918;https://maps.google.com/?cid=0x0:0x7965fd1a71481f93;
mall;Kios;KIOS BUNDA NIA;"Jl. Irian Kepi, Kepi, Kec. Obaa, Kabupaten Mappi, Papua 99871";"Kepi, Kec. Obaa, Kabupaten Mappi";PAPUA;99871;Indonesia;;;;-65.317.596;1.393.196.575;https://maps.google.com/?cid=0x0:0xf52da1224bfc4056;
mall;Toko;Toko zahra;"F864+JR8, Jl. Irian Kepi, Kepi, Kec. Obaa, Kabupaten Mappi, Papua 99881";"Jl. Irian Kepi, Kepi, Kec. Obaa, Kabupaten Mappi";PAPUA;99881;Indonesia;;;;-65.384.521;1.393.070.638;https://maps.google.com/?cid=0x0:0x724d2b820a1a7eef;
mall;mall;Kios ar-fah;"HHV4+GWR, Nohon, Kec. Passue, Kabupaten Mappi, Papua 99871";"Nohon, Kec. Passue, Kabupaten Mappi";PAPUA;99871;Indonesia;;;;-64.061.362;1.395.572.646;https://maps.google.com/?cid=0x0:0xaa52de938f078720;
mall;mall;Aryo Sukarwo;"F8M9+J9H, Obaa, Kec. Obaa, Kabupaten Mappi, Papua 99871";"Obaa, Kec. Obaa, Kabupaten Mappi";PAPUA;99871;Indonesia;0812482283742;;;-65.159.336;1.393.184.692;https://maps.google.com/?cid=0x0:0x8e17872fdcbbe0cd;
mall;mall;mappi;"F853+JJP, Jl. Irian Kepi, Obaa, Kec. Obaa, Kabupaten Mappi, Papua 99881";"Jl. Irian Kepi, Obaa, Kec. Obaa, Kabupaten Mappi";PAPUA;99881;Indonesia;081354035347;;;-65.409.112;1.393.040.764;https://maps.google.com/?cid=0x0:0xa11baab1d5612b4d;
mall;mall;Kec. Passue;"Kabupaten Mappi, Papua";"Kabupaten Mappi, Papua";PAPUA;;Indonesia;;;;-63.845.424;1.396.503.106;https://maps.google.com/?cid=0x0:0x72dcf77146b3adf7;
mall;Toko bahan makanan;Es Cream Rujak;"6MQR+PFR, Sibi, Edera, Kabupaten Mappi, Papua 99853";"Sibi, Edera, Kabupaten Mappi";PAPUA;99853;Indonesia;081240038618;;;-67.606.468;1.396.911.374;https://maps.google.com/?cid=0x0:0x702af7559ccf5069;
mall;Pusat Perbelanjaan;Plaza Indonesia;"Jl. M.H. Thamrin No.Kav.28-30, Gondangdia, Kec. Menteng, Kota Jakarta Pusat, Daerah Khusus Ibukota Jakarta 10350";"Gondangdia, Kec. Menteng, Kota Jakarta Pusat";PAPUA;10350;Indonesia;02129920000;;;-61.935.977;1.068.219.468;https://maps.google.com/?cid=0x0:0x7d7fe17ad64a053f;
mall;Pusat Perbelanjaan;STADTGALERIE Passau;"Bahnhofstraﬂe 1, 94032 Passau, Jerman";Passau;PAPUA;94032;Indonesia;"4,98519E+11";;;485.735.077;134.558.043;https://maps.google.com/?cid=0x0:0x5fe5068cda7580a2;
mall;mall;Distrik Minyamur;"Kabupaten Mappi, Papua";"Kabupaten Mappi, Papua";PAPUA;;Indonesia;;;;-65.749.178;1.388.397.403;https://maps.google.com/?cid=0x0:0xaf9d6fba8ca5978b;
mall;Pusat Perbelanjaan;Mall Jayapura;"APO, Jl. Samratulangi, Bayangkara, Kec. Jayapura Utara, Kota Jayapura, Papua 99112";"Jl. Samratulangi, Bayangkara, Kec. Jayapura Utara, Kota Jayapura";PAPUA;99112;Indonesia;09675150000;;;-25.351.775;1.407.061.874;https://maps.google.com/?cid=0x0:0x54294cb27964023;
mall;mall;mappi;"F853+JJP, Jl. Irian Kepi, Obaa, Kec. Obaa, Kabupaten Mappi, Papua 99881";"Jl. Irian Kepi, Obaa, Kec. Obaa, Kabupaten Mappi";PAPUA;99881;Indonesia;081354035347;;;-65.409.112;1.393.040.764;https://maps.google.com/?cid=0x0:0xa11baab1d5612b4d;
mall;mall;Papua 99853;"Kabupaten Mappi, Papua";"Kabupaten Mappi, Papua";PAPUA;;Indonesia;;;;-71.527.149;1.395.279.996;https://maps.google.com/?cid=0x0:0x8030f37c187cbb11;
mall;Toko Swalayan;Kios Harapan Baru;"36W9+27H, Mur, Kec. Mambioman Bapai, Kabupaten Mappi, Papua 99872";"Mur, Kec. Mambioman Bapai, Kabupaten Mappi";PAPUA;99872;Indonesia;;;;-69.049.296;139.218.224;https://maps.google.com/?cid=0x0:0x34b37bea2e694cde;
mall;Pusat Perbelanjaan;Mall Plaza Senayan;"Jl. Asia Afrika No.8, RT.1/RW.3, Gelora, Kecamatan Tanah Abang, Kota Jakarta Pusat, Daerah Khusus Ibukota Jakarta 10270";"RT.1/RW.3, Gelora, Kecamatan Tanah Abang, Kota Jakarta Pusat";PAPUA;10270;Indonesia;0215725555;;;-62.254.775;1.067.992.649;https://maps.google.com/?cid=0x0:0x788e3a1eef75ac94;
mall;Pusat Perbelanjaan;Wamena Mall;"WW4W+JH7, Wamena Kota, Distrik Wamena, Kabupaten Jayawijaya, Papua 99511";"Wamena Kota, Distrik Wamena, Kabupaten Jayawijaya";PAPUA;99511;Indonesia;081356954606;;;-40.934.521;1.389.464.176;https://maps.google.com/?cid=0x0:0x99f90a37cc207474;
mall;Pusat Perbelanjaan;Mall Jayapura;"APO, Jl. Samratulangi, Bayangkara, Kec. Jayapura Utara, Kota Jayapura, Papua 99112";"Jl. Samratulangi, Bayangkara, Kec. Jayapura Utara, Kota Jayapura";PAPUA;99112;Indonesia;09675150000;;;-25.351.775;1.407.061.874;https://maps.google.com/?cid=0x0:0x54294cb27964023;
mall;Minimarket;Kios Syahmar;"4XG4+XMW, Sahapikia, Venaha, Kabupaten Mappi, Papua 99661";"Sahapikia, Venaha, Kabupaten Mappi";PAPUA;99661;Indonesia;082199313388;;;-68.725.068;1.399.567.129;https://maps.google.com/?cid=0x0:0xdc9e5612c414ad52;
mall;mall;Kios difta;"XJV7+R8, Kobeta, Distrik Syahcame, Kabupaten Mappi, Papua 99853";"Kobeta, Distrik Syahcame, Kabupaten Mappi";PAPUA;99853;Indonesia;082398151611;;;-7.005.415;1.396.133.423;https://maps.google.com/?cid=0x0:0x14f156e96f063bc2;
mall;Pusat Perbelanjaan;Pondok Indah Mall 1;"Jl. Metro Pondok Indah No.Kav. 4, RT.1/RW.16, Pd. Pinang, Kec. Kby. Lama, Kota Jakarta Selatan, Daerah Khusus Ibukota Jakarta 12310";"RT.1/RW.16, Pd. Pinang, Kec. Kby. Lama, Kota Jakarta Selatan";PAPUA;12310;Indonesia;0217506750;;;-62.652.166;1.067.843.165;https://maps.google.com/?cid=0x0:0x682837113c4ea854;
mall;mall;Yakomi;"Kabupaten Mappi, Papua";"Kabupaten Mappi, Papua";PAPUA;;Indonesia;;;;-70.968.657;1.399.777.136;https://maps.google.com/?cid=0x0:0x53b07922dc974e00;
mall;Pusat Perbelanjaan;Mall Jayapura;"APO, Jl. Samratulangi, Bayangkara, Kec. Jayapura Utara, Kota Jayapura, Papua 99112";"Jl. Samratulangi, Bayangkara, Kec. Jayapura Utara, Kota Jayapura";PAPUA;99112;Indonesia;09675150000;;;-25.351.775;1.407.061.874;https://maps.google.com/?cid=0x0:0x54294cb27964023;
mall;Minimarket;Kios Syahmar;"4XG4+XMW, Sahapikia, Venaha, Kabupaten Mappi, Papua 99661";"Sahapikia, Venaha, Kabupaten Mappi";PAPUA;99661;Indonesia;082199313388;;;-68.725.068;1.399.567.129;https://maps.google.com/?cid=0x0:0xdc9e5612c414ad52;
mall;Toko Swalayan;Kios Harapan Baru;"36W9+27H, Mur, Kec. Mambioman Bapai, Kabupaten Mappi, Papua 99872";"Mur, Kec. Mambioman Bapai, Kabupaten Mappi";PAPUA;99872;Indonesia;;;;-69.049.296;139.218.224;https://maps.google.com/?cid=0x0:0x34b37bea2e694cde;
mall;Toko Swalayan;"kios AMANAH,mur-nambai";"36RC+6CF, Unnamed Road, Mur, Kec, Mur, Kec. Mambioman Bapai, Kabupaten Mappi, Papua 99872";"Unnamed Road, Mur, Kec, Mur, Kec. Mambioman Bapai, Kabupaten Mappi";PAPUA;99872;Indonesia;082121254242;;;-69.094.271;1.392.210.588;https://maps.google.com/?cid=0x0:0x983af2f0e84cbe5d;
mall;Pusat Perbelanjaan;Bangi Gateway Shopping Complex;"Bangi Gateway Shopping Complex, Persiaran Pekeliling, Seksyen 15, 43650 Bandar Baru Bangi, Selangor, Malaysia";Bandar Baru Bangi;PAPUA;43650;Indonesia;60126563187;;;29.332.818;1.017.653.442;https://maps.google.com/?cid=0x0:0x80ceffb049111c6;
mall;Pusat Perbelanjaan;KIPMall Bangi;"No. 1 Jalan Medan Bangi Business Park Bangi Golf Resort) Off, Persiaran Kemajuan, Seksyen 6, 43650 Bandar Baru Bangi, Selangor, Malaysia";Bandar Baru Bangi;PAPUA;43650;Indonesia;;;;29.538.785;1.017.572.111;https://maps.google.com/?cid=0x0:0xbd4ce5948f57b22;
mall;Pusat Perbelanjaan;Prime EVO Bangi;"Seksyen 9, 43650 Bandar Baru Bangi, Selangor, Malaysia";Bandar Baru Bangi;PAPUA;43650;Indonesia;;;;29.625.354;1.017.555.303;https://maps.google.com/?cid=0x0:0x5e769a9175e802d0;
mall;Kantor Perusahaan;Kompleks PKNS Bangi;"Seksyen 9, Persiaran Bangi, Kompleks pkns Bangi, 43650 Bandar Baru Bangi, Selangor, Malaysia";Bandar Baru Bangi;PAPUA;43650;Indonesia;"6,01157E+11";;;29.614.871;1.017.571.333;https://maps.google.com/?cid=0x0:0xc70696d4f4b5ec30;
mall;Mal outlet;Bangi central market;"Seksyen 9, 43650 Bandar Baru Bangi, Selangor, Malaysia";Bandar Baru Bangi;PAPUA;43650;Indonesia;60128891609;;;2.961.571;1.017.543.669;https://maps.google.com/?cid=0x0:0xf1684735e5e2b6e7;
mall;mall;Distrik Syahcame;"Kabupaten Mappi, Papua";"Kabupaten Mappi, Papua";PAPUA;;Indonesia;;;;-692.665;1.396.493.658;https://maps.google.com/?cid=0x0:0x731f2b6c588c36e1;
mall;Pusat Perbelanjaan;Mall Jayapura;"APO, Jl. Samratulangi, Bayangkara, Kec. Jayapura Utara, Kota Jayapura, Papua 99112";"Jl. Samratulangi, Bayangkara, Kec. Jayapura Utara, Kota Jayapura";PAPUA;99112;Indonesia;09675150000;;;-25.351.775;1.407.061.874;https://maps.google.com/?cid=0x0:0x54294cb27964023;
mall;Minimarket;Kios Syahmar;"4XG4+XMW, Sahapikia, Venaha, Kabupaten Mappi, Papua 99661";"Sahapikia, Venaha, Kabupaten Mappi";PAPUA;99661;Indonesia;082199313388;;;-68.725.068;1.399.567.129;https://maps.google.com/?cid=0x0:0xdc9e5612c414ad52;
mall;mall;Kios difta;"XJV7+R8, Kobeta, Distrik Syahcame, Kabupaten Mappi, Papua 99853";"Kobeta, Distrik Syahcame, Kabupaten Mappi";PAPUA;99853;Indonesia;082398151611;;;-7.005.415;1.396.133.423;https://maps.google.com/?cid=0x0:0x14f156e96f063bc2;
mall;mall;Papua 99875;"Kabupaten Mappi, Papua";"Kabupaten Mappi, Papua";PAPUA;;Indonesia;;;;-58.045.486;1.395.279.996;https://maps.google.com/?cid=0x0:0x3c002283937ac804;
mall;Toko;Wahyu market;"78XQ+XCF, Senggo, Citakmitak, Kabupaten Mappi, Papua 99875";"Senggo, Citakmitak, Kabupaten Mappi";PAPUA;99875;Indonesia;;;;-57.000.608;1.393.385.552;https://maps.google.com/?cid=0x0:0xf59ef20758d9ef4c;
mall;Perhimpunan Pengembang Perumahan;Distrik Passue Bawah;"WGP7+RWC, Keta, Passue Bawah, Kabupaten Mappi, Papua";"Kabupaten Mappi, Papua";PAPUA;;Indonesia;;;;-6.062.941;139.514.775;https://maps.google.com/?cid=0x0:0x7fb25b4eb0e7694b;
mall;Pusat Perbelanjaan;Pacific Place Mall;"Jl. Jend. Sudirman kav 52-53, Senayan, Kec. Kby. Baru, Kota Jakarta Selatan, Daerah Khusus Ibukota Jakarta 12190";"Senayan, Kec. Kby. Baru, Kota Jakarta Selatan";PAPUA;12190;Indonesia;02151402828;;;-62.240.197;1.068.101.858;https://maps.google.com/?cid=0x0:0xc4a608b34b5f03cc;
mall;Pusat Perbelanjaan;Mall Ambasador;"Kuningan, Karet Kuningan, Kecamatan Setiabudi, Kota Jakarta Selatan, Daerah Khusus Ibukota Jakarta";"Kota Jakarta Selatan, Daerah Khusus Ibukota Jakarta";PAPUA;;Indonesia;;;;-62.240.223;1.068.268.202;https://maps.google.com/?cid=0x0:0xffae3870f7ae2fd;
mall;Pusat Perbelanjaan;Central Park;"Jl. Letjen S. Parman No.Kav. 28, Tj. Duren Sel., Kec. Grogol petamburan, Kota Jakarta Barat, Daerah Khusus Ibukota Jakarta 11470";"Tj. Duren Sel., Kec. Grogol petamburan, Kota Jakarta Barat";PAPUA;11470;Indonesia;02156989999;;;-61.771.373;1.067.909.788;https://maps.google.com/?cid=0x0:0xe816d65037c3207a;
mall;Pusat Perbelanjaan;Plaza Indonesia;"Jl. M.H. Thamrin No.Kav.28-30, Gondangdia, Kec. Menteng, Kota Jakarta Pusat, Daerah Khusus Ibukota Jakarta 10350";"Gondangdia, Kec. Menteng, Kota Jakarta Pusat";PAPUA;10350;Indonesia;02129920000;;;-61.935.977;1.068.219.468;https://maps.google.com/?cid=0x0:0x7d7fe17ad64a053f;
mall;Pusat Perbelanjaan;Mall Of Indonesia;"Jl. Boulevard Bar. Raya No.12, RT.18/RW.19, Klp. Gading Bar., Kec. Klp. Gading, Jkt Utara, Daerah Khusus Ibukota Jakarta 14240";"RT.18/RW.19, Klp. Gading Bar., Kec. Klp. Gading, Jkt Utara";PAPUA;14240;Indonesia;02145867888;;;-61.514.549;1.068.918.949;https://maps.google.com/?cid=0x0:0x3431c7aaadd1f1b6;
mall;Pusat Perbelanjaan;Grand Indonesia Shopping Town;"Jl. M.H. Thamrin No.1, Menteng, Kec. Menteng, Kota Jakarta Pusat, Daerah Khusus Ibukota Jakarta 10310";"Menteng, Kec. Menteng, Kota Jakarta Pusat";PAPUA;10310;Indonesia;02123580001;;;-61.965.848;1.068.224.882;https://maps.google.com/?cid=0x0:0xccfcc89b95aaf1ae;
mall;Pusat Perbelanjaan;Grand Indonesia;"Jl. MH Thamrin No.1, Menteng, Kec. Menteng, Kota Jakarta Pusat, Daerah Khusus Ibukota Jakarta 10310";"Menteng, Kec. Menteng, Kota Jakarta Pusat";PAPUA;10310;Indonesia;02123580001;;;-61.950.412;1.068.210.081;https://maps.google.com/?cid=0x0:0xb04ce66a7cb711d9;
mall;Pusat Perbelanjaan;Grand Indonesia Skybridge;"Jl. Teluk Betung No.1, RT.1/RW.5, Menteng, Kec. Menteng, Kota Jakarta Pusat, Daerah Khusus Ibukota Jakarta 10230";"RT.1/RW.5, Menteng, Kec. Menteng, Kota Jakarta Pusat";PAPUA;10230;Indonesia;;;;-61.948.881;1.068.208.468;https://maps.google.com/?cid=0x0:0x3a0314f105a6bcf9;
mall;Pusat Perbelanjaan;Summarecon Mall Kelapa Gading;"Jl. Boulevard Raya, Klp. Gading Tim., Kec. Klp. Gading, Jkt Utara, Daerah Khusus Ibukota Jakarta 14240";"Klp. Gading Tim., Kec. Klp. Gading, Jkt Utara";PAPUA;14240;Indonesia;0214531101;;;-61.572.666;1.069.084.263;https://maps.google.com/?cid=0x0:0x1c1a278e20ff1c47;
mall;Toko Swalayan;Ranch Market Grand Indonesia;"Grand Indonesia Shoping Town East Mall, Jl. MH Thamrin No.1 Lantai LG, RT.1/RW.5, Menteng, Kec. Menteng, Kota Jakarta Pusat, Daerah Khusus Ibukota Jakarta 10310";"Jl. MH Thamrin No.1 Lantai LG, RT.1/RW.5, Menteng, Kec. Menteng, Kota Jakarta Pusat";PAPUA;10310;Indonesia;02123599054;;;-61.963.902;1.068.225.851;https://maps.google.com/?cid=0x0:0xdb199471a47076d0;
mall;Pusat Perbelanjaan;Mall Taman Anggrek;"Jl. Letjen S. Parman, RT.12/RW.1, Tj. Duren Sel., Kec. Grogol petamburan, Kota Jakarta Barat, Daerah Khusus Ibukota Jakarta 11470";"RT.12/RW.1, Tj. Duren Sel., Kec. Grogol petamburan, Kota Jakarta Barat";PAPUA;11470;Indonesia;0215643777;;;-61.782.936;1.067.924.023;https://maps.google.com/?cid=0x0:0xb287bf108f4ef441;
mall;mall;Distrik Ti Zain;"Kabupaten Mappi, Papua";"Kabupaten Mappi, Papua";PAPUA;;Indonesia;;;;-54.019.657;1.397.132.729;https://maps.google.com/?cid=0x0:0xd1cf1b07f8359ef9;
mall;Pusat Perbelanjaan;Mall Jayapura;"APO, Jl. Samratulangi, Bayangkara, Kec. Jayapura Utara, Kota Jayapura, Papua 99112";"Jl. Samratulangi, Bayangkara, Kec. Jayapura Utara, Kota Jayapura";PAPUA;99112;Indonesia;09675150000;;;-25.351.775;1.407.061.874;https://maps.google.com/?cid=0x0:0x54294cb27964023;
mall;mall;TIM NET 01 XPER HotSpot  Kios Bahan Makanan;"W5H8+JXJ, Yelobib, Distrik Awinbon, Kabupaten Pegunungan Bintang, Papua 99575";"Yelobib, Distrik Awinbon, Kabupaten Pegunungan Bintang";PAPUA;99575;Indonesia;;;;-50.709.017;1.401.674.017;https://maps.google.com/?cid=0x0:0xed2478caad4f89bb;
mall;mall;Zayn Photo Studio;"C8W2+XVM, Kepi, Kec. Obaa, Kabupaten Mappi, Papua 99881";"Kepi, Kec. Obaa, Kabupaten Mappi";PAPUA;99881;Indonesia;085244776095;;;-65.525.373;1.393.021.749;https://maps.google.com/?cid=0x0:0xa4c045e03e47d36c;
mall;Perancang busana;ZAIN COLLECTION;"Jl. Mandala Selatan X No.35, Tomang, Jakarta, Kota Jakarta Barat, Daerah Khusus Ibukota Jakarta 11440";"Tomang, Jakarta, Kota Jakarta Barat";PAPUA;11440;Indonesia;082299386633;;;-61.727.419;106.799.771;https://maps.google.com/?cid=0x0:0x8f064840a12506eb;
mall;Pusat Perbelanjaan;Zainshop;"No.27 Jalan Penggilingan 7, RT.7/RW.5, 5, Penggilingan, Cakung, East Jakarta City, Jakarta 13940";"RT.7/RW.5, 5, Penggilingan, Cakung, East Jakarta City";PAPUA;13940;Indonesia;082298028428;;;-62.094.416;1.069.371.998;https://maps.google.com/?cid=0x0:0x92f5bf2337b218c6;
mall;Toko;Zain Store;"Perumahan Bumi Citereup Asri, Jl. Elang, Gn. Sari, Kec. Citeureup, Kabupaten Bogor, Jawa Barat 16810";"Jl. Elang, Gn. Sari, Kec. Citeureup, Kabupaten Bogor";PAPUA;16810;Indonesia;083811221212;;;-65.011.233;1.069.083.404;https://maps.google.com/?cid=0x0:0x64e9a4b8db04060e;
mall;;zain cell;"Q2FJ+V3P, RT.006/RW.008, Bekasi Jaya, Kec. Bekasi Tim., Kota Bks, Jawa Barat 17112";"RT.006/RW.008, Bekasi Jaya, Kec. Bekasi Tim., Kota Bks";PAPUA;17112;Indonesia;08121239884;;;-62.252.851;1.070.302.095;https://maps.google.com/?cid=0x0:0x36c828c4076e727d;
mall;Toko;The Zain Shop;"Jl. Kp. Pilar No.162 Rt. 001/05, Serang, Cikarang Sel., Kabupaten Bekasi, Jawa Barat 17530";"Serang, Cikarang Sel., Kabupaten Bekasi";PAPUA;17530;Indonesia;087779523268;;;-63.553.193;1.071.287.413;https://maps.google.com/?cid=0x0:0xc6dff30ddca25920;
supermarket;supermarket;Papua 99871;"Kabupaten Mappi, Papua";"Kabupaten Mappi, Papua";PAPUA;;Indonesia;;;;-63.989.856;1.394.466.005;https://maps.google.com/?cid=0x0:0xc5ece3ae73b47f90;
supermarket;Toko Swalayan;Surya Mart;"C8V2+G83, Jl. Irian Kepi, Kepi, Kec. Obaa, Kabupaten Mappi, Papua 99881";"Jl. Irian Kepi, Kepi, Kec. Obaa, Kabupaten Mappi";PAPUA;99881;Indonesia;085254867242;;;-65.562.444;1.393.007.867;https://maps.google.com/?cid=0x0:0x160bad2921fdf723;
supermarket;Toko bahan makanan;ABADI MART KEPI;"Jalan Irian Kepi KILO 2, Kepi, Kec. Obaa, Kabupaten Mappi, Papua 99881";"Kepi, Kec. Obaa, Kabupaten Mappi";PAPUA;99881;Indonesia;081344085658;;;-65.379.183;1.393.113.343;https://maps.google.com/?cid=0x0:0x499ffe5415127f95;
supermarket;Toko Swalayan;Toko Sumber Abadi;"C7JF+H9P, Kepi, Kec. Obaa, Kabupaten Mappi, Papua 99881";"Kepi, Kec. Obaa, Kabupaten Mappi";PAPUA;99881;Indonesia;;;;-6.568.538;1.392.734.443;https://maps.google.com/?cid=0x0:0xebd94295f17fdff9;
supermarket;Toko Swalayan;Kios Fajar;"C7QW+MG9, Jl. Irian Kepi, Kepi, Kec. Obaa, Kabupaten Mappi, Papua 99881";"Jl. Irian Kepi, Kepi, Kec. Obaa, Kabupaten Mappi";PAPUA;99881;Indonesia;082130193311;;;-65.608.432;1.392.963.647;https://maps.google.com/?cid=0x0:0x5c3d6588326964ff;
supermarket;Toko Swalayan;Toko Sinar Surya;"F833+M87, Jl. Irian Kepi, Kepi, Kec. Obaa, Kabupaten Mappi, Papua 99881";"Jl. Irian Kepi, Kepi, Kec. Obaa, Kabupaten Mappi";PAPUA;99881;Indonesia;081318546381;;;-65.459.932;139.302.252;https://maps.google.com/?cid=0x0:0xc04a9fd07c975eb9;
supermarket;Toko Swalayan;Toko Ramayana Kepi;"C8V2+8C6, Jl. Irian Kepi, Kepi, Kec. Obaa, Kabupaten Mappi, Papua 99881";"Jl. Irian Kepi, Kepi, Kec. Obaa, Kabupaten Mappi";PAPUA;99881;Indonesia;081342212767;;;-65.567.053;1.393.010.043;https://maps.google.com/?cid=0x0:0x35982355481bae6c;
supermarket;Toko Swalayan;Golden swalayan GS;"C8W2+GQV, Jl. Irian Kepi, Kepi, Kec. Obaa, Kabupaten Mappi, Papua 99881";"Jl. Irian Kepi, Kepi, Kec. Obaa, Kabupaten Mappi";PAPUA;99881;Indonesia;;;;-6.553.635;139.301.908;https://maps.google.com/?cid=0x0:0x10e0e3fe2af3948f;
supermarket;Toko umum;Toko Matahari;"F877+28X toko matahari, Obaa, Kec. Obaa, Kabupaten Mappi, Papua 99881";"Obaa, Kec. Obaa, Kabupaten Mappi";PAPUA;99881;Indonesia;;;;-65.373.854;13.931.335;https://maps.google.com/?cid=0x0:0xe56fdbe48d4b92dc;
supermarket;Toko Swalayan;Pasar Baru Kepi;"F874+7F4, Obaa, Kec. Obaa, Kabupaten Mappi, Papua 99881";"Obaa, Kec. Obaa, Kabupaten Mappi";PAPUA;99881;Indonesia;081240197525;;;-65.368.633;1.393.062.133;https://maps.google.com/?cid=0x0:0xea493b51e8885385;
supermarket;Toko Elektronik;Toko Avlyn;"C8V2+86C, Jl. Irian Kepi, Kepi, Kec. Obaa, Kabupaten Mappi, Papua 99881";"Jl. Irian Kepi, Kepi, Kec. Obaa, Kabupaten Mappi";PAPUA;99881;Indonesia;;;;-655.668;1.393.005.004;https://maps.google.com/?cid=0x0:0x12fabc22488236a0;
supermarket;Toko Swalayan;Toko farel;"Jl irian, Kepi, Kec. Obaa, Kabupaten Mappi, Papua";"Kabupaten Mappi, Papua";PAPUA;;Indonesia;082336432739;;;-65.381.498;1.393.151.982;https://maps.google.com/?cid=0x0:0x236298ad4b52b1ff;
supermarket;Toko Perlengkapan Rumah;TOKO REZKY UTAMA;"F889+MH6, Obaa, Kec. Obaa, Kabupaten Mappi, Papua 99881";"Obaa, Kec. Obaa, Kabupaten Mappi";PAPUA;99881;Indonesia;;;;-6.533.338;1.393.188.849;https://maps.google.com/?cid=0x0:0x60e1f8f94c146258;
supermarket;Kios;Kios Arya;"F8CF+7FF, Obaa, Kec. Obaa, Kabupaten Mappi, Papua 99871";"Obaa, Kec. Obaa, Kabupaten Mappi";PAPUA;99871;Indonesia;;;;-65.293.195;139.323.679;https://maps.google.com/?cid=0x0:0x82498515d0a9de37;
supermarket;Toko Perlengkapan Rumah;PT. Mudita Jaya;"F899+4P2, Jl. Irian Kepi, Obaa, Kec. Obaa, Kabupaten Mappi, Papua 99881";"Jl. Irian Kepi, Obaa, Kec. Obaa, Kabupaten Mappi";PAPUA;99881;Indonesia;;;;-65.322.385;1.393.192.611;https://maps.google.com/?cid=0x0:0x2bbdd75588e442cb;
supermarket;supermarket;Kios Hana;"didepan penjual ikan, Jl Kalimantan, Obaa, Kec. Obaa, Kabupaten Mappi, Papua";"Kabupaten Mappi, Papua";PAPUA;;Indonesia;;;;-65.255.085;1.393.218.341;https://maps.google.com/?cid=0x0:0x7e341c376b4b0d31;
supermarket;Toko umum;Toko Maulana;"Jl.Irian No.Km. 02, Obaa, Kec. Obaa, Kabupaten Mappi, Papua 99881";"Obaa, Kec. Obaa, Kabupaten Mappi";PAPUA;99881;Indonesia;;;;-65.181.315;1.393.297.882;https://maps.google.com/?cid=0x0:0xbda33be10a44002a;
supermarket;Toko Swalayan;Kios Fahrani;"C7PW+C5, Kepi, Kec. Obaa, Kabupaten Mappi, Papua";"Kabupaten Mappi, Papua";PAPUA;;Indonesia;;;;-65.638.597;1.392.954.237;https://maps.google.com/?cid=0x0:0x784e8ef67d2579b4;
supermarket;Pemasok makanan dan minuman katering;TinouAnnisa Kukis home made;"C7WW+C5R, Jl. Saham Kepi, Kepi, Kec. Obaa, Kabupaten Mappi, Papua 99881";"Jl. Saham Kepi, Kepi, Kec. Obaa, Kabupaten Mappi";PAPUA;99881;Indonesia;082397112749;;;-65.536.527;139.296.081;https://maps.google.com/?cid=0x0:0xce7bb9e3264c4ead;
supermarket;Toko;Gorengan maestro;"Maestro, Jl. Irian Kepi, Kepi, Kec. Obaa, Kabupaten Mappi, Papua 99881";"Jl. Irian Kepi, Kepi, Kec. Obaa, Kabupaten Mappi";PAPUA;99881;Indonesia;;;;-65.513.838;1.393.025.424;https://maps.google.com/?cid=0x0:0x48afc67e36766b6c;
supermarket;supermarket;Kec. Obaa;"Kabupaten Mappi, Papua";"Kabupaten Mappi, Papua";PAPUA;;Indonesia;;;;-65.336.517;1.394.466.005;https://maps.google.com/?cid=0x0:0x3055588e2dbb9ea4;
supermarket;Toko umum;OBY Market;"PR6C+3XQ, Jakarta Selatan, RT.5/RW.1, Ragunan, Ps. Minggu, Kota Jakarta Selatan, Daerah Khusus Ibukota Jakarta 12540";"Jakarta Selatan, RT.5/RW.1, Ragunan, Ps. Minggu, Kota Jakarta Selatan";PAPUA;12540;Indonesia;082326443442;;;-62.897.766;106.822.497;https://maps.google.com/?cid=0x0:0x6b98ea085d6e3ce9;
supermarket;supermarket;OBA LESMANA;"2, Jl. Palmerah Barat No.99, RT.2/RW.15, Palmerah, Kec. Palmerah, Kota Jakarta Barat, Daerah Khusus Ibukota Jakarta 11480";"Jl. Palmerah Barat No.99, RT.2/RW.15, Palmerah, Kec. Palmerah, Kota Jakarta Barat";PAPUA;11480;Indonesia;;;;-62.065.535;1.067.833.607;https://maps.google.com/?cid=0x0:0x3021f025b2a2b22d;
supermarket;supermarket;Citakmitak;"Kabupaten Mappi, Papua";"Kabupaten Mappi, Papua";PAPUA;;Indonesia;;;;-58.202.155;1.393.247.147;https://maps.google.com/?cid=0x0:0xa6f0a4c02cdb66dc;
supermarket;Toko Swalayan;FOODMART SUPERMARKET;"FOODMART SUPERMARKET, Lippo Mall Nusantara, Jl. Jend. Sudirman No.kav 50 Lt.B1, unit, Karet Semanggi, Kecamatan Setiabudi, Kota Jakarta Selatan, Daerah Khusus Ibukota Jakarta 12930";"Lippo Mall Nusantara, Jl. Jend. Sudirman No.kav 50 Lt.B1, unit, Karet Semanggi, Kecamatan Setiabudi, Kota Jakarta Selatan";PAPUA;12930;Indonesia;08118331631;;;-62.197.194;1.068.144.731;https://maps.google.com/?cid=0x0:0x9d9b624afb9570f0;
supermarket;supermarket;Kios bude lusi;"43JP+XV7, Asaren, Kec. Assue, Kabupaten Mappi, Papua 99874";"Asaren, Kec. Assue, Kabupaten Mappi";PAPUA;99874;Indonesia;;;;-58.675.825;139.087.187;https://maps.google.com/?cid=0x0:0x192fe2e5ef5ce7d5;
supermarket;supermarket;Papua 99853;"Kabupaten Mappi, Papua";"Kabupaten Mappi, Papua";PAPUA;;Indonesia;;;;-71.527.149;1.395.279.996;https://maps.google.com/?cid=0x0:0x8030f37c187cbb11;
supermarket;supermarket;Smart Minimarket;"JP66+WCF, Banamepe, Edera, Kabupaten Mappi, Papua";"Kabupaten Mappi, Papua";PAPUA;;Indonesia;;;;-73.876.836;1.397.110.495;https://maps.google.com/?cid=0x0:0x7b9d0e61f96daf74;
supermarket;Toko Swalayan;Toko Mujur;"36RC+8JF, Mur, Kec. Mambioman Bapai, Kabupaten Mappi, Papua 99872";"Mur, Kec. Mambioman Bapai, Kabupaten Mappi";PAPUA;99872;Indonesia;081311663253;;;-69.091.883;1.392.215.408;https://maps.google.com/?cid=0x0:0x3ac32eba1af23e22;
supermarket;Kios;Kios LINTANG;"6MQR+PFR, Sibi, Edera, Kabupaten Mappi, Papua";"Kabupaten Mappi, Papua";PAPUA;;Indonesia;;;;-67.606.468;1.396.911.374;https://maps.google.com/?cid=0x0:0xff561c363e415b0e;
supermarket;Toko;Aha frozen food  toserba;"mandiri pantek kopling km 6 Aha frozen food tangerang candu, Mandiri pantek kopling km 6 smpingnya Aha frozen food, Jl. Raya PLP Curug, Kabupaten Tangerang, Banten 15810";"Mandiri pantek kopling km 6 smpingnya Aha frozen food, Jl. Raya PLP Curug, Kabupaten Tangerang";PAPUA;15810;Indonesia;085945335955;;;-62.724.968;1.065.562.153;https://maps.google.com/?cid=0x0:0x8de1e04ae966bd2b;
supermarket;Toko bahan makanan;Azka Frozen Food  Snack;"Kemuning, Kec. Legok, Kabupaten Tangerang, Banten 15820";"Kec. Legok, Kabupaten Tangerang";PAPUA;15820;Indonesia;08561280727;;;-62.945.288;1.065.832.602;https://maps.google.com/?cid=0x0:0xa6fdd5ca37a7e40f;
supermarket;supermarket;Papua 99881;"Kabupaten Mappi, Papua";"Kabupaten Mappi, Papua";PAPUA;;Indonesia;;;;-62.344.696;1.391.221.414;https://maps.google.com/?cid=0x0:0x16d53cf515d4db1d;
supermarket;Toko Swalayan;Surya Mart;"C8V2+G83, Jl. Irian Kepi, Kepi, Kec. Obaa, Kabupaten Mappi, Papua 99881";"Jl. Irian Kepi, Kepi, Kec. Obaa, Kabupaten Mappi";PAPUA;99881;Indonesia;085254867242;;;-65.562.444;1.393.007.867;https://maps.google.com/?cid=0x0:0x160bad2921fdf723;
supermarket;Toko Swalayan;Kios Fajar;"C7QW+MG9, Jl. Irian Kepi, Kepi, Kec. Obaa, Kabupaten Mappi, Papua 99881";"Jl. Irian Kepi, Kepi, Kec. Obaa, Kabupaten Mappi";PAPUA;99881;Indonesia;082130193311;;;-65.608.432;1.392.963.647;https://maps.google.com/?cid=0x0:0x5c3d6588326964ff;
supermarket;Toko Swalayan;GrandLucky - SCBD;"Kawasan Niaga Terpadu Sudirman (SCBD, Jl. Jenderal Sudirman LOT-12, Senayan, Kec. Kby. Baru, Kota Jakarta Selatan, Daerah Khusus Ibukota Jakarta 12190";"Jl. Jenderal Sudirman LOT-12, Senayan, Kec. Kby. Baru, Kota Jakarta Selatan";PAPUA;12190;Indonesia;085183118632;;;-622.691;1.068.059.153;https://maps.google.com/?cid=0x0:0x4efcd0d8d64cad53;
supermarket;Toko Elektronik;Toko Avlyn;"C8V2+86C, Jl. Irian Kepi, Kepi, Kec. Obaa, Kabupaten Mappi, Papua 99881";"Jl. Irian Kepi, Kepi, Kec. Obaa, Kabupaten Mappi";PAPUA;99881;Indonesia;;;;-655.668;1.393.005.004;https://maps.google.com/?cid=0x0:0x12fabc22488236a0;
supermarket;Toko Swalayan;Toko Ramayana Kepi;"C8V2+8C6, Jl. Irian Kepi, Kepi, Kec. Obaa, Kabupaten Mappi, Papua 99881";"Jl. Irian Kepi, Kepi, Kec. Obaa, Kabupaten Mappi";PAPUA;99881;Indonesia;081342212767;;;-65.567.053;1.393.010.043;https://maps.google.com/?cid=0x0:0x35982355481bae6c;
supermarket;Toko Perlengkapan Rumah;TOKO REZKY UTAMA;"F889+MH6, Obaa, Kec. Obaa, Kabupaten Mappi, Papua 99881";"Obaa, Kec. Obaa, Kabupaten Mappi";PAPUA;99881;Indonesia;;;;-6.533.338;1.393.188.849;https://maps.google.com/?cid=0x0:0x60e1f8f94c146258;
supermarket;Toko Perlengkapan Rumah;PT. Mudita Jaya;"F899+4P2, Jl. Irian Kepi, Obaa, Kec. Obaa, Kabupaten Mappi, Papua 99881";"Jl. Irian Kepi, Obaa, Kec. Obaa, Kabupaten Mappi";PAPUA;99881;Indonesia;;;;-65.322.385;1.393.192.611;https://maps.google.com/?cid=0x0:0x2bbdd75588e442cb;
supermarket;Toko umum;Toko Matahari;"F877+28X toko matahari, Obaa, Kec. Obaa, Kabupaten Mappi, Papua 99881";"Obaa, Kec. Obaa, Kabupaten Mappi";PAPUA;99881;Indonesia;;;;-65.373.854;13.931.335;https://maps.google.com/?cid=0x0:0xe56fdbe48d4b92dc;
supermarket;Toko Swalayan;Toko farel;"Jl irian, Kepi, Kec. Obaa, Kabupaten Mappi, Papua";"Kabupaten Mappi, Papua";PAPUA;;Indonesia;082336432739;;;-65.381.498;1.393.151.982;https://maps.google.com/?cid=0x0:0x236298ad4b52b1ff;
supermarket;Toko Swalayan;Pasar Baru Kepi;"F874+7F4, Obaa, Kec. Obaa, Kabupaten Mappi, Papua 99881";"Obaa, Kec. Obaa, Kabupaten Mappi";PAPUA;99881;Indonesia;081240197525;;;-65.368.633;1.393.062.133;https://maps.google.com/?cid=0x0:0xea493b51e8885385;
supermarket;Toko Swalayan;Toko Sinar Surya;"F833+M87, Jl. Irian Kepi, Kepi, Kec. Obaa, Kabupaten Mappi, Papua 99881";"Jl. Irian Kepi, Kepi, Kec. Obaa, Kabupaten Mappi";PAPUA;99881;Indonesia;081318546381;;;-65.459.932;139.302.252;https://maps.google.com/?cid=0x0:0xc04a9fd07c975eb9;
supermarket;Toko Swalayan;Golden swalayan GS;"C8W2+GQV, Jl. Irian Kepi, Kepi, Kec. Obaa, Kabupaten Mappi, Papua 99881";"Jl. Irian Kepi, Kepi, Kec. Obaa, Kabupaten Mappi";PAPUA;99881;Indonesia;;;;-6.553.635;139.301.908;https://maps.google.com/?cid=0x0:0x10e0e3fe2af3948f;
supermarket;Toko Swalayan;Toko Sumber Abadi;"C7JF+H9P, Kepi, Kec. Obaa, Kabupaten Mappi, Papua 99881";"Kepi, Kec. Obaa, Kabupaten Mappi";PAPUA;99881;Indonesia;;;;-6.568.538;1.392.734.443;https://maps.google.com/?cid=0x0:0xebd94295f17fdff9;
supermarket;Kios;Toko Bhakti;"F8FC+692, Obaa, Kec. Obaa, Kabupaten Mappi, Papua 99871";"Obaa, Kec. Obaa, Kabupaten Mappi";PAPUA;99871;Indonesia;;;;-65.269.768;1.393.208.825;https://maps.google.com/?cid=0x0:0x50a809347ebb375f;
supermarket;supermarket;Kios Hana;"didepan penjual ikan, Jl Kalimantan, Obaa, Kec. Obaa, Kabupaten Mappi, Papua";"Kabupaten Mappi, Papua";PAPUA;;Indonesia;;;;-65.255.085;1.393.218.341;https://maps.google.com/?cid=0x0:0x7e341c376b4b0d31;
supermarket;Grosir Barang Kelontong;Purnama 04;"V5Q2+2VH, Eci, Kec. Assue, Kabupaten Mappi, Papua 99881";"Eci, Kec. Assue, Kabupaten Mappi";PAPUA;99881;Indonesia;082239467007;;;-61.136.243;1.391.516.374;https://maps.google.com/?cid=0x0:0x9554b4cb9d6f7836;
supermarket;Toko Swalayan;Hadi Supermarket;"Jl. Frans Kaisepo No.5, RT. 003/01, Warari, Kec. Yapen Sel., Kabupaten Kepulauan Yapen, Papua 98212";"RT. 003/01, Warari, Kec. Yapen Sel., Kabupaten Kepulauan Yapen";PAPUA;98212;Indonesia;098334276;;;-18.751.153;1.362.490.809;https://maps.google.com/?cid=0x0:0xf67310d4ed062031;
supermarket;Toko Swalayan;Kios Fahrani;"C7PW+C5, Kepi, Kec. Obaa, Kabupaten Mappi, Papua";"Kabupaten Mappi, Papua";PAPUA;;Indonesia;;;;-65.638.597;1.392.954.237;https://maps.google.com/?cid=0x0:0x784e8ef67d2579b4;
supermarket;Pemasok makanan dan minuman katering;TinouAnnisa Kukis home made;"C7WW+C5R, Jl. Saham Kepi, Kepi, Kec. Obaa, Kabupaten Mappi, Papua 99881";"Jl. Saham Kepi, Kepi, Kec. Obaa, Kabupaten Mappi";PAPUA;99881;Indonesia;082397112749;;;-65.536.527;139.296.081;https://maps.google.com/?cid=0x0:0xce7bb9e3264c4ead;
supermarket;Kios;Kios Arya;"F8CF+7FF, Obaa, Kec. Obaa, Kabupaten Mappi, Papua 99871";"Obaa, Kec. Obaa, Kabupaten Mappi";PAPUA;99871;Indonesia;;;;-65.293.195;139.323.679;https://maps.google.com/?cid=0x0:0x82498515d0a9de37;
supermarket;Toko;HADI Supermarket  Dept Store;"JFQX+RQC, Jl. Yos Sudarso, Oyehe, Distrik Nabire, Kabupaten Nabire, Papua 98811";"Jl. Yos Sudarso, Oyehe, Distrik Nabire, Kabupaten Nabire";PAPUA;98811;Indonesia;098421367;;;-3.360.447;1.354.994.055;https://maps.google.com/?cid=0x0:0x60bc70181b8864df;
supermarket;Kantor Perusahaan;Huayou Indonesia HeadQuarter;"Jl. Mega Kuningan Barat III No.Kav. 10 No.1 - 6, RT.3/RW.3, Kuningan, Kuningan Tim., Kecamatan Setiabudi, Kota Jakarta Selatan, Daerah Khusus Ibukota Jakarta 12950";"RT.3/RW.3, Kuningan, Kuningan Tim., Kecamatan Setiabudi, Kota Jakarta Selatan";PAPUA;12950;Indonesia;;;;-62.305.603;1.068.238.147;https://maps.google.com/?cid=0x0:0x2148c30dded08c70;
supermarket;Kantor Perusahaan;PT Haju Medical Indonesia;"Tifa Arum Realty, Jl. Kuningan Bar. 1 No.26 Lt 8, RT.6/RW.1, Kuningan Bar., Kec. Mampang Prpt., Kota Jakarta Selatan, Daerah Khusus Ibukota Jakarta 12760";"Jl. Kuningan Bar. 1 No.26 Lt 8, RT.6/RW.1, Kuningan Bar., Kec. Mampang Prpt., Kota Jakarta Selatan";PAPUA;12760;Indonesia;02127088686;;;-62.350.036;1.068.204.266;https://maps.google.com/?cid=0x0:0x69ec7651bcfe2002;
supermarket;supermarket;Papua 99874;"Kabupaten Mappi, Papua";"Kabupaten Mappi, Papua";PAPUA;;Indonesia;;;;-58.215.295;1.389.605.972;https://maps.google.com/?cid=0x0:0xac074e8d0ff33f49;
supermarket;Pusat Perbelanjaan;Papua Supermarket  Dept. Store;"4869+F77 Bar, Sawagumu, Kec. Sorong Utara, Kota Sorong, Papua Bar. 98416";"Sawagumu, Kec. Sorong Utara, Kota Sorong";PAPUA;98416;Indonesia;09513160123;;;-0.888831;1.313.181.847;https://maps.google.com/?cid=0x0:0x7b5f0926a74ad213;
supermarket;;KIOS ARINI;"2R3H+GGQ, Yerfum, Pantai Kasuari, Kabupaten Asmat, Papua 99782";"Yerfum, Pantai Kasuari, Kabupaten Asmat";PAPUA;99782;Indonesia;;;;-59.961.527;1.388.288.587;https://maps.google.com/?cid=0x0:0x485f1b878020923e;
supermarket;Grosir Barang Kelontong;Purnama 04;"V5Q2+2VH, Eci, Kec. Assue, Kabupaten Mappi, Papua 99881";"Eci, Kec. Assue, Kabupaten Mappi";PAPUA;99881;Indonesia;082239467007;;;-61.136.243;1.391.516.374;https://maps.google.com/?cid=0x0:0x9554b4cb9d6f7836;
supermarket;supermarket;Kios Usman - Dua Putra;"VVR2+PMM, Sohomane, Distrik Pantai Kasuari, Kabupaten Asmat, Papua 99773";"Sohomane, Distrik Pantai Kasuari, Kabupaten Asmat";PAPUA;99773;Indonesia;;;;-61.081.726;1.388.516.713;https://maps.google.com/?cid=0x0:0x75127413df5551e0;
supermarket;supermarket;Kios bude lusi;"43JP+XV7, Asaren, Kec. Assue, Kabupaten Mappi, Papua 99874";"Asaren, Kec. Assue, Kabupaten Mappi";PAPUA;99874;Indonesia;;;;-58.675.825;139.087.187;https://maps.google.com/?cid=0x0:0x192fe2e5ef5ce7d5;
supermarket;supermarket;Kec. Assue;"Kabupaten Mappi, Papua";"Kabupaten Mappi, Papua";PAPUA;;Indonesia;;;;-59.386.763;1.391.625.989;https://maps.google.com/?cid=0x0:0x59165bc210ecd15e;
supermarket;Pusat Perbelanjaan;Pasar soyar;"7GC5+FQM, Masabuay, selatan pasar ikan, Wasior I, Distrik Wasior, Kabupaten Teluk Wondama, Papua Bar. 98362";"Masabuay, selatan pasar ikan, Wasior I, Distrik Wasior, Kabupaten Teluk Wondama";PAPUA;98362;Indonesia;0822715566;;;-27.287.807;1.345.094.141;https://maps.google.com/?cid=0x0:0x29ab54816e33ac1d;
supermarket;Toko;Samudra Supermarket;"8PP2+F75, Kroy, Kec. Kaimana, Kabupaten Kaimana, Papua Bar. 98654";"Kroy, Kec. Kaimana, Kabupaten Kaimana";PAPUA;98654;Indonesia;08113189579;;;-36.631.656;1.337.002.039;https://maps.google.com/?cid=0x0:0x97575d1c37a98621;
supermarket;Toko Swalayan;Toko Suarso;"Jl. Masjid Al Mu'awanah No.114 8, RT.8/RW.7, Srengseng Sawah, Kec. Jagakarsa, Kota Jakarta Selatan, Daerah Khusus Ibukota Jakarta 12630";"RT.8/RW.7, Srengseng Sawah, Kec. Jagakarsa, Kota Jakarta Selatan";PAPUA;12630;Indonesia;;;;-63.554.587;10.681.829;https://maps.google.com/?cid=0x0:0xb9dc55ae03516f7a;
supermarket;Pusat Perbelanjaan;toko acesoris yaplahun;"Ma'had Alqudwah, Jalan, Sukawangi, Sukamakmur, Bogor Regency, West Java 16830";"Jalan, Sukawangi, Sukamakmur, Bogor Regency";PAPUA;16830;Indonesia;;;;-66.501.114;1.070.404.353;https://maps.google.com/?cid=0x0:0x66da3429eccbd956;
supermarket;Toko Makanan;Toko aufar;"Jl. Madrasah I No.3A, RT.9/RW.9, Sukabumi Utara, Kec. Kb. Jeruk, Kota Jakarta Barat, Daerah Khusus Ibukota Jakarta 11540";"RT.9/RW.9, Sukabumi Utara, Kec. Kb. Jeruk, Kota Jakarta Barat";PAPUA;11540;Indonesia;;;;-62.137.797;1.067.772.772;https://maps.google.com/?cid=0x0:0x63534523c0245944;
supermarket;Toko bahan makanan;Toko Asep 2;"Jl. Kelurahan I No.42-72, RT.1/RW.4, Duren Sawit, Kec. Duren Sawit, Kota Jakarta Timur, Daerah Khusus Ibukota Jakarta 13440";"RT.1/RW.4, Duren Sawit, Kec. Duren Sawit, Kota Jakarta Timur";PAPUA;13440;Indonesia;;;;-62.253.125;1.069.122.572;https://maps.google.com/?cid=0x0:0xcbd0c4425eac26c7;
supermarket;Toko;Kepala Kali Mappi;"9PMJ+8QW, Kali, Distrik Bomakia, Kabupaten Mappi, Papua";"Kabupaten Mappi, Papua";PAPUA;;Indonesia;;;;-56.166.418;1.397.319.471;https://maps.google.com/?cid=0x0:0x4a5a660aedad383b;
supermarket;Pusat Perbelanjaan;Kios Maiwa;"78XQ+RJW, Senggo, Citakmitak, Kabupaten Mappi, Papua 99875";"Senggo, Citakmitak, Kabupaten Mappi";PAPUA;99875;Indonesia;085215525247;;;-57.003.947;1.393.390.652;https://maps.google.com/?cid=0x0:0x7cbdad47ec2806f5;
supermarket;Toko Swalayan;KEINARRA BUAH;"MPQH+56H, Jl. Sukasari II, Serua Indah, Kec. Ciputat, Kota Tangerang Selatan, Banten 15414";"Jl. Sukasari II, Serua Indah, Kec. Ciputat, Kota Tangerang Selatan";PAPUA;15414;Indonesia;081219933025;;;-63.120.674;1.067.281.196;https://maps.google.com/?cid=0x0:0xa2c0762d802d0f52;
supermarket;supermarket;Papua 99871;"Kabupaten Mappi, Papua";"Kabupaten Mappi, Papua";PAPUA;;Indonesia;;;;-63.989.856;1.394.466.005;https://maps.google.com/?cid=0x0:0xc5ece3ae73b47f90;
supermarket;Toko Swalayan;Surya Mart;"C8V2+G83, Jl. Irian Kepi, Kepi, Kec. Obaa, Kabupaten Mappi, Papua 99881";"Jl. Irian Kepi, Kepi, Kec. Obaa, Kabupaten Mappi";PAPUA;99881;Indonesia;085254867242;;;-65.562.444;1.393.007.867;https://maps.google.com/?cid=0x0:0x160bad2921fdf723;
supermarket;Toko Swalayan;Kios Fajar;"C7QW+MG9, Jl. Irian Kepi, Kepi, Kec. Obaa, Kabupaten Mappi, Papua 99881";"Jl. Irian Kepi, Kepi, Kec. Obaa, Kabupaten Mappi";PAPUA;99881;Indonesia;082130193311;;;-65.608.432;1.392.963.647;https://maps.google.com/?cid=0x0:0x5c3d6588326964ff;
supermarket;Kios;Toko Bhakti;"F8FC+692, Obaa, Kec. Obaa, Kabupaten Mappi, Papua 99871";"Obaa, Kec. Obaa, Kabupaten Mappi";PAPUA;99871;Indonesia;;;;-65.269.768;1.393.208.825;https://maps.google.com/?cid=0x0:0x50a809347ebb375f;
supermarket;Toko Swalayan;Toko Sinar Surya;"F833+M87, Jl. Irian Kepi, Kepi, Kec. Obaa, Kabupaten Mappi, Papua 99881";"Jl. Irian Kepi, Kepi, Kec. Obaa, Kabupaten Mappi";PAPUA;99881;Indonesia;081318546381;;;-65.459.932;139.302.252;https://maps.google.com/?cid=0x0:0xc04a9fd07c975eb9;
supermarket;Toko bahan makanan;ABADI MART KEPI;"Jalan Irian Kepi KILO 2, Kepi, Kec. Obaa, Kabupaten Mappi, Papua 99881";"Kepi, Kec. Obaa, Kabupaten Mappi";PAPUA;99881;Indonesia;081344085658;;;-65.379.183;1.393.113.343;https://maps.google.com/?cid=0x0:0x499ffe5415127f95;
supermarket;Toko Swalayan;Toko Ramayana Kepi;"C8V2+8C6, Jl. Irian Kepi, Kepi, Kec. Obaa, Kabupaten Mappi, Papua 99881";"Jl. Irian Kepi, Kepi, Kec. Obaa, Kabupaten Mappi";PAPUA;99881;Indonesia;081342212767;;;-65.567.053;1.393.010.043;https://maps.google.com/?cid=0x0:0x35982355481bae6c;
supermarket;Toko Swalayan;Toko farel;"Jl irian, Kepi, Kec. Obaa, Kabupaten Mappi, Papua";"Kabupaten Mappi, Papua";PAPUA;;Indonesia;082336432739;;;-65.381.498;1.393.151.982;https://maps.google.com/?cid=0x0:0x236298ad4b52b1ff;
supermarket;Toko Swalayan;Pasar Baru Kepi;"F874+7F4, Obaa, Kec. Obaa, Kabupaten Mappi, Papua 99881";"Obaa, Kec. Obaa, Kabupaten Mappi";PAPUA;99881;Indonesia;081240197525;;;-65.368.633;1.393.062.133;https://maps.google.com/?cid=0x0:0xea493b51e8885385;
supermarket;Toko umum;Toko Matahari;"F877+28X toko matahari, Obaa, Kec. Obaa, Kabupaten Mappi, Papua 99881";"Obaa, Kec. Obaa, Kabupaten Mappi";PAPUA;99881;Indonesia;;;;-65.373.854;13.931.335;https://maps.google.com/?cid=0x0:0xe56fdbe48d4b92dc;
supermarket;Toko Elektronik;Toko Avlyn;"C8V2+86C, Jl. Irian Kepi, Kepi, Kec. Obaa, Kabupaten Mappi, Papua 99881";"Jl. Irian Kepi, Kepi, Kec. Obaa, Kabupaten Mappi";PAPUA;99881;Indonesia;;;;-655.668;1.393.005.004;https://maps.google.com/?cid=0x0:0x12fabc22488236a0;
supermarket;Toko Perlengkapan Rumah;TOKO REZKY UTAMA;"F889+MH6, Obaa, Kec. Obaa, Kabupaten Mappi, Papua 99881";"Obaa, Kec. Obaa, Kabupaten Mappi";PAPUA;99881;Indonesia;;;;-6.533.338;1.393.188.849;https://maps.google.com/?cid=0x0:0x60e1f8f94c146258;
supermarket;Toko Swalayan;Toko Sumber Abadi;"C7JF+H9P, Kepi, Kec. Obaa, Kabupaten Mappi, Papua 99881";"Kepi, Kec. Obaa, Kabupaten Mappi";PAPUA;99881;Indonesia;;;;-6.568.538;1.392.734.443;https://maps.google.com/?cid=0x0:0xebd94295f17fdff9;
supermarket;supermarket;Kios Hana;"didepan penjual ikan, Jl Kalimantan, Obaa, Kec. Obaa, Kabupaten Mappi, Papua";"Kabupaten Mappi, Papua";PAPUA;;Indonesia;;;;-65.255.085;1.393.218.341;https://maps.google.com/?cid=0x0:0x7e341c376b4b0d31;
supermarket;Kios;Kios Arya;"F8CF+7FF, Obaa, Kec. Obaa, Kabupaten Mappi, Papua 99871";"Obaa, Kec. Obaa, Kabupaten Mappi";PAPUA;99871;Indonesia;;;;-65.293.195;139.323.679;https://maps.google.com/?cid=0x0:0x82498515d0a9de37;
supermarket;Toko Perlengkapan Rumah;PT. Mudita Jaya;"F899+4P2, Jl. Irian Kepi, Obaa, Kec. Obaa, Kabupaten Mappi, Papua 99881";"Jl. Irian Kepi, Obaa, Kec. Obaa, Kabupaten Mappi";PAPUA;99881;Indonesia;;;;-65.322.385;1.393.192.611;https://maps.google.com/?cid=0x0:0x2bbdd75588e442cb;
supermarket;Toko Swalayan;Kios Fahrani;"C7PW+C5, Kepi, Kec. Obaa, Kabupaten Mappi, Papua";"Kabupaten Mappi, Papua";PAPUA;;Indonesia;;;;-65.638.597;1.392.954.237;https://maps.google.com/?cid=0x0:0x784e8ef67d2579b4;
supermarket;Pusat Perbelanjaan;Papua Supermarket  Dept. Store;"4869+F77 Bar, Sawagumu, Kec. Sorong Utara, Kota Sorong, Papua Bar. 98416";"Sawagumu, Kec. Sorong Utara, Kota Sorong";PAPUA;98416;Indonesia;09513160123;;;-0.888831;1.313.181.847;https://maps.google.com/?cid=0x0:0x7b5f0926a74ad213;
supermarket;Pemasok makanan dan minuman katering;TinouAnnisa Kukis home made;"C7WW+C5R, Jl. Saham Kepi, Kepi, Kec. Obaa, Kabupaten Mappi, Papua 99881";"Jl. Saham Kepi, Kepi, Kec. Obaa, Kabupaten Mappi";PAPUA;99881;Indonesia;082397112749;;;-65.536.527;139.296.081;https://maps.google.com/?cid=0x0:0xce7bb9e3264c4ead;
supermarket;Toko Swalayan;"kios AMANAH,mur-nambai";"36RC+6CF, Unnamed Road, Mur, Kec, Mur, Kec. Mambioman Bapai, Kabupaten Mappi, Papua 99872";"Unnamed Road, Mur, Kec, Mur, Kec. Mambioman Bapai, Kabupaten Mappi";PAPUA;99872;Indonesia;082121254242;;;-69.094.271;1.392.210.588;https://maps.google.com/?cid=0x0:0x983af2f0e84cbe5d;
supermarket;supermarket;Kec. Passue;"Kabupaten Mappi, Papua";"Kabupaten Mappi, Papua";PAPUA;;Indonesia;;;;-63.845.424;1.396.503.106;https://maps.google.com/?cid=0x0:0x72dcf77146b3adf7;
supermarket;Kios;Kios LINTANG;"6MQR+PFR, Sibi, Edera, Kabupaten Mappi, Papua";"Kabupaten Mappi, Papua";PAPUA;;Indonesia;;;;-67.606.468;1.396.911.374;https://maps.google.com/?cid=0x0:0xff561c363e415b0e;
supermarket;supermarket;Kios Aditya;"HHV4+MQG, Nohon, Kec. Passue, Kabupaten Mappi, Papua";"Kabupaten Mappi, Papua";PAPUA;;Indonesia;;;;-64.058.023;1.395.569.411;https://maps.google.com/?cid=0x0:0xe102e5628e7b000c;
supermarket;supermarket;Golden Swalayan (GS);"6MQR+PC7, Obaa, Edera, Kabupaten Mappi, Papua 99853";"Obaa, Edera, Kabupaten Mappi";PAPUA;99853;Indonesia;;;;-67.607.199;1.396.910.542;https://maps.google.com/?cid=0x0:0x703be8c6e256c474;
supermarket;Supermarket Diskon;Rewe;"Nibelungenpl. 5, 94032 Passau, Jerman";Passau;PAPUA;94032;Indonesia;"4,98515E+11";;;485.724.181;134.569.815;https://maps.google.com/?cid=0x0:0xf6ea71627be09d52;
supermarket;Toko Swalayan;Kaufland Passau;"Neuburger Str. 128, 94036 Passau, Jerman";Passau;PAPUA;94036;Indonesia;49851966350;;;485.577.273;134.174.584;https://maps.google.com/?cid=0x0:0x8f1fa3514106b147;
supermarket;Supermarket Diskon;Lidl;"Lindau 9, 94034 Passau, Jerman";Passau;PAPUA;94034;Indonesia;"4,93022E+11";;;485.841.899;135.001.649;https://maps.google.com/?cid=0x0:0x392a0abbfb6ec10d;
supermarket;Kantor Pos;REWE;"Spitalhofstraﬂe 94, 94032 Passau, Jerman";Passau;PAPUA;94032;Indonesia;"4,98515E+11";;;485.708.112;13.423.165;https://maps.google.com/?cid=0x0:0x6aac92d342caa98e;
supermarket;Toko Swalayan;EDEKA Schwaiberger;"Neuburger Str. 104B, 94036 Passau, Jerman";Passau;PAPUA;94036;Indonesia;49851530190;;;485.638.404;13.430.078;https://maps.google.com/?cid=0x0:0x83bc18c917b2b4a8;
supermarket;supermarket;Distrik Minyamur;"Kabupaten Mappi, Papua";"Kabupaten Mappi, Papua";PAPUA;;Indonesia;;;;-65.749.178;1.388.397.403;https://maps.google.com/?cid=0x0:0xaf9d6fba8ca5978b;
supermarket;Toko Swalayan;Surya Mart;"C8V2+G83, Jl. Irian Kepi, Kepi, Kec. Obaa, Kabupaten Mappi, Papua 99881";"Jl. Irian Kepi, Kepi, Kec. Obaa, Kabupaten Mappi";PAPUA;99881;Indonesia;085254867242;;;-65.562.444;1.393.007.867;https://maps.google.com/?cid=0x0:0x160bad2921fdf723;
supermarket;Toko Swalayan;Toko Mujur;"36RC+8JF, Mur, Kec. Mambioman Bapai, Kabupaten Mappi, Papua 99872";"Mur, Kec. Mambioman Bapai, Kabupaten Mappi";PAPUA;99872;Indonesia;081311663253;;;-69.091.883;1.392.215.408;https://maps.google.com/?cid=0x0:0x3ac32eba1af23e22;
supermarket;Toko Swalayan;Kios Fajar;"C7QW+MG9, Jl. Irian Kepi, Kepi, Kec. Obaa, Kabupaten Mappi, Papua 99881";"Jl. Irian Kepi, Kepi, Kec. Obaa, Kabupaten Mappi";PAPUA;99881;Indonesia;082130193311;;;-65.608.432;1.392.963.647;https://maps.google.com/?cid=0x0:0x5c3d6588326964ff;
supermarket;Toko bahan makanan;ABADI MART KEPI;"Jalan Irian Kepi KILO 2, Kepi, Kec. Obaa, Kabupaten Mappi, Papua 99881";"Kepi, Kec. Obaa, Kabupaten Mappi";PAPUA;99881;Indonesia;081344085658;;;-65.379.183;1.393.113.343;https://maps.google.com/?cid=0x0:0x499ffe5415127f95;
supermarket;Pusat Perbelanjaan;Papua Supermarket  Dept. Store;"4869+F77 Bar, Sawagumu, Kec. Sorong Utara, Kota Sorong, Papua Bar. 98416";"Sawagumu, Kec. Sorong Utara, Kota Sorong";PAPUA;98416;Indonesia;09513160123;;;-0.888831;1.313.181.847;https://maps.google.com/?cid=0x0:0x7b5f0926a74ad213;
supermarket;Toko Swalayan;Toko Ramayana Kepi;"C8V2+8C6, Jl. Irian Kepi, Kepi, Kec. Obaa, Kabupaten Mappi, Papua 99881";"Jl. Irian Kepi, Kepi, Kec. Obaa, Kabupaten Mappi";PAPUA;99881;Indonesia;081342212767;;;-65.567.053;1.393.010.043;https://maps.google.com/?cid=0x0:0x35982355481bae6c;
supermarket;Toko Swalayan;Toko farel;"Jl irian, Kepi, Kec. Obaa, Kabupaten Mappi, Papua";"Kabupaten Mappi, Papua";PAPUA;;Indonesia;082336432739;;;-65.381.498;1.393.151.982;https://maps.google.com/?cid=0x0:0x236298ad4b52b1ff;
supermarket;Toko;Samudra Supermarket;"8PP2+F75, Kroy, Kec. Kaimana, Kabupaten Kaimana, Papua Bar. 98654";"Kroy, Kec. Kaimana, Kabupaten Kaimana";PAPUA;98654;Indonesia;08113189579;;;-36.631.656;1.337.002.039;https://maps.google.com/?cid=0x0:0x97575d1c37a98621;
supermarket;supermarket;Smart Minimarket;"JP66+WCF, Banamepe, Edera, Kabupaten Mappi, Papua";"Kabupaten Mappi, Papua";PAPUA;;Indonesia;;;;-73.876.836;1.397.110.495;https://maps.google.com/?cid=0x0:0x7b9d0e61f96daf74;
supermarket;supermarket;Papua 99853;"Kabupaten Mappi, Papua";"Kabupaten Mappi, Papua";PAPUA;;Indonesia;;;;-71.527.149;1.395.279.996;https://maps.google.com/?cid=0x0:0x8030f37c187cbb11;
supermarket;Toko Swalayan;"kios AMANAH,mur-nambai";"36RC+6CF, Unnamed Road, Mur, Kec, Mur, Kec. Mambioman Bapai, Kabupaten Mappi, Papua 99872";"Unnamed Road, Mur, Kec, Mur, Kec. Mambioman Bapai, Kabupaten Mappi";PAPUA;99872;Indonesia;082121254242;;;-69.094.271;1.392.210.588;https://maps.google.com/?cid=0x0:0x983af2f0e84cbe5d;
supermarket;Toko Swalayan;Toko Mujur;"36RC+8JF, Mur, Kec. Mambioman Bapai, Kabupaten Mappi, Papua 99872";"Mur, Kec. Mambioman Bapai, Kabupaten Mappi";PAPUA;99872;Indonesia;081311663253;;;-69.091.883;1.392.215.408;https://maps.google.com/?cid=0x0:0x3ac32eba1af23e22;
supermarket;Toko Swalayan;TOKO AINUN;"36RC+8MG, Mur, Kec. Mambioman Bapai, Kabupaten Mappi, Papua";"Kabupaten Mappi, Papua";PAPUA;;Indonesia;;;;-69.091.787;1.392.217.001;https://maps.google.com/?cid=0x0:0x235d3b067dc8c18d;
supermarket;Toko Swalayan;Swalayan new harapan;"Jl. Trans Papua No.km. 2, Persatuan, Mandobo, Boven Digoel Regency, Papua 99663";"Persatuan, Mandobo, Boven Digoel Regency";PAPUA;99663;Indonesia;081248781111;;;-61.254.842;1.403.275.427;https://maps.google.com/?cid=0x0:0xdcc4bfc1d76c22dd;
supermarket;Toko Swalayan;Surya Mart;"C8V2+G83, Jl. Irian Kepi, Kepi, Kec. Obaa, Kabupaten Mappi, Papua 99881";"Jl. Irian Kepi, Kepi, Kec. Obaa, Kabupaten Mappi";PAPUA;99881;Indonesia;085254867242;;;-65.562.444;1.393.007.867;https://maps.google.com/?cid=0x0:0x160bad2921fdf723;
supermarket;Toko Elektronik;Toko Avlyn;"C8V2+86C, Jl. Irian Kepi, Kepi, Kec. Obaa, Kabupaten Mappi, Papua 99881";"Jl. Irian Kepi, Kepi, Kec. Obaa, Kabupaten Mappi";PAPUA;99881;Indonesia;;;;-655.668;1.393.005.004;https://maps.google.com/?cid=0x0:0x12fabc22488236a0;
supermarket;Kios;Kios LINTANG;"6MQR+PFR, Sibi, Edera, Kabupaten Mappi, Papua";"Kabupaten Mappi, Papua";PAPUA;;Indonesia;;;;-67.606.468;1.396.911.374;https://maps.google.com/?cid=0x0:0xff561c363e415b0e;
supermarket;supermarket;Niswah-Net JAYA MAKMUR;"36RC+89W, Mur, Kec. Mambioman Bapai, Kabupaten Mappi, Papua 99872";"Mur, Kec. Mambioman Bapai, Kabupaten Mappi";PAPUA;99872;Indonesia;;;;-69.091.484;1.392.209.595;https://maps.google.com/?cid=0x0:0xd33e04b9e81b6718;
supermarket;supermarket;Golden Swalayan (GS);"6MQR+PC7, Obaa, Edera, Kabupaten Mappi, Papua 99853";"Obaa, Edera, Kabupaten Mappi";PAPUA;99853;Indonesia;;;;-67.607.199;1.396.910.542;https://maps.google.com/?cid=0x0:0x703be8c6e256c474;
supermarket;Toko Swalayan;Toko Ramayana Kepi;"C8V2+8C6, Jl. Irian Kepi, Kepi, Kec. Obaa, Kabupaten Mappi, Papua 99881";"Jl. Irian Kepi, Kepi, Kec. Obaa, Kabupaten Mappi";PAPUA;99881;Indonesia;081342212767;;;-65.567.053;1.393.010.043;https://maps.google.com/?cid=0x0:0x35982355481bae6c;
supermarket;Toko umum;Toko Matahari;"F877+28X toko matahari, Obaa, Kec. Obaa, Kabupaten Mappi, Papua 99881";"Obaa, Kec. Obaa, Kabupaten Mappi";PAPUA;99881;Indonesia;;;;-65.373.854;13.931.335;https://maps.google.com/?cid=0x0:0xe56fdbe48d4b92dc;
supermarket;Toko bahan makanan;ABADI MART KEPI;"Jalan Irian Kepi KILO 2, Kepi, Kec. Obaa, Kabupaten Mappi, Papua 99881";"Kepi, Kec. Obaa, Kabupaten Mappi";PAPUA;99881;Indonesia;081344085658;;;-65.379.183;1.393.113.343;https://maps.google.com/?cid=0x0:0x499ffe5415127f95;
supermarket;supermarket;Papua 99853;"Kabupaten Mappi, Papua";"Kabupaten Mappi, Papua";PAPUA;;Indonesia;;;;-71.527.149;1.395.279.996;https://maps.google.com/?cid=0x0:0x8030f37c187cbb11;
supermarket;Toko bahan makanan;Jakaichi Mart;"7, Jl. Melawai Raya No.189 B, RT.7/RW.5, Kramat Pela, Kec. Kby. Baru, Kota Jakarta Selatan, Daerah Khusus Ibukota Jakarta 12160";"Jl. Melawai Raya No.189 B, RT.7/RW.5, Kramat Pela, Kec. Kby. Baru, Kota Jakarta Selatan";PAPUA;12160;Indonesia;08979658070;;;-62.460.124;1.067.962.852;https://maps.google.com/?cid=0x0:0x2379cb575248f95c;
supermarket;Toko Swalayan;???????;"Jl. Graha 4 No.12 Blok C, RT.7/RW.5, Kramat Pela, Kec. Kby. Baru, Kota Jakarta Selatan, Daerah Khusus Ibukota Jakarta 12130";"RT.7/RW.5, Kramat Pela, Kec. Kby. Baru, Kota Jakarta Selatan";PAPUA;12130;Indonesia;;;;-6.245.974;1.067.962.344;https://maps.google.com/?cid=0x0:0x2bc335eb07b2aaa8;
supermarket;supermarket;Distrik Syahcame;"Kabupaten Mappi, Papua";"Kabupaten Mappi, Papua";PAPUA;;Indonesia;;;;-692.665;1.396.493.658;https://maps.google.com/?cid=0x0:0x731f2b6c588c36e1;
supermarket;Toko Swalayan;Surya Mart;"C8V2+G83, Jl. Irian Kepi, Kepi, Kec. Obaa, Kabupaten Mappi, Papua 99881";"Jl. Irian Kepi, Kepi, Kec. Obaa, Kabupaten Mappi";PAPUA;99881;Indonesia;085254867242;;;-65.562.444;1.393.007.867;https://maps.google.com/?cid=0x0:0x160bad2921fdf723;
supermarket;Toko;Samudra Supermarket;"8PP2+F75, Kroy, Kec. Kaimana, Kabupaten Kaimana, Papua Bar. 98654";"Kroy, Kec. Kaimana, Kabupaten Kaimana";PAPUA;98654;Indonesia;08113189579;;;-36.631.656;1.337.002.039;https://maps.google.com/?cid=0x0:0x97575d1c37a98621;
supermarket;Toko Swalayan;Toko Mujur;"36RC+8JF, Mur, Kec. Mambioman Bapai, Kabupaten Mappi, Papua 99872";"Mur, Kec. Mambioman Bapai, Kabupaten Mappi";PAPUA;99872;Indonesia;081311663253;;;-69.091.883;1.392.215.408;https://maps.google.com/?cid=0x0:0x3ac32eba1af23e22;
supermarket;Toko;SWALAYAN YOSIDO;"Jl. Dr. Sam Ratulangi, Oyehe, Distrik Nabire, Kabupaten Nabire, Papua 98811";"Oyehe, Distrik Nabire, Kabupaten Nabire";PAPUA;98811;Indonesia;085158125592;;;-33.591.841;1.355.029.322;https://maps.google.com/?cid=0x0:0x9d81296727523735;
supermarket;;KIOS ARINI;"2R3H+GGQ, Yerfum, Pantai Kasuari, Kabupaten Asmat, Papua 99782";"Yerfum, Pantai Kasuari, Kabupaten Asmat";PAPUA;99782;Indonesia;;;;-59.961.527;1.388.288.587;https://maps.google.com/?cid=0x0:0x485f1b878020923e;
supermarket;Kios;Kios LINTANG;"6MQR+PFR, Sibi, Edera, Kabupaten Mappi, Papua";"Kabupaten Mappi, Papua";PAPUA;;Indonesia;;;;-67.606.468;1.396.911.374;https://maps.google.com/?cid=0x0:0xff561c363e415b0e;
supermarket;supermarket;Golden Swalayan (GS);"6MQR+PC7, Obaa, Edera, Kabupaten Mappi, Papua 99853";"Obaa, Edera, Kabupaten Mappi";PAPUA;99853;Indonesia;;;;-67.607.199;1.396.910.542;https://maps.google.com/?cid=0x0:0x703be8c6e256c474;
supermarket;Toko Swalayan;SHARON MART;"Jl. Budi Utomo No.89, Pasar Central, Kec. Mimika Baru, Kabupaten Mimika, Papua 99910";"Pasar Central, Kec. Mimika Baru, Kabupaten Mimika";PAPUA;99910;Indonesia;09013126889;;;-45.635.485;1.368.803.274;https://maps.google.com/?cid=0x0:0x618886ebd385d517;
supermarket;Toko Swalayan;Syahwil Mart;"HJ7G+P3R, Cipinang, Kec. Rumpin, Kabupaten Bogor, Jawa Barat 16350";"Cipinang, Kec. Rumpin, Kabupaten Bogor";PAPUA;16350;Indonesia;081299306402;;;-6.435.539;1.066.252.271;https://maps.google.com/?cid=0x0:0x91a1a79e14955818;
supermarket;Toko umum;Toko Syahdan;"QH9H+GJ4, Jl. Pasir Randu, RT.05/RW.03, Kadu, Kec. Curug, Kabupaten Tangerang, Banten 15810";"Jl. Pasir Randu, RT.05/RW.03, Kadu, Kec. Curug, Kabupaten Tangerang";PAPUA;15810;Indonesia;089668318684;;;-62.312.434;1.065.790.802;https://maps.google.com/?cid=0x0:0x83eb2ce2d7c045f7;
supermarket;Toko;Kepala Kali Mappi;"9PMJ+8QW, Kali, Distrik Bomakia, Kabupaten Mappi, Papua";"Kabupaten Mappi, Papua";PAPUA;;Indonesia;;;;-56.166.418;1.397.319.471;https://maps.google.com/?cid=0x0:0x4a5a660aedad383b;
supermarket;Pusat Perbelanjaan;Kios Maiwa;"78XQ+RJW, Senggo, Citakmitak, Kabupaten Mappi, Papua 99875";"Senggo, Citakmitak, Kabupaten Mappi";PAPUA;99875;Indonesia;085215525247;;;-57.003.947;1.393.390.652;https://maps.google.com/?cid=0x0:0x7cbdad47ec2806f5;
supermarket;Perhimpunan Pengembang Perumahan;Distrik Passue Bawah;"WGP7+RWC, Keta, Passue Bawah, Kabupaten Mappi, Papua";"Kabupaten Mappi, Papua";PAPUA;;Indonesia;;;;-6.062.941;139.514.775;https://maps.google.com/?cid=0x0:0x7fb25b4eb0e7694b;
supermarket;Toko Swalayan;Pas Minimarket;"Jl. Jenderal Sudirman, RT.001/RW.006, Babakan, Kec. Tangerang, Kota Tangerang, Banten 15118";"RT.001/RW.006, Babakan, Kec. Tangerang, Kota Tangerang";PAPUA;15118;Indonesia;02155700613;;;-61.925.912;106.640.735;https://maps.google.com/?cid=0x0:0xd6ef9b5c741f9e42;
supermarket;Pusat Perbelanjaan;Pasar Tempat Belanja;"RJ5P+GJM, RT.003/RW.003, Pasar, Babakan, Kec. Tangerang, Kota Tangerang, Banten 15118";"RT.003/RW.003, Pasar, Babakan, Kec. Tangerang, Kota Tangerang";PAPUA;15118;Indonesia;;;;-61.911.603;106.636.554;https://maps.google.com/?cid=0x0:0xeae68828f271cc92;
supermarket;supermarket;Distrik Ti Zain;"Kabupaten Mappi, Papua";"Kabupaten Mappi, Papua";PAPUA;;Indonesia;;;;-54.019.657;1.397.132.729;https://maps.google.com/?cid=0x0:0xd1cf1b07f8359ef9;
supermarket;Toko Roti;JJ Twins ( Grocery - bakery - laundry) suport by zaen;"Jl, Sorendidori, Kec. Supiori Tim., Kabupaten Supiori, Papua 98161";"Sorendidori, Kec. Supiori Tim., Kabupaten Supiori";PAPUA;98161;Indonesia;082257456954;;;-0.7342278;1.357.381.756;https://maps.google.com/?cid=0x0:0x69434e551c19e66c;
supermarket;Toko;Kepala Kali Mappi;"9PMJ+8QW, Kali, Distrik Bomakia, Kabupaten Mappi, Papua";"Kabupaten Mappi, Papua";PAPUA;;Indonesia;;;;-56.166.418;1.397.319.471;https://maps.google.com/?cid=0x0:0x4a5a660aedad383b;
supermarket;Toko bahan makanan;Zain Hause;"J267+VGJ, Unnamed Road, Ragemanunggal, Kec. Setu, Kabupaten Bekasi, Jawa Barat 17320";"Unnamed Road, Ragemanunggal, Kec. Setu, Kabupaten Bekasi";PAPUA;17320;Indonesia;085714126296;;;-6.387.787;1.070.137.811;https://maps.google.com/?cid=0x0:0x8abb60a6cb0dbc9d;
supermarket;Toko;Toko Zain mart;"PWC6+VRJ, Jl. Kober, RT.004/RW.003, Jatiwaringin, Kec. Pd. Gede, Kota Bks, Jawa Barat 17411";"Jl. Kober, RT.004/RW.003, Jatiwaringin, Kec. Pd. Gede, Kota Bks";PAPUA;17411;Indonesia;;;;-6.277.796;1.069.120.599;https://maps.google.com/?cid=0x0:0x13bbb20b00dac7a3;
supermarket;Toko bahan makanan;TOKO ZAIN'T STORE;"kode pos 16330, Jl. H. Mawi, RT.5 rw5, Warujaya, Kec. Parung, Kabupaten Bogor, Jawa Barat";"Kabupaten Bogor, Jawa Barat";PAPUA;;Indonesia;085113444949;;;-6.433.682;1.067.094.919;https://maps.google.com/?cid=0x0:0x41d48e22e1e0f749;
supermarket;Toko umum;Toko zain;"Jl. Pepaya No.23 Blok D. 11, RT.8/RW.2, Binong, Kec. Curug, Kabupaten Tangerang, Banten 15810";"RT.8/RW.2, Binong, Kec. Curug, Kabupaten Tangerang";PAPUA;15810;Indonesia;087774037203;;;-62.349.328;1.065.891.979;https://maps.google.com/?cid=0x0:0x4f3c50f05d0e61d1;
supermarket;Toko bahan makanan;Toko Wijaya;"Jl. Jemb. Tinggi No.12 1, RT.1/RW.9, Kb. Kacang, Kecamatan Tanah Abang, Kota Jakarta Pusat, Daerah Khusus Ibukota Jakarta 10240";"RT.1/RW.9, Kb. Kacang, Kecamatan Tanah Abang, Kota Jakarta Pusat";PAPUA;10240;Indonesia;0213141513;;;-61.889.269;1.068.129.859;https://maps.google.com/?cid=0x0:0x3506e2aad5047ad6;
supermarket;Toko;Warung rizma zain;"Perum kota Batara, Blk. K No.02 Rt10, RW.14, Pasanggrahan, Kec. Solear, Kabupaten Tangerang, Banten 15730";"Blk. K No.02 Rt10, RW.14, Pasanggrahan, Kec. Solear, Kabupaten Tangerang";PAPUA;15730;Indonesia;082312651950;;;-62.888.841;1.064.245.104;https://maps.google.com/?cid=0x0:0x2fe3afa7aeac9c4a;
supermarket;Toko;TOKO ZAIN;"Dusun 4, Kaligondang, Kec. Kaligondang, Kabupaten Purbalingga, Jawa Tengah";"Kabupaten Purbalingga, Jawa Tengah";PAPUA;;Indonesia;;;;-73.851.973;109.410.745;https://maps.google.com/?cid=0x0:0x7f5c185b17f635ec;
supermarket;Grosir kantong plastik;TOKO ZAIN;"Citatah, Kec. Cipatat, Kabupaten Bandung Barat, Jawa Barat";"Kabupaten Bandung Barat, Jawa Barat";PAPUA;;Indonesia;;;;-68.336.417;1.074.132.866;https://maps.google.com/?cid=0x0:0x2c8beeb12c15bf1b;
