Category,Real Category,Business Name,Address,City,State,Postal Code,Country,Phone,Latitude,Longitude,Map Link
toko bangunan,Toko Bahan Bangunan,Toko Sentra Bangunan,"Jl. Garuda No.7, Yuwanain, Arso II, Kabupaten Keerom, Papua 99468","Yuwanain, Arso II, Kabupaten Keerom",PAPUA,99468.0,Indonesia,81240505719.0,-2.9027275,140.7524692,https://maps.google.com/?cid=0x0:0x5a7a0ae632131e91
toko bangunan,toko bangunan,Papua 99467,"Distrik Waris, Kabupaten Keerom, Papua","Kabupaten Keerom, Papua",PAPUA,,Indonesia,,-3.1279268,140.8872648,https://maps.google.com/?cid=0x0:0xcde9330d1e08a4a3
toko bangunan,Toko Bahan Bangunan,Toko Arso Bangunan,"Jl. Garuda No.17, D, Yuwanain, Kec. Arso, Kabupaten Keerom, Papua 99468","D, Yuwanain, Kec. Arso, Kabupaten Keerom",PAPUA,99468.0,Indonesia,82199906967.0,-2.9009028,140.7566149,https://maps.google.com/?cid=0x0:0xd6c7fd0a6c50c3ab
toko bangunan,Pusat Perbelanjaan,Toko Bangunan Tugu Lawet 2,"4PHR+M7J, Asiaman, Kec. Arso, Kabupaten Keerom, Papua 99468","Asiaman, Kec. Arso, Kabupaten Keerom",PAPUA,99468.0,Indonesia,,-2.8707322,140.7405158,https://maps.google.com/?cid=0x0:0x8000d12040723a07
toko bangunan,Toko Bahan Bangunan,Toko Bangunan Tugu Lawet,"4Q26+65X, Jl. Garuda, Yuwanaim, Kec. Arso, Kabupaten Keerom, Papua 99468","Jl. Garuda, Yuwanaim, Kec. Arso, Kabupaten Keerom",PAPUA,99468.0,Indonesia,,-2.8993798,140.7604978,https://maps.google.com/?cid=0x0:0xd24eb915c165bc9
toko bangunan,Toko Bahan Bangunan,Toko Bangunan Arso Jaya,"6Q35+6HV, Jl. Wijaya Kusuma, Arso I. / Sanggaria, Kec. Arso, Kabupaten Keerom, Papua 99468","Jl. Wijaya Kusuma, Arso I. / Sanggaria, Kec. Arso, Kabupaten Keerom",PAPUA,99468.0,Indonesia,85244068633.0,-2.7968972,140.7589213,https://maps.google.com/?cid=0x0:0x1bf911e0dc6cab7
toko bangunan,Toko Bahan Bangunan,Toko bangunan Arini Djaya,"Upt Arso IX / Intaimilyan, Kec. Skanto, Kabupaten Keerom, Papua 99468","Kec. Skanto, Kabupaten Keerom",PAPUA,99468.0,Indonesia,,-2.7845315,140.660086,https://maps.google.com/?cid=0x0:0x21397f5597e72b11
toko bangunan,Toko umum,Kios baru,"2R29+8Q6, Upt Pir IV / Wonorejo, Arso Tim., Kabupaten Keerom, Papua 99467","Upt Pir IV / Wonorejo, Arso Tim., Kabupaten Keerom",PAPUA,99467.0,Indonesia,82199264526.0,-2.9992012,140.8193981,https://maps.google.com/?cid=0x0:0xcfafc562bfe463e
toko bangunan,Toko Perlengkapan Rumah,Toko Bangunan Alvi Jaya Indah,"4PFV+QH8, Asiaman, Kec. Arso, Kabupaten Keerom, Papua 99468","Asiaman, Kec. Arso, Kabupaten Keerom",PAPUA,99468.0,Indonesia,81231225453.0,-2.875585,140.74395,https://maps.google.com/?cid=0x0:0x4b6b4fd47483a8a6
toko bangunan,Toko Bahan Bangunan,Toko Bangunan Karunia Jaya Abadi,"4PCV+PQW, Asiaman, Kec. Arso, Kabupaten Keerom, Papua 99468","Asiaman, Kec. Arso, Kabupaten Keerom",PAPUA,99468.0,Indonesia,82238365051.0,-2.8781414,140.7444425,https://maps.google.com/?cid=0x0:0xe5cd3a535bf4a26b
toko bangunan,Toko bahan makanan,Kios Limbong,"Jl. Jambu No.46, Upt Pir IV / Wonorejo, Arso Tim., Kabupaten Keerom, Papua 99467","Upt Pir IV / Wonorejo, Arso Tim., Kabupaten Keerom",PAPUA,99467.0,Indonesia,81344356485.0,-2.9992227,140.8194446,https://maps.google.com/?cid=0x0:0x548eda8700215a5e
toko bangunan,Pos Perbatasan Negara,Perbatasan Indonesia - Papua New Guinea (Swach),"QX7X+QXF, Pund, Distrik Waris, Kabupaten Keerom, Papua","Kabupaten Keerom, Papua",PAPUA,,Indonesia,,-3.2355625,140.9999219,https://maps.google.com/?cid=0x0:0xce1fb2c4e7e75fe7
toko bangunan,Toko Bahan Bangunan,Toko Bangunan Abadi Mandiri,"Jalan Poros Kakap Selatan, Jaifuri, Kec. Arso, Kabupaten Keerom, Papua 99468","Jaifuri, Kec. Arso, Kabupaten Keerom",PAPUA,99468.0,Indonesia,,-2.7865811,140.6195175,https://maps.google.com/?cid=0x0:0xae359660efbce11c
toko bangunan,Toko Bahan Bangunan,TOKO BINTANG BANGUNAN,"Wai Mhorock, Kec. Abepura, Kota Jayapura, Papua 99225","Kec. Abepura, Kota Jayapura",PAPUA,99225.0,Indonesia,81211357969.0,-2.6065155,140.6747591,https://maps.google.com/?cid=0x0:0xedd7cb0b345a46c4
toko bangunan,toko bangunan,Papua 99468,"Kabupaten Keerom, Papua","Kabupaten Keerom, Papua",PAPUA,,Indonesia,,-2.838126,140.7624493,https://maps.google.com/?cid=0x0:0xb18f169d1a15b8b6
toko bangunan,Toko Bahan Bangunan,Toko Bangunan Arso Jaya,"6Q35+6HV, Jl. Wijaya Kusuma, Arso I. / Sanggaria, Kec. Arso, Kabupaten Keerom, Papua 99468","Jl. Wijaya Kusuma, Arso I. / Sanggaria, Kec. Arso, Kabupaten Keerom",PAPUA,99468.0,Indonesia,85244068633.0,-2.7968972,140.7589213,https://maps.google.com/?cid=0x0:0x1bf911e0dc6cab7
toko bangunan,Toko Bahan Bangunan,Toko Arso Bangunan,"Jl. Garuda No.17, D, Yuwanain, Kec. Arso, Kabupaten Keerom, Papua 99468","D, Yuwanain, Kec. Arso, Kabupaten Keerom",PAPUA,99468.0,Indonesia,82199906967.0,-2.9009028,140.7566149,https://maps.google.com/?cid=0x0:0xd6c7fd0a6c50c3ab
toko bangunan,Toko Bahan Bangunan,Toko Bangunan Karunia Jaya Abadi,"4PCV+PQW, Asiaman, Kec. Arso, Kabupaten Keerom, Papua 99468","Asiaman, Kec. Arso, Kabupaten Keerom",PAPUA,99468.0,Indonesia,82238365051.0,-2.8781414,140.7444425,https://maps.google.com/?cid=0x0:0xe5cd3a535bf4a26b
toko bangunan,Toko Bahan Bangunan,toko bangunan Yep'Mum,"4Q38+6C4, Jl. Garuda, Arso Kota, Kec. Arso, Kabupaten Keerom, Papua 99468","Jl. Garuda, Arso Kota, Kec. Arso, Kabupaten Keerom",PAPUA,99468.0,Indonesia,85244664394.0,-2.8970308,140.7661616,https://maps.google.com/?cid=0x0:0x9649c22840d7e67e
toko bangunan,Toko Bahan Bangunan,Toko bangunan Arini Djaya,"Upt Arso IX / Intaimilyan, Kec. Skanto, Kabupaten Keerom, Papua 99468","Kec. Skanto, Kabupaten Keerom",PAPUA,99468.0,Indonesia,,-2.7845315,140.660086,https://maps.google.com/?cid=0x0:0x21397f5597e72b11
toko bangunan,Minimarket,KIOS SEJAHTERA,"Upt Arso X/Yaturaharja, Kec. Arso, Kabupaten Keerom, Papua 99468","Kec. Arso, Kabupaten Keerom",PAPUA,99468.0,Indonesia,,-2.8802618,140.7011781,https://maps.google.com/?cid=0x0:0xcead7600a2d6d90c
toko bangunan,Toko Perlengkapan Rumah,Toko Bangunan Alvi Jaya Indah,"4PFV+QH8, Asiaman, Kec. Arso, Kabupaten Keerom, Papua 99468","Asiaman, Kec. Arso, Kabupaten Keerom",PAPUA,99468.0,Indonesia,81231225453.0,-2.875585,140.74395,https://maps.google.com/?cid=0x0:0x4b6b4fd47483a8a6
toko bangunan,Pusat Perbelanjaan,Toko Bangunan Tugu Lawet 2,"4PHR+M7J, Asiaman, Kec. Arso, Kabupaten Keerom, Papua 99468","Asiaman, Kec. Arso, Kabupaten Keerom",PAPUA,99468.0,Indonesia,,-2.8707322,140.7405158,https://maps.google.com/?cid=0x0:0x8000d12040723a07
toko bangunan,Toko Bahan Bangunan,Toko Bangunan Tugu Lawet,"4Q26+65X, Jl. Garuda, Yuwanaim, Kec. Arso, Kabupaten Keerom, Papua 99468","Jl. Garuda, Yuwanaim, Kec. Arso, Kabupaten Keerom",PAPUA,99468.0,Indonesia,,-2.8993798,140.7604978,https://maps.google.com/?cid=0x0:0xd24eb915c165bc9
toko bangunan,Toko Bahan Bangunan,TB Makmur Jaya,"Jl. Garuda kam yuwanain, Kec. Arso, Kabupaten Keerom, Papua 99361","Kec. Arso, Kabupaten Keerom",PAPUA,99361.0,Indonesia,85211831980.0,-2.897803,140.763938,https://maps.google.com/?cid=0x0:0xc3d55026b5b47915
toko bangunan,Toko Bahan Bangunan,Toko Bangunan Abadi Mandiri,"Jalan Poros Kakap Selatan, Jaifuri, Kec. Arso, Kabupaten Keerom, Papua 99468","Jaifuri, Kec. Arso, Kabupaten Keerom",PAPUA,99468.0,Indonesia,,-2.7865811,140.6195175,https://maps.google.com/?cid=0x0:0xae359660efbce11c
toko bangunan,Toko Bahan Bangunan,Toko Bangunan Maju Jaya,"6Q25+RQQ, Arso I. / Sanggaria, Kec. Arso, Kabupaten Keerom, Papua 99468","Arso I. / Sanggaria, Kec. Arso, Kabupaten Keerom",PAPUA,99468.0,Indonesia,,-2.7979166,140.7594907,https://maps.google.com/?cid=0x0:0x4ed40a11b7f4edcc
toko bangunan,Toko Perlengkapan Rumah,Toko Bangunan Zildan Dirgatama dan zildan shoop hijab,"5PCX+4W5, Unnamed Road, Upt Arso VI / Yamua, Kec. Arso, Kabupaten Keerom, Papua 99468","Unnamed Road, Upt Arso VI / Yamua, Kec. Arso, Kabupaten Keerom",PAPUA,99468.0,Indonesia,81344261163.0,-2.8297372,140.7498681,https://maps.google.com/?cid=0x0:0xdaa949b8f5567a3f
toko bangunan,toko bangunan,Senggi,"Senggi, Kabupaten Keerom, Papua","Kabupaten Keerom, Papua",PAPUA,,Indonesia,,-3.444463,140.775696,https://maps.google.com/?cid=0x0:0x6ea1e22b49fe9674
toko bangunan,Pusat Perbelanjaan,Toko Bangunan Tugu Lawet 2,"4PHR+M7J, Asiaman, Kec. Arso, Kabupaten Keerom, Papua 99468","Asiaman, Kec. Arso, Kabupaten Keerom",PAPUA,99468.0,Indonesia,,-2.8707322,140.7405158,https://maps.google.com/?cid=0x0:0x8000d12040723a07
toko bangunan,Toko Bahan Bangunan,Toko Sentra Bangunan,"Jl. Garuda No.7, Yuwanain, Arso II, Kabupaten Keerom, Papua 99468","Yuwanain, Arso II, Kabupaten Keerom",PAPUA,99468.0,Indonesia,81240505719.0,-2.9027275,140.7524692,https://maps.google.com/?cid=0x0:0x5a7a0ae632131e91
toko bangunan,Toko Perlengkapan Rumah,TB SEMANGAT BARU,"Jl. Pramuka Raya No.39, Grogol, Kec. Limo, Kota Depok, Jawa Barat 16514","Grogol, Kec. Limo, Kota Depok",PAPUA,16514.0,Indonesia,85252282483.0,-6.3813937,106.7903351,https://maps.google.com/?cid=0x0:0x63fe9809c3e46901
toko bangunan,Toko Bahan Bangunan,TB. Semangat Baru,"Jl. Raya Pulo Mangga No.70, RT.01/RW.1, Grogol, Kec. Limo, Kota Depok, Jawa Barat 16514","RT.01/RW.1, Grogol, Kec. Limo, Kota Depok",PAPUA,16514.0,Indonesia,81298076431.0,-6.3765396,106.7843779,https://maps.google.com/?cid=0x0:0x6864808b24b559b
toko bangunan,toko bangunan,Papua 99466,"Kabupaten Keerom, Papua","Kabupaten Keerom, Papua",PAPUA,,Indonesia,,-3.6008739,140.7624493,https://maps.google.com/?cid=0x0:0x68d0783d81283fe1
toko bangunan,Toko Bahan Bangunan,Toko usaha bersama 3,"Jl. Ridwan Rais, Beji Tim., depok, Kota Depok, Jawa Barat 16422","Beji Tim., depok, Kota Depok",PAPUA,16422.0,Indonesia,81952870472.0,-6.3860144,106.8199277,https://maps.google.com/?cid=0x0:0xa942e7c7d385805d
toko bangunan,Toko Perlengkapan Rumah,TOKO BANGUNAN METRO,"Jl. Curugan No.88 a, RT.3/RW.11, Tanah Baru, Kecamatan Beji, Kota Depok, Jawa Barat 16426","RT.3/RW.11, Tanah Baru, Kecamatan Beji, Kota Depok",PAPUA,16426.0,Indonesia,81952870472.0,-6.3709674,106.7990948,https://maps.google.com/?cid=0x0:0x90dfe5eb4386f6a0
toko bangunan,Toko Bahan Bangunan,Bangunan 99 / TB. Cahaya Cibubur,"2, Jl. Lap. Tembak No.99, RT.2/RW.1, Cibubur, Kec. Ciracas, Kota Jakarta Timur, Daerah Khusus Ibukota Jakarta 13720","Jl. Lap. Tembak No.99, RT.2/RW.1, Cibubur, Kec. Ciracas, Kota Jakarta Timur",PAPUA,13720.0,Indonesia,82160050099.0,-6.3471024,106.8750286,https://maps.google.com/?cid=0x0:0x98e5b6f42b6fc00a
toko bangunan,Toko Bahan Bangunan,Toko Sarana Bangunan,"Jalan Raya Hek Cipayung Jaya No. 55, RT.002/RW.009, Bojong Pd. Terong, Kec. Cipayung, Kota Depok, Jawa Barat 16437","RT.002/RW.009, Bojong Pd. Terong, Kec. Cipayung, Kota Depok",PAPUA,16437.0,Indonesia,8569047807.0,-6.4392806,106.7974443,https://maps.google.com/?cid=0x0:0x4d90155610a5291d
toko bangunan,Toko Bahan Bangunan,Toko Bangunan dan Jasa Konstruksi Terdekat Termurah Bojong Gede Klik Bangunan Tugu Macan,"Jl. Tugu Macan, RT.04/RW.06, Ragajaya, Kecamatan Bojonggede, Kabupaten Bogor, Jawa Barat 16921","RT.04/RW.06, Ragajaya, Kecamatan Bojonggede, Kabupaten Bogor",PAPUA,16921.0,Indonesia,81112300178.0,-6.4543174,106.7851182,https://maps.google.com/?cid=0x0:0x10cba26dd5400f52
toko bangunan,Toko Bahan Bangunan,Tirta Bangunan Supermarket,"Jl. Raya Sawangan No.88, Pancoran MAS, Kec. Pancoran Mas, Kota Depok, Jawa Barat 16436","Pancoran MAS, Kec. Pancoran Mas, Kota Depok",PAPUA,16436.0,Indonesia,2177216007.0,-6.3956644,106.8033311,https://maps.google.com/?cid=0x0:0xb2a503adeb35329d
toko bangunan,Toko Bahan Bangunan,Toko Bangunan Mentari,"HRM8+423, Ratu Jaya, Kec. Cipayung, Kota Depok, Jawa Barat 16439","Ratu Jaya, Kec. Cipayung, Kota Depok",PAPUA,16439.0,Indonesia,2177216590.0,-6.4172434,106.8150623,https://maps.google.com/?cid=0x0:0x2c02349327ef2251
toko bangunan,Toko Bahan Bangunan,SEMI MURAH BANGUNAN,"Jl. Duren Baru No.38, RT.3/RW.6, Susukan, Kecamatan Bojonggede, Kabupaten Bogor, Jawa Barat 16920","RT.3/RW.6, Susukan, Kecamatan Bojonggede, Kabupaten Bogor",PAPUA,16920.0,Indonesia,81282384093.0,-6.4611077,106.7858521,https://maps.google.com/?cid=0x0:0xd74894d1f4695ae6
toko bangunan,Toko Bahan Bangunan,Toko Bahan Bangunan / Building Material Sumber Rezeki,"Jl. Baru Puspa Negara, Puspanegara, Kec. Citeureup, Kabupaten Bogor, Jawa Barat 16810","Puspanegara, Kec. Citeureup, Kabupaten Bogor",PAPUA,16810.0,Indonesia,81220003865.0,-6.4834098,106.8800953,https://maps.google.com/?cid=0x0:0x587a4fad1e7b6543
toko bangunan,Toko Bahan Bangunan,Toko Bangunan TB. Villa Terusan,"Jl. Pd. Cabe 1 Jl. Villa Terusan No.8A, Pd. Cabe Ilir, Kec. Pamulang, Kota Tangerang Selatan, Banten 15419","Pd. Cabe Ilir, Kec. Pamulang, Kota Tangerang Selatan",PAPUA,15419.0,Indonesia,85717140303.0,-6.325913,106.77184,https://maps.google.com/?cid=0x0:0xb0450b7b41c527e4
toko bangunan,Toko Bahan Bangunan,Toko Bangunan Tiga Mas,"Jl. Bahagia Raya Blok IV No.1-2, Depok Timur, Kec. Sukmajaya, Kota Depok, Jawa Barat 16417","Depok Timur, Kec. Sukmajaya, Kota Depok",PAPUA,16417.0,Indonesia,81952870472.0,-6.3986396,106.8510025,https://maps.google.com/?cid=0x0:0xea07df2c2bfcf716
toko bangunan,Toko Bahan Bangunan,Mitra Pada Suka,"JV82+MWG, Jl. Keadilan Ujung, Bakti Jaya, Kec. Sukmajaya, Kota Depok, Jawa Barat 16418","Jl. Keadilan Ujung, Bakti Jaya, Kec. Sukmajaya, Kota Depok",PAPUA,16418.0,Indonesia,8174749343.0,-6.3833124,106.852321,https://maps.google.com/?cid=0x0:0x99934d28a81c9cdb
toko bangunan,Toko Bahan Bangunan,Toko Bangunan Kembar Jaya,"Jl. Raya Bogor KM.31 No.8, Cisalak, Kec. Cimanggis, Kota Depok, Jawa Barat 16416","Cisalak, Kec. Cimanggis, Kota Depok",PAPUA,16416.0,Indonesia,85783297726.0,-6.3760118,106.8636131,https://maps.google.com/?cid=0x0:0x4cf896ef530b137d
toko bangunan,Toko Bahan Bangunan,Toko bangunan Arini Djaya,"Upt Arso IX / Intaimilyan, Kec. Skanto, Kabupaten Keerom, Papua 99468","Kec. Skanto, Kabupaten Keerom",PAPUA,99468.0,Indonesia,,-2.7845315,140.660086,https://maps.google.com/?cid=0x0:0x21397f5597e72b11
toko bangunan,toko bangunan,Papua 99469,Papua,Papua,PAPUA,,Indonesia,,-2.950166,140.4308159,https://maps.google.com/?cid=0x0:0xbc565fc539165f0b
toko bangunan,Toko Bahan Bangunan,Toko Bangunan Faza 99 Arso4,"6H9Q+6GQ, Arsopura, Kec. Skanto, Kabupaten Keerom, Papua 99469","Arsopura, Kec. Skanto, Kabupaten Keerom",PAPUA,99469.0,Indonesia,,-2.7819024,140.5888703,https://maps.google.com/?cid=0x0:0x609c726485426068
toko bangunan,Toko Bahan Bangunan,Toko Bangunan Abadi Mandiri,"Jalan Poros Kakap Selatan, Jaifuri, Kec. Arso, Kabupaten Keerom, Papua 99468","Jaifuri, Kec. Arso, Kabupaten Keerom",PAPUA,99468.0,Indonesia,,-2.7865811,140.6195175,https://maps.google.com/?cid=0x0:0xae359660efbce11c
toko bangunan,Toko Bahan Bangunan,Toko Sentra Bangunan,"Jl. Garuda No.7, Yuwanain, Arso II, Kabupaten Keerom, Papua 99468","Yuwanain, Arso II, Kabupaten Keerom",PAPUA,99468.0,Indonesia,81240505719.0,-2.9027275,140.7524692,https://maps.google.com/?cid=0x0:0x5a7a0ae632131e91
toko bangunan,Toko Bahan Bangunan,Toko Matrial,"6M6V+94M, Upt Arso XII / Traimilyan, Kec. Skanto, Kabupaten Keerom, Papua 99468","Upt Arso XII / Traimilyan, Kec. Skanto, Kabupaten Keerom",PAPUA,99468.0,Indonesia,82198629954.0,-2.7890377,140.6928093,https://maps.google.com/?cid=0x0:0x6b5906f3c0f111b2
toko bangunan,Toko Bahan Bangunan,Toko Arso Bangunan,"Jl. Garuda No.17, D, Yuwanain, Kec. Arso, Kabupaten Keerom, Papua 99468","D, Yuwanain, Kec. Arso, Kabupaten Keerom",PAPUA,99468.0,Indonesia,82199906967.0,-2.9009028,140.7566149,https://maps.google.com/?cid=0x0:0xd6c7fd0a6c50c3ab
toko bangunan,Toko Bahan Bangunan,Toko Bangunan Karunia Jaya Abadi,"4PCV+PQW, Asiaman, Kec. Arso, Kabupaten Keerom, Papua 99468","Asiaman, Kec. Arso, Kabupaten Keerom",PAPUA,99468.0,Indonesia,82238365051.0,-2.8781414,140.7444425,https://maps.google.com/?cid=0x0:0xe5cd3a535bf4a26b
toko bangunan,toko bangunan,Arso Tim.,"Kabupaten Keerom, Papua","Kabupaten Keerom, Papua",PAPUA,,Indonesia,,-2.9996892,140.8239949,https://maps.google.com/?cid=0x0:0xae3aa9f54982454a
toko bangunan,Toko Bahan Bangunan,Toko Arso Bangunan,"Jl. Garuda No.17, D, Yuwanain, Kec. Arso, Kabupaten Keerom, Papua 99468","D, Yuwanain, Kec. Arso, Kabupaten Keerom",PAPUA,99468.0,Indonesia,82199906967.0,-2.9009028,140.7566149,https://maps.google.com/?cid=0x0:0xd6c7fd0a6c50c3ab
toko bangunan,Toko Bahan Bangunan,toko bangunan Yep'Mum,"4Q38+6C4, Jl. Garuda, Arso Kota, Kec. Arso, Kabupaten Keerom, Papua 99468","Jl. Garuda, Arso Kota, Kec. Arso, Kabupaten Keerom",PAPUA,99468.0,Indonesia,85244664394.0,-2.8970308,140.7661616,https://maps.google.com/?cid=0x0:0x9649c22840d7e67e
toko bangunan,Toko Bahan Bangunan,TB Makmur Jaya,"Jl. Garuda kam yuwanain, Kec. Arso, Kabupaten Keerom, Papua 99361","Kec. Arso, Kabupaten Keerom",PAPUA,99361.0,Indonesia,85211831980.0,-2.897803,140.763938,https://maps.google.com/?cid=0x0:0xc3d55026b5b47915
toko bangunan,Toko Bahan Bangunan,Toko Bangunan Tugu Lawet,"4Q26+65X, Jl. Garuda, Yuwanaim, Kec. Arso, Kabupaten Keerom, Papua 99468","Jl. Garuda, Yuwanaim, Kec. Arso, Kabupaten Keerom",PAPUA,99468.0,Indonesia,,-2.8993798,140.7604978,https://maps.google.com/?cid=0x0:0xd24eb915c165bc9
toko bangunan,Toko Bahan Bangunan,Toko Bangunan Karunia Jaya Abadi,"4PCV+PQW, Asiaman, Kec. Arso, Kabupaten Keerom, Papua 99468","Asiaman, Kec. Arso, Kabupaten Keerom",PAPUA,99468.0,Indonesia,82238365051.0,-2.8781414,140.7444425,https://maps.google.com/?cid=0x0:0xe5cd3a535bf4a26b
toko bangunan,Toko Perlengkapan Rumah,Toko Bangunan Alvi Jaya Indah,"4PFV+QH8, Asiaman, Kec. Arso, Kabupaten Keerom, Papua 99468","Asiaman, Kec. Arso, Kabupaten Keerom",PAPUA,99468.0,Indonesia,81231225453.0,-2.875585,140.74395,https://maps.google.com/?cid=0x0:0x4b6b4fd47483a8a6
toko bangunan,Toko Bahan Bangunan,Toko Bangunan Arso Jaya,"6Q35+6HV, Jl. Wijaya Kusuma, Arso I. / Sanggaria, Kec. Arso, Kabupaten Keerom, Papua 99468","Jl. Wijaya Kusuma, Arso I. / Sanggaria, Kec. Arso, Kabupaten Keerom",PAPUA,99468.0,Indonesia,85244068633.0,-2.7968972,140.7589213,https://maps.google.com/?cid=0x0:0x1bf911e0dc6cab7
toko bangunan,Pusat Perbelanjaan,Toko Bangunan Tugu Lawet 2,"4PHR+M7J, Asiaman, Kec. Arso, Kabupaten Keerom, Papua 99468","Asiaman, Kec. Arso, Kabupaten Keerom",PAPUA,99468.0,Indonesia,,-2.8707322,140.7405158,https://maps.google.com/?cid=0x0:0x8000d12040723a07
toko bangunan,Toko Bahan Bangunan,Toko bangunan Arini Djaya,"Upt Arso IX / Intaimilyan, Kec. Skanto, Kabupaten Keerom, Papua 99468","Kec. Skanto, Kabupaten Keerom",PAPUA,99468.0,Indonesia,,-2.7845315,140.660086,https://maps.google.com/?cid=0x0:0x21397f5597e72b11
toko bangunan,Toko umum,Kios baru,"2R29+8Q6, Upt Pir IV / Wonorejo, Arso Tim., Kabupaten Keerom, Papua 99467","Upt Pir IV / Wonorejo, Arso Tim., Kabupaten Keerom",PAPUA,99467.0,Indonesia,82199264526.0,-2.9992012,140.8193981,https://maps.google.com/?cid=0x0:0xcfafc562bfe463e
toko bangunan,Minimarket,KIOS SEJAHTERA,"Upt Arso X/Yaturaharja, Kec. Arso, Kabupaten Keerom, Papua 99468","Kec. Arso, Kabupaten Keerom",PAPUA,99468.0,Indonesia,,-2.8802618,140.7011781,https://maps.google.com/?cid=0x0:0xcead7600a2d6d90c
toko bangunan,Toko Bahan Bangunan,Toko Bangunan Maju Jaya,"6Q25+RQQ, Arso I. / Sanggaria, Kec. Arso, Kabupaten Keerom, Papua 99468","Arso I. / Sanggaria, Kec. Arso, Kabupaten Keerom",PAPUA,99468.0,Indonesia,,-2.7979166,140.7594907,https://maps.google.com/?cid=0x0:0x4ed40a11b7f4edcc
toko bangunan,Toko Perlengkapan Rumah,Toko Bangunan Zildan Dirgatama dan zildan shoop hijab,"5PCX+4W5, Unnamed Road, Upt Arso VI / Yamua, Kec. Arso, Kabupaten Keerom, Papua 99468","Unnamed Road, Upt Arso VI / Yamua, Kec. Arso, Kabupaten Keerom",PAPUA,99468.0,Indonesia,81344261163.0,-2.8297372,140.7498681,https://maps.google.com/?cid=0x0:0xdaa949b8f5567a3f
toko bangunan,Toko Bahan Bangunan,Toko Sentra Bangunan,"Jl. Garuda No.7, Yuwanain, Arso II, Kabupaten Keerom, Papua 99468","Yuwanain, Arso II, Kabupaten Keerom",PAPUA,99468.0,Indonesia,81240505719.0,-2.9027275,140.7524692,https://maps.google.com/?cid=0x0:0x5a7a0ae632131e91
toko bangunan,Toko Bahan Bangunan,Toko Bangunan Mutiara timur,"CJ3R+33F, Unnamed Road, Kp. Waena, Kec. Heram, Kota Jayapura, Papua 99225","Unnamed Road, Kp. Waena, Kec. Heram, Kota Jayapura",PAPUA,99225.0,Indonesia,,-2.5973134,140.6401625,https://maps.google.com/?cid=0x0:0x392e56b1342d758c
toko bangunan,toko bangunan,Papua 99466,"Kabupaten Keerom, Papua","Kabupaten Keerom, Papua",PAPUA,,Indonesia,,-3.6008739,140.7624493,https://maps.google.com/?cid=0x0:0x68d0783d81283fe1
toko bangunan,Toko Bahan Bangunan,toko bangunan Yep'Mum,"4Q38+6C4, Jl. Garuda, Arso Kota, Kec. Arso, Kabupaten Keerom, Papua 99468","Jl. Garuda, Arso Kota, Kec. Arso, Kabupaten Keerom",PAPUA,99468.0,Indonesia,85244664394.0,-2.8970308,140.7661616,https://maps.google.com/?cid=0x0:0x9649c22840d7e67e
toko bangunan,Toko Bahan Bangunan,Toko Bangunan Tetus Papua,"CVFF+528, Jl. Budi Utomo, Nawaripi, Kec. Mimika Baru, Kabupaten Mimika, Papua","Kabupaten Mimika, Papua",PAPUA,,Indonesia,81344834492.0,-4.577093,136.8725648,https://maps.google.com/?cid=0x0:0x70179859b1a22306
toko bangunan,Pusat Perbelanjaan,Toko Bangunan Tugu Lawet 2,"4PHR+M7J, Asiaman, Kec. Arso, Kabupaten Keerom, Papua 99468","Asiaman, Kec. Arso, Kabupaten Keerom",PAPUA,99468.0,Indonesia,,-2.8707322,140.7405158,https://maps.google.com/?cid=0x0:0x8000d12040723a07
toko bangunan,Toko Bahan Bangunan,Tirta Bangunan Supermarket,"Jl. Siliwangi No.1, Depok, Kec. Pancoran Mas, Kota Depok, Jawa Barat 16431","Depok, Kec. Pancoran Mas, Kota Depok",PAPUA,16431.0,Indonesia,2177211585.0,-6.3994435,106.820465,https://maps.google.com/?cid=0x0:0x6c5691b15a29e9f8
toko bangunan,Toko Bahan Bangunan,Toko Resky,"jalan poros, Kemon Jaya Sp V, Kec. Waropen Bawah, Kabupaten Waropen, Papua 98261","Kemon Jaya Sp V, Kec. Waropen Bawah, Kabupaten Waropen",PAPUA,98261.0,Indonesia,85394955553.0,-2.2185432,136.4200064,https://maps.google.com/?cid=0x0:0x356450f535852163
toko bangunan,Toko Perlengkapan Rumah,TOKO BANGUNAN METRO,"Jl. Curugan No.88 a, RT.3/RW.11, Tanah Baru, Kecamatan Beji, Kota Depok, Jawa Barat 16426","RT.3/RW.11, Tanah Baru, Kecamatan Beji, Kota Depok",PAPUA,16426.0,Indonesia,81952870472.0,-6.3709674,106.7990948,https://maps.google.com/?cid=0x0:0x90dfe5eb4386f6a0
toko bangunan,Toko Bahan Bangunan,Toko Bangunan dan Jasa Konstruksi Terdekat Termurah Bojong Gede Klik Bangunan Tugu Macan,"Jl. Tugu Macan, RT.04/RW.06, Ragajaya, Kecamatan Bojonggede, Kabupaten Bogor, Jawa Barat 16921","RT.04/RW.06, Ragajaya, Kecamatan Bojonggede, Kabupaten Bogor",PAPUA,16921.0,Indonesia,81112300178.0,-6.4543174,106.7851182,https://maps.google.com/?cid=0x0:0x10cba26dd5400f52
toko bangunan,Toko Bahan Bangunan,Toko Bangunan ACC,"Jl. Nusantara Raya No.274, Depok Jaya, Kec. Pancoran Mas, Kota Depok, Jawa Barat 16432","Depok Jaya, Kec. Pancoran Mas, Kota Depok",PAPUA,16432.0,Indonesia,81934873737.0,-6.3938587,106.8144872,https://maps.google.com/?cid=0x0:0x2709e9a276a3be1a
toko bangunan,Pemasok Bahan Bangunan,Tirta Bangunan Cilangkap Depok,"Jalan Raya Jakarta - Bogor No.Km. 39 No. 06, Cilangkap, Kec. Tapos, Kota Depok, Jawa Barat 16458","Cilangkap, Kec. Tapos, Kota Depok",PAPUA,16458.0,Indonesia,218750160.0,-6.443838,106.853566,https://maps.google.com/?cid=0x0:0xf553fc838aae54b3
toko bangunan,Toko Bahan Bangunan,TB Raja Bangunan,"Jl. Bangka IX C No.92 9, RT.12/RW.5, Pela Mampang, Kec. Mampang Prpt., Kota Jakarta Selatan, Daerah Khusus Ibukota Jakarta 12720","RT.12/RW.5, Pela Mampang, Kec. Mampang Prpt., Kota Jakarta Selatan",PAPUA,12720.0,Indonesia,81510716809.0,-6.253072,106.8234669,https://maps.google.com/?cid=0x0:0x1eaae5140db3b2cc
toko bangunan,Toko Bahan Bangunan,TB Sumber Rejeki,"HQP3+JP2, Kp Kebon Kopi Rt/Rw 001/006 No.39, Jl. Raya Pengasinan, RT.01/RW.06, Pengasinan, Kec. Sawangan, Kota Depok, Jawa Barat 16518","Kp Kebon Kopi Rt/Rw 001/006 No.39, Jl. Raya Pengasinan, RT.01/RW.06, Pengasinan, Kec. Sawangan, Kota Depok",PAPUA,16518.0,Indonesia,85101461084.0,-6.4135435,106.7543527,https://maps.google.com/?cid=0x0:0x855dfa8ba39d6802
building materials,Toko Bahan Bangunan,Toko Sentra Bangunan,"Jl. Garuda No.7, Yuwanain, Arso II, Kabupaten Keerom, Papua 99468","Yuwanain, Arso II, Kabupaten Keerom",PAPUA,99468.0,Indonesia,81240505719.0,-2.9027275,140.7524692,https://maps.google.com/?cid=0x0:0x5a7a0ae632131e91
building materials,building materials,Papua 99467,"Distrik Waris, Kabupaten Keerom, Papua","Kabupaten Keerom, Papua",PAPUA,,Indonesia,,-3.1279268,140.8872648,https://maps.google.com/?cid=0x0:0xcde9330d1e08a4a3
building materials,Toko Bahan Bangunan,Toko Arso Bangunan,"Jl. Garuda No.17, D, Yuwanain, Kec. Arso, Kabupaten Keerom, Papua 99468","D, Yuwanain, Kec. Arso, Kabupaten Keerom",PAPUA,99468.0,Indonesia,82199906967.0,-2.9009028,140.7566149,https://maps.google.com/?cid=0x0:0xd6c7fd0a6c50c3ab
building materials,Toko Bahan Bangunan,Toko Arso Bangunan,"Jl. Garuda No.17, D, Yuwanain, Kec. Arso, Kabupaten Keerom, Papua 99468","D, Yuwanain, Kec. Arso, Kabupaten Keerom",PAPUA,99468.0,Indonesia,82199906967.0,-2.9009028,140.7566149,https://maps.google.com/?cid=0x0:0xd6c7fd0a6c50c3ab
building materials,building materials,Papua 99468,"Kabupaten Keerom, Papua","Kabupaten Keerom, Papua",PAPUA,,Indonesia,,-2.838126,140.7624493,https://maps.google.com/?cid=0x0:0xb18f169d1a15b8b6
building materials,Toko Bahan Bangunan,Toko Sentra Bangunan,"Jl. Garuda No.7, Yuwanain, Arso II, Kabupaten Keerom, Papua 99468","Yuwanain, Arso II, Kabupaten Keerom",PAPUA,99468.0,Indonesia,81240505719.0,-2.9027275,140.7524692,https://maps.google.com/?cid=0x0:0x5a7a0ae632131e91
building materials,Minimarket,KIOS SEJAHTERA,"Upt Arso X/Yaturaharja, Kec. Arso, Kabupaten Keerom, Papua 99468","Kec. Arso, Kabupaten Keerom",PAPUA,99468.0,Indonesia,,-2.8802618,140.7011781,https://maps.google.com/?cid=0x0:0xcead7600a2d6d90c
building materials,Toko Bahan Bangunan,Toko Bangunan Arso Jaya,"6Q35+6HV, Jl. Wijaya Kusuma, Arso I. / Sanggaria, Kec. Arso, Kabupaten Keerom, Papua 99468","Jl. Wijaya Kusuma, Arso I. / Sanggaria, Kec. Arso, Kabupaten Keerom",PAPUA,99468.0,Indonesia,85244068633.0,-2.7968972,140.7589213,https://maps.google.com/?cid=0x0:0x1bf911e0dc6cab7
building materials,Toko Perlengkapan Rumah,Toko Bangunan Alvi Jaya Indah,"4PFV+QH8, Asiaman, Kec. Arso, Kabupaten Keerom, Papua 99468","Asiaman, Kec. Arso, Kabupaten Keerom",PAPUA,99468.0,Indonesia,81231225453.0,-2.875585,140.74395,https://maps.google.com/?cid=0x0:0x4b6b4fd47483a8a6
building materials,Toko Bahan Bangunan,TB Makmur Jaya,"Jl. Garuda kam yuwanain, Kec. Arso, Kabupaten Keerom, Papua 99361","Kec. Arso, Kabupaten Keerom",PAPUA,99361.0,Indonesia,85211831980.0,-2.897803,140.763938,https://maps.google.com/?cid=0x0:0xc3d55026b5b47915
building materials,Toko Bahan Bangunan,Toko Bangunan Abadi Mandiri,"Jalan Poros Kakap Selatan, Jaifuri, Kec. Arso, Kabupaten Keerom, Papua 99468","Jaifuri, Kec. Arso, Kabupaten Keerom",PAPUA,99468.0,Indonesia,,-2.7865811,140.6195175,https://maps.google.com/?cid=0x0:0xae359660efbce11c
building materials,Toko Bahan Bangunan,Toko Matrial,"6M6V+94M, Upt Arso XII / Traimilyan, Kec. Skanto, Kabupaten Keerom, Papua 99468","Upt Arso XII / Traimilyan, Kec. Skanto, Kabupaten Keerom",PAPUA,99468.0,Indonesia,82198629954.0,-2.7890377,140.6928093,https://maps.google.com/?cid=0x0:0x6b5906f3c0f111b2
building materials,Pusat Perbelanjaan,Toko Bangunan Tugu Lawet 2,"4PHR+M7J, Asiaman, Kec. Arso, Kabupaten Keerom, Papua 99468","Asiaman, Kec. Arso, Kabupaten Keerom",PAPUA,99468.0,Indonesia,,-2.8707322,140.7405158,https://maps.google.com/?cid=0x0:0x8000d12040723a07
building materials,Toko Perlengkapan Rumah,"kios mitra(bangunan, dll)","4PHV+QV9, Asiaman, Kec. Arso, Kabupaten Keerom, Papua 99468","Asiaman, Kec. Arso, Kabupaten Keerom",PAPUA,99468.0,Indonesia,,-2.8705527,140.7453638,https://maps.google.com/?cid=0x0:0x9d79fbc97104de15
building materials,Toko Bahan Bangunan,Toko Baru Mas Joko,"6J7G+5J2, Jl. Protokol Arso III, Jaifuri, Skanto, Keerom Regency, Papua 99468","Jl. Protokol Arso III, Jaifuri, Skanto, Keerom Regency",PAPUA,99468.0,Indonesia,82381434019.0,-2.7871241,140.6265304,https://maps.google.com/?cid=0x0:0xb18b0b1958032137
building materials,Toko Bahan Bangunan,Toko Bangunan Maju Jaya,"6Q25+RQQ, Arso I. / Sanggaria, Kec. Arso, Kabupaten Keerom, Papua 99468","Arso I. / Sanggaria, Kec. Arso, Kabupaten Keerom",PAPUA,99468.0,Indonesia,,-2.7979166,140.7594907,https://maps.google.com/?cid=0x0:0x4ed40a11b7f4edcc
building materials,Toko Bahan Bangunan,Toko bangunan Arini Djaya,"Upt Arso IX / Intaimilyan, Kec. Skanto, Kabupaten Keerom, Papua 99468","Kec. Skanto, Kabupaten Keerom",PAPUA,99468.0,Indonesia,,-2.7845315,140.660086,https://maps.google.com/?cid=0x0:0x21397f5597e72b11
building materials,Kantor Pemerintah,Dinas Sosial Tenaga Kerja,"MQFM+6P3, JL. Trans Irian Arso Kota, Senggi, Kabupaten Keerom, Papua 99465","JL. Trans Irian Arso Kota, Senggi, Kabupaten Keerom",PAPUA,99465.0,Indonesia,967582850.0,-3.326986,140.784302,https://maps.google.com/?cid=0x0:0x5d08cae144c94270
building materials,building materials,Senggi,"Senggi, Kabupaten Keerom, Papua","Kabupaten Keerom, Papua",PAPUA,,Indonesia,,-3.444463,140.775696,https://maps.google.com/?cid=0x0:0x6ea1e22b49fe9674
building materials,,Bangunan Disnakertran Kab Keerom Senggi SP2,"HM2X+9QJ, Senggi, Kabupaten Keerom, Papua 99465","Senggi, Kabupaten Keerom",PAPUA,99465.0,Indonesia,,-3.4490404,140.699397,https://maps.google.com/?cid=0x0:0xd029319ee123c714
building materials,Toko Bahan Bangunan,toko bangunan Yep'Mum,"4Q38+6C4, Jl. Garuda, Arso Kota, Kec. Arso, Kabupaten Keerom, Papua 99468","Jl. Garuda, Arso Kota, Kec. Arso, Kabupaten Keerom",PAPUA,99468.0,Indonesia,85244664394.0,-2.8970308,140.7661616,https://maps.google.com/?cid=0x0:0x9649c22840d7e67e
building materials,Pusat Perbelanjaan,Toko Bangunan Tugu Lawet 2,"4PHR+M7J, Asiaman, Kec. Arso, Kabupaten Keerom, Papua 99468","Asiaman, Kec. Arso, Kabupaten Keerom",PAPUA,99468.0,Indonesia,,-2.8707322,140.7405158,https://maps.google.com/?cid=0x0:0x8000d12040723a07
building materials,Toko Bahan Bangunan,Toko Arso Bangunan,"Jl. Garuda No.17, D, Yuwanain, Kec. Arso, Kabupaten Keerom, Papua 99468","D, Yuwanain, Kec. Arso, Kabupaten Keerom",PAPUA,99468.0,Indonesia,82199906967.0,-2.9009028,140.7566149,https://maps.google.com/?cid=0x0:0xd6c7fd0a6c50c3ab
building materials,building materials,Kec. Tebet,"Kota Jakarta Selatan, Daerah Khusus Ibukota Jakarta","Kota Jakarta Selatan, Daerah Khusus Ibukota Jakarta",PAPUA,,Indonesia,,-6.2251223,106.8549881,https://maps.google.com/?cid=0x0:0xd575e31c807295f9
building materials,Toko Bahan Bangunan,Building Material,"Jalan Raya Bogor KM 41.5 Mitra 10, Kec. Cibinong, Kabupaten Bogor, Jawa Barat","Kabupaten Bogor, Jawa Barat",PAPUA,,Indonesia,8888553230.0,-6.4611293,106.8578126,https://maps.google.com/?cid=0x0:0xdf26c1dd6cf56797
building materials,Toko Bahan Bangunan,Solusi Bangunan,"Ruko Villa Melati Mas Blok B 10 No.47, Jelupang, Kec. Serpong Utara, Kota Tangerang Selatan, Banten 15310","Jelupang, Kec. Serpong Utara, Kota Tangerang Selatan",PAPUA,15310.0,Indonesia,81318813318.0,-6.2676345,106.6553113,https://maps.google.com/?cid=0x0:0x4c6d2edfd5db3555
building materials,building materials,Papua 99466,"Kabupaten Keerom, Papua","Kabupaten Keerom, Papua",PAPUA,,Indonesia,,-3.6008739,140.7624493,https://maps.google.com/?cid=0x0:0x68d0783d81283fe1
building materials,Toko Bahan Bangunan,Building Material Products,"Jl. Palem Raya No.43-44, Perumnas 1, Kec. Karawaci, Kota Tangerang, Banten 15138","Perumnas 1, Kec. Karawaci, Kota Tangerang",PAPUA,15138.0,Indonesia,82114914664.0,-6.2092197,106.6087661,https://maps.google.com/?cid=0x0:0x6268f8ae07bf7725
building materials,building materials,construction material,,,PAPUA,,Indonesia,81238985168.0,-6.1489555,106.7874549,https://maps.google.com/?cid=0x0:0x8028466b27d738a4
building materials,Toko Bahan Bangunan,Toko Baru Mas Joko,"6J7G+5J2, Jl. Protokol Arso III, Jaifuri, Skanto, Keerom Regency, Papua 99468","Jl. Protokol Arso III, Jaifuri, Skanto, Keerom Regency",PAPUA,99468.0,Indonesia,82381434019.0,-2.7871241,140.6265304,https://maps.google.com/?cid=0x0:0xb18b0b1958032137
building materials,Toko Bahan Bangunan,Toko Bangunan Faza 99 Arso4,"6H9Q+6GQ, Arsopura, Kec. Skanto, Kabupaten Keerom, Papua 99469","Arsopura, Kec. Skanto, Kabupaten Keerom",PAPUA,99469.0,Indonesia,,-2.7819024,140.5888703,https://maps.google.com/?cid=0x0:0x609c726485426068
building materials,building materials,Papua 99469,Papua,Papua,PAPUA,,Indonesia,,-2.950166,140.4308159,https://maps.google.com/?cid=0x0:0xbc565fc539165f0b
building materials,Toko Bahan Bangunan,Toko Bangunan Abadi Mandiri,"Jalan Poros Kakap Selatan, Jaifuri, Kec. Arso, Kabupaten Keerom, Papua 99468","Jaifuri, Kec. Arso, Kabupaten Keerom",PAPUA,99468.0,Indonesia,,-2.7865811,140.6195175,https://maps.google.com/?cid=0x0:0xae359660efbce11c
building materials,Toko Bahan Bangunan,Toko Sentra Bangunan,"Jl. Garuda No.7, Yuwanain, Arso II, Kabupaten Keerom, Papua 99468","Yuwanain, Arso II, Kabupaten Keerom",PAPUA,99468.0,Indonesia,81240505719.0,-2.9027275,140.7524692,https://maps.google.com/?cid=0x0:0x5a7a0ae632131e91
building materials,Toko Bahan Bangunan,Toko Arso Bangunan,"Jl. Garuda No.17, D, Yuwanain, Kec. Arso, Kabupaten Keerom, Papua 99468","D, Yuwanain, Kec. Arso, Kabupaten Keerom",PAPUA,99468.0,Indonesia,82199906967.0,-2.9009028,140.7566149,https://maps.google.com/?cid=0x0:0xd6c7fd0a6c50c3ab
building materials,Pasar bahan bangunan,Pt. Anugerah Maha Karya AMK sentani,"Sentani Kota, Kec. Sentani, Kabupaten Jayapura, Papua 99359","Kec. Sentani, Kabupaten Jayapura",PAPUA,99359.0,Indonesia,81343391039.0,-2.57202,140.5370025,https://maps.google.com/?cid=0x0:0x306a8e889f6da330
building materials,Toko Bahan Bangunan,Toko Sinar Abadi,"Jl Yahim - Pertigaan Komba, Pasar lama, Dobonsolo, Sentani, Jayapura Regency, Papua 99359","Pasar lama, Dobonsolo, Sentani, Jayapura Regency",PAPUA,99359.0,Indonesia,83169724040.0,-2.571373,140.504457,https://maps.google.com/?cid=0x0:0x269ccc3b2d9a6fd7
building materials,Toko Bahan Bangunan,Sahabat,"CGJC+QWX, Jalan Raya Flavouw,hawaii, Sentani Kota, Kec. Sentani, Kabupaten Jayapura, Papua 99352","Jalan Raya Flavouw,hawaii, Sentani Kota, Kec. Sentani, Kabupaten Jayapura",PAPUA,99352.0,Indonesia,,-2.5680037,140.5223444,https://maps.google.com/?cid=0x0:0x23039cc2f6ceb26c
building materials,Toko Bahan Bangunan,Toko Sinar Sentani,"Samping Bank BRI Pos 7, Jl. Pos 7, Sentani Kota, Kec. Sentani, Kabupaten Jayapura, Papua 99352","Jl. Pos 7, Sentani Kota, Kec. Sentani, Kabupaten Jayapura",PAPUA,99352.0,Indonesia,81248616677.0,-2.564771,140.5081382,https://maps.google.com/?cid=0x0:0x686f0d2541cc857b
building materials,Toko Bahan Bangunan,Supermarket Multi Bangunan,"Jl Baru No.98, Wai Mhorock, Abepura, Jayapura City, Papua 99225","Wai Mhorock, Abepura, Jayapura City",PAPUA,99225.0,Indonesia,967588677.0,-2.6077336,140.6742812,https://maps.google.com/?cid=0x0:0x3b19f301c68f1d6f
building materials,Toko Bahan Bangunan,Padma Bangunan,"Wai Mhorock, Kec. Abepura, Kota Jayapura, Papua 99225","Kec. Abepura, Kota Jayapura",PAPUA,99225.0,Indonesia,9675180108.0,-2.6096427,140.6725314,https://maps.google.com/?cid=0x0:0x908e38e219cfc28
building materials,Kantor Perusahaan,Toko Sinar Anugerah,"Wai Mhorock, Kec. Abepura, Kota Jayapura, Papua 99225","Kec. Abepura, Kota Jayapura",PAPUA,99225.0,Indonesia,81248085311.0,-2.6012604,140.6755144,https://maps.google.com/?cid=0x0:0x325359c71c11bf1c
building materials,building materials,Gudang PT Anugerah Baja Bangunan (PT.ABB),"Jl. Pasir No.57, Sentani Kota, Kec. Sentani, Kabupaten Jayapura, Papua 99359","Sentani Kota, Kec. Sentani, Kabupaten Jayapura",PAPUA,99359.0,Indonesia,,-2.5701116,140.521546,https://maps.google.com/?cid=0x0:0x98175e54bc024e46
building materials,Toko Bahan Bangunan,Toko Arso Bangunan,"Jl. Garuda No.17, D, Yuwanain, Kec. Arso, Kabupaten Keerom, Papua 99468","D, Yuwanain, Kec. Arso, Kabupaten Keerom",PAPUA,99468.0,Indonesia,82199906967.0,-2.9009028,140.7566149,https://maps.google.com/?cid=0x0:0xd6c7fd0a6c50c3ab
building materials,Toko Bahan Bangunan,toko bangunan Yep'Mum,"4Q38+6C4, Jl. Garuda, Arso Kota, Kec. Arso, Kabupaten Keerom, Papua 99468","Jl. Garuda, Arso Kota, Kec. Arso, Kabupaten Keerom",PAPUA,99468.0,Indonesia,85244664394.0,-2.8970308,140.7661616,https://maps.google.com/?cid=0x0:0x9649c22840d7e67e
building materials,building materials,Arso Tim.,"Kabupaten Keerom, Papua","Kabupaten Keerom, Papua",PAPUA,,Indonesia,,-2.9996892,140.8239949,https://maps.google.com/?cid=0x0:0xae3aa9f54982454a
building materials,Toko Bahan Bangunan,TB Makmur Jaya,"Jl. Garuda kam yuwanain, Kec. Arso, Kabupaten Keerom, Papua 99361","Kec. Arso, Kabupaten Keerom",PAPUA,99361.0,Indonesia,85211831980.0,-2.897803,140.763938,https://maps.google.com/?cid=0x0:0xc3d55026b5b47915
building materials,Minimarket,KIOS SEJAHTERA,"Upt Arso X/Yaturaharja, Kec. Arso, Kabupaten Keerom, Papua 99468","Kec. Arso, Kabupaten Keerom",PAPUA,99468.0,Indonesia,,-2.8802618,140.7011781,https://maps.google.com/?cid=0x0:0xcead7600a2d6d90c
building materials,Toko Perlengkapan Rumah,Toko Bangunan Alvi Jaya Indah,"4PFV+QH8, Asiaman, Kec. Arso, Kabupaten Keerom, Papua 99468","Asiaman, Kec. Arso, Kabupaten Keerom",PAPUA,99468.0,Indonesia,81231225453.0,-2.875585,140.74395,https://maps.google.com/?cid=0x0:0x4b6b4fd47483a8a6
building materials,Toko Perlengkapan Rumah,MR.DIY,"Jl. Garuda, II, Yuwanaim, Kec. Arso, Kabupaten Keerom, Papua 99468","II, Yuwanaim, Kec. Arso, Kabupaten Keerom",PAPUA,99468.0,Indonesia,,-2.899855,140.761209,https://maps.google.com/?cid=0x0:0x3f66832f3e91d378
building materials,Toko Bahan Bangunan,Toko Bangunan Tugu Lawet,"4Q26+65X, Jl. Garuda, Yuwanaim, Kec. Arso, Kabupaten Keerom, Papua 99468","Jl. Garuda, Yuwanaim, Kec. Arso, Kabupaten Keerom",PAPUA,99468.0,Indonesia,,-2.8993798,140.7604978,https://maps.google.com/?cid=0x0:0xd24eb915c165bc9
building materials,Toko Perlengkapan Rumah,"kios mitra(bangunan, dll)","4PHV+QV9, Asiaman, Kec. Arso, Kabupaten Keerom, Papua 99468","Asiaman, Kec. Arso, Kabupaten Keerom",PAPUA,99468.0,Indonesia,,-2.8705527,140.7453638,https://maps.google.com/?cid=0x0:0x9d79fbc97104de15
building materials,Pusat Perbelanjaan,Toko Bangunan Tugu Lawet 2,"4PHR+M7J, Asiaman, Kec. Arso, Kabupaten Keerom, Papua 99468","Asiaman, Kec. Arso, Kabupaten Keerom",PAPUA,99468.0,Indonesia,,-2.8707322,140.7405158,https://maps.google.com/?cid=0x0:0x8000d12040723a07
building materials,Toko Bahan Bangunan,Toko Matrial,"6M6V+94M, Upt Arso XII / Traimilyan, Kec. Skanto, Kabupaten Keerom, Papua 99468","Upt Arso XII / Traimilyan, Kec. Skanto, Kabupaten Keerom",PAPUA,99468.0,Indonesia,82198629954.0,-2.7890377,140.6928093,https://maps.google.com/?cid=0x0:0x6b5906f3c0f111b2
building materials,Toko Bahan Bangunan,Toko Bangunan Arso Jaya,"6Q35+6HV, Jl. Wijaya Kusuma, Arso I. / Sanggaria, Kec. Arso, Kabupaten Keerom, Papua 99468","Jl. Wijaya Kusuma, Arso I. / Sanggaria, Kec. Arso, Kabupaten Keerom",PAPUA,99468.0,Indonesia,85244068633.0,-2.7968972,140.7589213,https://maps.google.com/?cid=0x0:0x1bf911e0dc6cab7
building materials,Toko Bahan Bangunan,Toko Bangunan Karunia Jaya Abadi,"4PCV+PQW, Asiaman, Kec. Arso, Kabupaten Keerom, Papua 99468","Asiaman, Kec. Arso, Kabupaten Keerom",PAPUA,99468.0,Indonesia,82238365051.0,-2.8781414,140.7444425,https://maps.google.com/?cid=0x0:0xe5cd3a535bf4a26b
building materials,Toko Bahan Bangunan,Toko Bangunan Maju Jaya,"6Q25+RQQ, Arso I. / Sanggaria, Kec. Arso, Kabupaten Keerom, Papua 99468","Arso I. / Sanggaria, Kec. Arso, Kabupaten Keerom",PAPUA,99468.0,Indonesia,,-2.7979166,140.7594907,https://maps.google.com/?cid=0x0:0x4ed40a11b7f4edcc
building materials,Toko Bahan Bangunan,toko bangunan Yep'Mum,"4Q38+6C4, Jl. Garuda, Arso Kota, Kec. Arso, Kabupaten Keerom, Papua 99468","Jl. Garuda, Arso Kota, Kec. Arso, Kabupaten Keerom",PAPUA,99468.0,Indonesia,85244664394.0,-2.8970308,140.7661616,https://maps.google.com/?cid=0x0:0x9649c22840d7e67e
building materials,Toko Bahan Bangunan,Toko Sentra Bangunan,"Jl. Garuda No.7, Yuwanain, Arso II, Kabupaten Keerom, Papua 99468","Yuwanain, Arso II, Kabupaten Keerom",PAPUA,99468.0,Indonesia,81240505719.0,-2.9027275,140.7524692,https://maps.google.com/?cid=0x0:0x5a7a0ae632131e91
building materials,building materials,Papua 99466,"Kabupaten Keerom, Papua","Kabupaten Keerom, Papua",PAPUA,,Indonesia,,-3.6008739,140.7624493,https://maps.google.com/?cid=0x0:0x68d0783d81283fe1
building materials,Toko Bahan Bangunan,Toko Arso Bangunan,"Jl. Garuda No.17, D, Yuwanain, Kec. Arso, Kabupaten Keerom, Papua 99468","D, Yuwanain, Kec. Arso, Kabupaten Keerom",PAPUA,99468.0,Indonesia,82199906967.0,-2.9009028,140.7566149,https://maps.google.com/?cid=0x0:0xd6c7fd0a6c50c3ab
building materials,Toko Bahan Bangunan,Tiptore Building Material,"Jl. Poros Kuda Mati, Klp. Lima, Kec. Merauke, Kabupaten Merauke, Papua 99616","Klp. Lima, Kec. Merauke, Kabupaten Merauke",PAPUA,99616.0,Indonesia,82293657714.0,-8.5061763,140.4257632,https://maps.google.com/?cid=0x0:0xbf132c61e5517b30
building materials,Pusat Perbelanjaan,Toko Bangunan Tugu Lawet 2,"4PHR+M7J, Asiaman, Kec. Arso, Kabupaten Keerom, Papua 99468","Asiaman, Kec. Arso, Kabupaten Keerom",PAPUA,99468.0,Indonesia,,-2.8707322,140.7405158,https://maps.google.com/?cid=0x0:0x8000d12040723a07
building materials,Toko Perlengkapan Rumah,"kios mitra(bangunan, dll)","4PHV+QV9, Asiaman, Kec. Arso, Kabupaten Keerom, Papua 99468","Asiaman, Kec. Arso, Kabupaten Keerom",PAPUA,99468.0,Indonesia,,-2.8705527,140.7453638,https://maps.google.com/?cid=0x0:0x9d79fbc97104de15
building materials,Toko Bahan Bangunan,Toko Bangunan Tetus Papua,"CVFF+528, Jl. Budi Utomo, Nawaripi, Kec. Mimika Baru, Kabupaten Mimika, Papua","Kabupaten Mimika, Papua",PAPUA,,Indonesia,81344834492.0,-4.577093,136.8725648,https://maps.google.com/?cid=0x0:0x70179859b1a22306
building materials,Toko Bahan Bangunan,Toko Bangunan Abadi Mandiri,"Jalan Poros Kakap Selatan, Jaifuri, Kec. Arso, Kabupaten Keerom, Papua 99468","Jaifuri, Kec. Arso, Kabupaten Keerom",PAPUA,99468.0,Indonesia,,-2.7865811,140.6195175,https://maps.google.com/?cid=0x0:0xae359660efbce11c
building materials,Toko Bahan Bangunan,Toko Bangunan Tugu Lawet,"4Q26+65X, Jl. Garuda, Yuwanaim, Kec. Arso, Kabupaten Keerom, Papua 99468","Jl. Garuda, Yuwanaim, Kec. Arso, Kabupaten Keerom",PAPUA,99468.0,Indonesia,,-2.8993798,140.7604978,https://maps.google.com/?cid=0x0:0xd24eb915c165bc9
building materials,Toko Bahan Bangunan,Material,"DPN Perkasa, Menara 165, Jl. TB Simatupang No.Kav.1 Lantai 4, Cilandak Tim., Ps. Minggu, Kota Jakarta Selatan, Daerah Khusus Ibukota Jakarta 12560","Menara 165, Jl. TB Simatupang No.Kav.1 Lantai 4, Cilandak Tim., Ps. Minggu, Kota Jakarta Selatan",PAPUA,12560.0,Indonesia,81280250204.0,-6.2919797,106.8097858,https://maps.google.com/?cid=0x0:0x5d2ed7a1cd6a8387
building materials,Toko Bahan Bangunan,Building Material,"Jalan Raya Bogor KM 41.5 Mitra 10, Kec. Cibinong, Kabupaten Bogor, Jawa Barat","Kabupaten Bogor, Jawa Barat",PAPUA,,Indonesia,8888553230.0,-6.4611293,106.8578126,https://maps.google.com/?cid=0x0:0xdf26c1dd6cf56797
hardware store,hardware store,Papua 99467,"Distrik Waris, Kabupaten Keerom, Papua","Kabupaten Keerom, Papua",PAPUA,,Indonesia,,-3.1279268,140.8872648,https://maps.google.com/?cid=0x0:0xcde9330d1e08a4a3
hardware store,Toko Bahan Bangunan,Toko Sentra Bangunan,"Jl. Garuda No.7, Yuwanain, Arso II, Kabupaten Keerom, Papua 99468","Yuwanain, Arso II, Kabupaten Keerom",PAPUA,99468.0,Indonesia,81240505719.0,-2.9027275,140.7524692,https://maps.google.com/?cid=0x0:0x5a7a0ae632131e91
hardware store,Toko Bahan Bangunan,Toko Arso Bangunan,"Jl. Garuda No.17, D, Yuwanain, Kec. Arso, Kabupaten Keerom, Papua 99468","D, Yuwanain, Kec. Arso, Kabupaten Keerom",PAPUA,99468.0,Indonesia,82199906967.0,-2.9009028,140.7566149,https://maps.google.com/?cid=0x0:0xd6c7fd0a6c50c3ab
hardware store,Toko Bahan Bangunan,Abdul Basir Iron Hardware Store,"53W2+XRJ, Madina Market, Shaheedan Bazar Rd, Shaheedan Bazar, Mardan, 23200, Pakistan","Madina Market, Shaheedan Bazar Rd, Shaheedan Bazar, Mardan,",PAPUA,23200.0,Indonesia,923009052060.0,34.197468,72.0520085,https://maps.google.com/?cid=0x0:0x8375576eed0e5f8b
hardware store,Minimarket,KIOS SEJAHTERA,"Upt Arso X/Yaturaharja, Kec. Arso, Kabupaten Keerom, Papua 99468","Kec. Arso, Kabupaten Keerom",PAPUA,99468.0,Indonesia,,-2.8802618,140.7011781,https://maps.google.com/?cid=0x0:0xcead7600a2d6d90c
hardware store,hardware store,Papua 99468,"Kabupaten Keerom, Papua","Kabupaten Keerom, Papua",PAPUA,,Indonesia,,-2.838126,140.7624493,https://maps.google.com/?cid=0x0:0xb18f169d1a15b8b6
hardware store,Toko Bahan Bangunan,TB Makmur Jaya,"Jl. Garuda kam yuwanain, Kec. Arso, Kabupaten Keerom, Papua 99361","Kec. Arso, Kabupaten Keerom",PAPUA,99361.0,Indonesia,85211831980.0,-2.897803,140.763938,https://maps.google.com/?cid=0x0:0xc3d55026b5b47915
hardware store,Toko Bahan Bangunan,toko bangunan Yep'Mum,"4Q38+6C4, Jl. Garuda, Arso Kota, Kec. Arso, Kabupaten Keerom, Papua 99468","Jl. Garuda, Arso Kota, Kec. Arso, Kabupaten Keerom",PAPUA,99468.0,Indonesia,85244664394.0,-2.8970308,140.7661616,https://maps.google.com/?cid=0x0:0x9649c22840d7e67e
hardware store,Toko Bahan Bangunan,Toko Bangunan Arso Jaya,"6Q35+6HV, Jl. Wijaya Kusuma, Arso I. / Sanggaria, Kec. Arso, Kabupaten Keerom, Papua 99468","Jl. Wijaya Kusuma, Arso I. / Sanggaria, Kec. Arso, Kabupaten Keerom",PAPUA,99468.0,Indonesia,85244068633.0,-2.7968972,140.7589213,https://maps.google.com/?cid=0x0:0x1bf911e0dc6cab7
hardware store,Toko Bahan Bangunan,Toko Sentra Bangunan,"Jl. Garuda No.7, Yuwanain, Arso II, Kabupaten Keerom, Papua 99468","Yuwanain, Arso II, Kabupaten Keerom",PAPUA,99468.0,Indonesia,81240505719.0,-2.9027275,140.7524692,https://maps.google.com/?cid=0x0:0x5a7a0ae632131e91
hardware store,Toko Elektronik,Happy Elektronik Arso 10,"Upt Arso X/Yaturaharja, Kec. Arso, Kabupaten Keerom, Papua 99468","Kec. Arso, Kabupaten Keerom",PAPUA,99468.0,Indonesia,85343431236.0,-2.8805498,140.6976881,https://maps.google.com/?cid=0x0:0xb3c55501716a70db
hardware store,Toko Perlengkapan Rumah,MR.DIY,"Jl. Garuda, II, Yuwanaim, Kec. Arso, Kabupaten Keerom, Papua 99468","II, Yuwanaim, Kec. Arso, Kabupaten Keerom",PAPUA,99468.0,Indonesia,,-2.899855,140.761209,https://maps.google.com/?cid=0x0:0x3f66832f3e91d378
hardware store,Toko Elektronik,Papua Jaya Elektronik,"Yuwanaim, Kec. Arso, Kabupaten Keerom, Papua 99468","Kec. Arso, Kabupaten Keerom",PAPUA,99468.0,Indonesia,82225397660.0,-2.9033472,140.749996,https://maps.google.com/?cid=0x0:0x69a11346cb6c6cd7
hardware store,Toko Elektronik,TOKO SERBA ANEKA ELEKTRONIK,"Jl. Garuda, Yuwanaim, Kec. Arso, Kabupaten Keerom, Papua 99468","Yuwanaim, Kec. Arso, Kabupaten Keerom",PAPUA,99468.0,Indonesia,82248114312.0,-2.9020026,140.7539804,https://maps.google.com/?cid=0x0:0xf541e049812fca2d
hardware store,Toko,UD. Gembira jaya,"Jl. Irian 7, Upt Arso VIII / Dukwia, Kec. Arso, Kabupaten Keerom, Papua 99351","Upt Arso VIII / Dukwia, Kec. Arso, Kabupaten Keerom",PAPUA,99351.0,Indonesia,,-2.8210209,140.7072255,https://maps.google.com/?cid=0x0:0x543c604d85bb7a3
hardware store,Toko Bahan Bangunan,Toko mitra elektronik,"4PHV+M6V, Jalan bhayangkara, Asiaman, Kec. Arso, Kabupaten Keerom, Papua 99468","Jalan bhayangkara, Asiaman, Kec. Arso, Kabupaten Keerom",PAPUA,99468.0,Indonesia,82239165900.0,-2.8707548,140.7430453,https://maps.google.com/?cid=0x0:0x6e738f2b60d17d0a
hardware store,Toko Elektronik,TOKO SOGO ELEKTRONIK,"3QX4+QXM, Jl. Garuda, Yuwanaim, Kec. Arso, Kabupaten Keerom, Papua 99468","Jl. Garuda, Yuwanaim, Kec. Arso, Kabupaten Keerom",PAPUA,99468.0,Indonesia,81344538283.0,-2.9005289,140.7574371,https://maps.google.com/?cid=0x0:0xe045110e2ae20939
hardware store,hardware store,SPX Express Arso Hub,"Jl. Trans Papua, Kampung Asyaman, Kec. Arso, Kabupaten Keerom, Papua 99468","Kampung Asyaman, Kec. Arso, Kabupaten Keerom",PAPUA,99468.0,Indonesia,,-2.8672497,140.8586633,https://maps.google.com/?cid=0x0:0xdfc660d0dbaa0f52
hardware store,hardware store,Senggi,"Senggi, Kabupaten Keerom, Papua","Kabupaten Keerom, Papua",PAPUA,,Indonesia,,-3.444463,140.775696,https://maps.google.com/?cid=0x0:0x6ea1e22b49fe9674
hardware store,Toko Bahan Bangunan,Syarikat Seng Fung Hardware,"Jalan Penampang, 88300 Kota Kinabalu, Sabah, Malaysia",Kota Kinabalu,PAPUA,88300.0,Indonesia,6088712731.0,5.9326901,116.0771484,https://maps.google.com/?cid=0x0:0x5aac4e70b5405a6b
hardware store,hardware store,Papua 99465,"Kabupaten Keerom, Papua","Kabupaten Keerom, Papua",PAPUA,,Indonesia,,-3.4562728,140.4308159,https://maps.google.com/?cid=0x0:0x4fb95cd4e6319cd3
hardware store,hardware store,Papua 99466,"Kabupaten Keerom, Papua","Kabupaten Keerom, Papua",PAPUA,,Indonesia,,-3.6008739,140.7624493,https://maps.google.com/?cid=0x0:0x68d0783d81283fe1
hardware store,hardware store,Papua 99469,Papua,Papua,PAPUA,,Indonesia,,-2.950166,140.4308159,https://maps.google.com/?cid=0x0:0xbc565fc539165f0b
hardware store,Minimarket,KIOS SEJAHTERA,"Upt Arso X/Yaturaharja, Kec. Arso, Kabupaten Keerom, Papua 99468","Kec. Arso, Kabupaten Keerom",PAPUA,99468.0,Indonesia,,-2.8802618,140.7011781,https://maps.google.com/?cid=0x0:0xcead7600a2d6d90c
hardware store,Toko Bahan Bangunan,Toko Bangunan Faza 99 Arso4,"6H9Q+6GQ, Arsopura, Kec. Skanto, Kabupaten Keerom, Papua 99469","Arsopura, Kec. Skanto, Kabupaten Keerom",PAPUA,99469.0,Indonesia,,-2.7819024,140.5888703,https://maps.google.com/?cid=0x0:0x609c726485426068
hardware store,Toko Bahan Bangunan,Toko Sinar Abadi,"Jl Yahim - Pertigaan Komba, Pasar lama, Dobonsolo, Sentani, Jayapura Regency, Papua 99359","Pasar lama, Dobonsolo, Sentani, Jayapura Regency",PAPUA,99359.0,Indonesia,83169724040.0,-2.571373,140.504457,https://maps.google.com/?cid=0x0:0x269ccc3b2d9a6fd7
hardware store,Toko Elektronik,Kelana Motor Arso 3,"6J7F+69M, Jl. Poros, Jaifuri, Kec. Skanto, Kabupaten Keerom, Papua 99468","Jl. Poros, Jaifuri, Kec. Skanto, Kabupaten Keerom",PAPUA,99468.0,Indonesia,,-2.7869202,140.6234333,https://maps.google.com/?cid=0x0:0xd401875c0c381f83
hardware store,Toko Bahan Bangunan,Toko Baru Mas Joko,"6J7G+5J2, Jl. Protokol Arso III, Jaifuri, Skanto, Keerom Regency, Papua 99468","Jl. Protokol Arso III, Jaifuri, Skanto, Keerom Regency",PAPUA,99468.0,Indonesia,82381434019.0,-2.7871241,140.6265304,https://maps.google.com/?cid=0x0:0xb18b0b1958032137
hardware store,Toko Bahan Bangunan,Toko Sentra Bangunan,"Jl. Garuda No.7, Yuwanain, Arso II, Kabupaten Keerom, Papua 99468","Yuwanain, Arso II, Kabupaten Keerom",PAPUA,99468.0,Indonesia,81240505719.0,-2.9027275,140.7524692,https://maps.google.com/?cid=0x0:0x5a7a0ae632131e91
hardware store,Toko Bahan Bangunan,Toko POWER,"9MQ6+JQ6, Kota Baru, Kec. Abepura, Kota Jayapura, Papua 99351","Kota Baru, Kec. Abepura, Kota Jayapura",PAPUA,99351.0,Indonesia,967585293.0,-2.6109566,140.6618948,https://maps.google.com/?cid=0x0:0xfd7552a1cd201463
hardware store,Toko Bahan Bangunan,Toko bahan bangunan WIKA JAYA,"CJ4H+98P, Jl. Raya Sentani - Waena, Kp. Waena, Kec. Heram, Kota Jayapura, Papua 99351","Jl. Raya Sentani - Waena, Kp. Waena, Kec. Heram, Kota Jayapura",PAPUA,99351.0,Indonesia,,-2.5940232,140.628437,https://maps.google.com/?cid=0x0:0x7899e90c91cb28fb
hardware store,Toko Bahan Bangunan,Supermarket Multi Bangunan,"Jl Baru No.98, Wai Mhorock, Abepura, Jayapura City, Papua 99225","Wai Mhorock, Abepura, Jayapura City",PAPUA,99225.0,Indonesia,967588677.0,-2.6077336,140.6742812,https://maps.google.com/?cid=0x0:0x3b19f301c68f1d6f
hardware store,Toko Bahan Bangunan,Toko sahabat bangunan,"Jl. Baru Ps. Lama Abepura No.313, Wai Mhorock, Kec. Abepura, Kota Jayapura, Papua 99225","Wai Mhorock, Kec. Abepura, Kota Jayapura",PAPUA,99225.0,Indonesia,9675185729.0,-2.6092267,140.6732922,https://maps.google.com/?cid=0x0:0xcaeb86475b6967fe
hardware store,Toko Bahan Bangunan,Sahabat,"CGJC+QWX, Jalan Raya Flavouw,hawaii, Sentani Kota, Kec. Sentani, Kabupaten Jayapura, Papua 99352","Jalan Raya Flavouw,hawaii, Sentani Kota, Kec. Sentani, Kabupaten Jayapura",PAPUA,99352.0,Indonesia,,-2.5680037,140.5223444,https://maps.google.com/?cid=0x0:0x23039cc2f6ceb26c
hardware store,Toko Bahan Bangunan,Jaya Abadi,"Jl. Raya Doyo Baru, Doyo Baru, Distrik Waibu, Kabupaten Jayapura, Papua 99352","Doyo Baru, Distrik Waibu, Kabupaten Jayapura",PAPUA,99352.0,Indonesia,82198308599.0,-2.5459101,140.4729982,https://maps.google.com/?cid=0x0:0x415bc7613371d95c
hardware store,Toko Bahan Bangunan,Toko Bangunan KOHOIN,"CJ3M+9P8, Jl. Raya Waena Sentani, Kp. Waena, Kec. Heram, Kota Jayapura, Papua 99351","Jl. Raya Waena Sentani, Kp. Waena, Kec. Heram, Kota Jayapura",PAPUA,99351.0,Indonesia,,-2.5965901,140.6343224,https://maps.google.com/?cid=0x0:0x40a996330a565835
hardware store,Toko Bahan Bangunan,Toko Arso Bangunan,"Jl. Garuda No.17, D, Yuwanain, Kec. Arso, Kabupaten Keerom, Papua 99468","D, Yuwanain, Kec. Arso, Kabupaten Keerom",PAPUA,99468.0,Indonesia,82199906967.0,-2.9009028,140.7566149,https://maps.google.com/?cid=0x0:0xd6c7fd0a6c50c3ab
hardware store,hardware store,Arso Tim.,"Kabupaten Keerom, Papua","Kabupaten Keerom, Papua",PAPUA,,Indonesia,,-2.9996892,140.8239949,https://maps.google.com/?cid=0x0:0xae3aa9f54982454a
hardware store,Toko Bahan Bangunan,TB Makmur Jaya,"Jl. Garuda kam yuwanain, Kec. Arso, Kabupaten Keerom, Papua 99361","Kec. Arso, Kabupaten Keerom",PAPUA,99361.0,Indonesia,85211831980.0,-2.897803,140.763938,https://maps.google.com/?cid=0x0:0xc3d55026b5b47915
hardware store,Toko Bahan Bangunan,toko bangunan Yep'Mum,"4Q38+6C4, Jl. Garuda, Arso Kota, Kec. Arso, Kabupaten Keerom, Papua 99468","Jl. Garuda, Arso Kota, Kec. Arso, Kabupaten Keerom",PAPUA,99468.0,Indonesia,85244664394.0,-2.8970308,140.7661616,https://maps.google.com/?cid=0x0:0x9649c22840d7e67e
hardware store,Toko Perlengkapan Rumah,MR.DIY,"Jl. Garuda, II, Yuwanaim, Kec. Arso, Kabupaten Keerom, Papua 99468","II, Yuwanaim, Kec. Arso, Kabupaten Keerom",PAPUA,99468.0,Indonesia,,-2.899855,140.761209,https://maps.google.com/?cid=0x0:0x3f66832f3e91d378
hardware store,Toko Bahan Bangunan,Toko Sentra Bangunan,"Jl. Garuda No.7, Yuwanain, Arso II, Kabupaten Keerom, Papua 99468","Yuwanain, Arso II, Kabupaten Keerom",PAPUA,99468.0,Indonesia,81240505719.0,-2.9027275,140.7524692,https://maps.google.com/?cid=0x0:0x5a7a0ae632131e91
hardware store,Keselamatan dan Kesehatan Karyawan,PT. KALSA Triapsara Utama,"Jalan Boulevard Kota Wisata, Ruko Sentra Eropa Blok SE A/24 Kota Wisata, Cibubur, Ciangsana, Kec. Gn. Putri, Kabupaten Bogor, Jawa Barat 16967","Ruko Sentra Eropa Blok SE A/24 Kota Wisata, Cibubur, Ciangsana, Kec. Gn. Putri, Kabupaten Bogor",PAPUA,16967.0,Indonesia,2184941148.0,-6.3707668,106.9573536,https://maps.google.com/?cid=0x0:0x1221fd6f3a24d0d9
hardware store,Toko Bahan Bangunan,Toko Bangunan Tugu Lawet,"4Q26+65X, Jl. Garuda, Yuwanaim, Kec. Arso, Kabupaten Keerom, Papua 99468","Jl. Garuda, Yuwanaim, Kec. Arso, Kabupaten Keerom",PAPUA,99468.0,Indonesia,,-2.8993798,140.7604978,https://maps.google.com/?cid=0x0:0xd24eb915c165bc9
hardware store,Pusat Perbelanjaan,Toko Bangunan Tugu Lawet 2,"4PHR+M7J, Asiaman, Kec. Arso, Kabupaten Keerom, Papua 99468","Asiaman, Kec. Arso, Kabupaten Keerom",PAPUA,99468.0,Indonesia,,-2.8707322,140.7405158,https://maps.google.com/?cid=0x0:0x8000d12040723a07
supermarket bangunan,Toko Bahan Bangunan,Toko Sentra Bangunan,"Jl. Garuda No.7, Yuwanain, Arso II, Kabupaten Keerom, Papua 99468","Yuwanain, Arso II, Kabupaten Keerom",PAPUA,99468.0,Indonesia,81240505719.0,-2.9027275,140.7524692,https://maps.google.com/?cid=0x0:0x5a7a0ae632131e91
supermarket bangunan,Toko Bahan Bangunan,Toko Arso Bangunan,"Jl. Garuda No.17, D, Yuwanain, Kec. Arso, Kabupaten Keerom, Papua 99468","D, Yuwanain, Kec. Arso, Kabupaten Keerom",PAPUA,99468.0,Indonesia,82199906967.0,-2.9009028,140.7566149,https://maps.google.com/?cid=0x0:0xd6c7fd0a6c50c3ab
supermarket bangunan,Pemasok Bahan Bangunan,Supermarket Bangunan Abadi ( Bangunan Abadi ) Meruya,"Jl. Meruya Ilir Raya No.13 3, RT.3/RW.2, Meruya Utara, Kec. Kembangan, Kota Jakarta Barat, Daerah Khusus Ibukota Jakarta 11610","RT.3/RW.2, Meruya Utara, Kec. Kembangan, Kota Jakarta Barat",PAPUA,11610.0,Indonesia,215856801.0,-6.1976477,106.7425118,https://maps.google.com/?cid=0x0:0x13872e6ebcfc2cac
supermarket bangunan,Toko Bahan Bangunan,Supermarket Bahan Bangunan Tirta Bangunan,"Jl. Raya Babakan Madang, Sentul, Kec. Babakan Madang, Kabupaten Bogor, Jawa Barat 16810","Sentul, Kec. Babakan Madang, Kabupaten Bogor",PAPUA,16810.0,Indonesia,8881300271.0,-6.5601203,106.8537161,https://maps.google.com/?cid=0x0:0xc9e77a7f8f9d2f66
supermarket bangunan,Toko Bahan Bangunan,Super Bangunan Muara Karang,"Jl. Muara Karang Raya No.105, RT.11/RW.17, Pluit, Kec. Penjaringan, Jkt Utara, Daerah Khusus Ibukota Jakarta 14450","RT.11/RW.17, Pluit, Kec. Penjaringan, Jkt Utara",PAPUA,14450.0,Indonesia,8128218188.0,-6.1170604,106.7807172,https://maps.google.com/?cid=0x0:0xceae8e907c7218e2
supermarket bangunan,Pasar bahan bangunan,Mitra Bangunan Supermarket Cibubur,"Samping RM, Pd. Kemangi Cibubur, Jl. Alternatif Cibubur, Nagrak, Kec. Gn. Putri, Kabupaten Bogor, Jawa Barat 16967","Pd. Kemangi Cibubur, Jl. Alternatif Cibubur, Nagrak, Kec. Gn. Putri, Kabupaten Bogor",PAPUA,16967.0,Indonesia,,-6.387333,106.9405084,https://maps.google.com/?cid=0x0:0xf8f355fe4e840158
supermarket bangunan,Toko bahan makanan,SBA (Supermarket Bangunan Abadi),"Jl. Pd. Kacang No.88B, Pd. Kacang Bar., Kec. Pd. Aren, Kota Tangerang Selatan, Banten 15226","Pd. Kacang Bar., Kec. Pd. Aren, Kota Tangerang Selatan",PAPUA,15226.0,Indonesia,2173460185.0,-6.254577,106.688324,https://maps.google.com/?cid=0x0:0x370ec3ee4dda53b
supermarket bangunan,Toko Bahan Bangunan,Mitra Bangunan Supermarket Bekasi,"Jl. Ir H Juanda No.99 E-G, RT.007/RW.001, Duren Jaya, Kec. Bekasi Tim., Kota Bks, Jawa Barat 17111","RT.007/RW.001, Duren Jaya, Kec. Bekasi Tim., Kota Bks",PAPUA,17111.0,Indonesia,,-6.2478223,107.0194033,https://maps.google.com/?cid=0x0:0x93b3c40f87f5e136
supermarket bangunan,Toko Bahan Bangunan,Toko bangunan universal,"Jl. Panjang Kp. Baru No.26, Sukabumi Sel., Kec. Kb. Jeruk, Kota Jakarta Barat, Daerah Khusus Ibukota Jakarta 11560","Sukabumi Sel., Kec. Kb. Jeruk, Kota Jakarta Barat",PAPUA,11560.0,Indonesia,8111900096.0,-6.2206237,106.7718805,https://maps.google.com/?cid=0x0:0x746b2fc239b96c2e
supermarket bangunan,Toko,Super Bangunan,"Jl. Ciater Raya No.3, Ciater, Kec. Serpong, Kota Tangerang Selatan, Banten 15310","Ciater, Kec. Serpong, Kota Tangerang Selatan",PAPUA,15310.0,Indonesia,,-6.315966,106.7044094,https://maps.google.com/?cid=0x0:0x8717706edffbdc13
supermarket bangunan,Toko Bahan Bangunan,Super Bangunan,"Jl. Kejayaan I No.17-19, RT.10/RW.1, Krukut, Kec. Taman Sari, Kota Jakarta Barat, Daerah Khusus Ibukota Jakarta 11140","RT.10/RW.1, Krukut, Kec. Taman Sari, Kota Jakarta Barat",PAPUA,11140.0,Indonesia,81264671628.0,-6.1564519,106.8161472,https://maps.google.com/?cid=0x0:0xa65f462a3ecf5cc
supermarket bangunan,Toko Bahan Bangunan,TB. Super Bangunan,"Gading Serpong, Ruko Paramount Glaze, Jl. Raya Klp. Dua No.59 Blok B, Klp. Dua, Kec. Klp. Dua, Kabupaten Tangerang, Banten 15810","Ruko Paramount Glaze, Jl. Raya Klp. Dua No.59 Blok B, Klp. Dua, Kec. Klp. Dua, Kabupaten Tangerang",PAPUA,15810.0,Indonesia,81296441999.0,-6.2433873,106.6162628,https://maps.google.com/?cid=0x0:0xd7eb7944c83addbb
supermarket bangunan,Toko Bahan Bangunan,Toko Bangunan Rawabelong Jaya,"Jl. Palmerah Barat No.54, Palmerah, Kec. Palmerah, Kota Jakarta Barat, Daerah Khusus Ibukota Jakarta 11480","Palmerah, Kec. Palmerah, Kota Jakarta Barat",PAPUA,11480.0,Indonesia,215482123.0,-6.2066697,106.7846203,https://maps.google.com/?cid=0x0:0x28f4b7a8a4a85cbd
supermarket bangunan,Pemasok Bahan Bangunan,Mitra Bangunan Supermarket,"Jl. Raya Serang Cibarusah, Serang, Cikarang Sel., Kabupaten Bekasi, Jawa Barat 17530","Serang, Cikarang Sel., Kabupaten Bekasi",PAPUA,17530.0,Indonesia,,-6.3707874,107.1138435,https://maps.google.com/?cid=0x0:0xa24132257bfd8a63
supermarket bangunan,Toko Bahan Bangunan,Toko Arso Bangunan,"Jl. Garuda No.17, D, Yuwanain, Kec. Arso, Kabupaten Keerom, Papua 99468","D, Yuwanain, Kec. Arso, Kabupaten Keerom",PAPUA,99468.0,Indonesia,82199906967.0,-2.9009028,140.7566149,https://maps.google.com/?cid=0x0:0xd6c7fd0a6c50c3ab
supermarket bangunan,supermarket bangunan,Papua 99468,"Kabupaten Keerom, Papua","Kabupaten Keerom, Papua",PAPUA,,Indonesia,,-2.838126,140.7624493,https://maps.google.com/?cid=0x0:0xb18f169d1a15b8b6
supermarket bangunan,Toko Bahan Bangunan,Toko Sentra Bangunan,"Jl. Garuda No.7, Yuwanain, Arso II, Kabupaten Keerom, Papua 99468","Yuwanain, Arso II, Kabupaten Keerom",PAPUA,99468.0,Indonesia,81240505719.0,-2.9027275,140.7524692,https://maps.google.com/?cid=0x0:0x5a7a0ae632131e91
supermarket bangunan,Toko Bahan Bangunan,Toko Bangunan Arso Jaya,"6Q35+6HV, Jl. Wijaya Kusuma, Arso I. / Sanggaria, Kec. Arso, Kabupaten Keerom, Papua 99468","Jl. Wijaya Kusuma, Arso I. / Sanggaria, Kec. Arso, Kabupaten Keerom",PAPUA,99468.0,Indonesia,85244068633.0,-2.7968972,140.7589213,https://maps.google.com/?cid=0x0:0x1bf911e0dc6cab7
supermarket bangunan,Minimarket,KIOS SEJAHTERA,"Upt Arso X/Yaturaharja, Kec. Arso, Kabupaten Keerom, Papua 99468","Kec. Arso, Kabupaten Keerom",PAPUA,99468.0,Indonesia,,-2.8802618,140.7011781,https://maps.google.com/?cid=0x0:0xcead7600a2d6d90c
supermarket bangunan,Toko Bahan Bangunan,Toko bangunan Arini Djaya,"Upt Arso IX / Intaimilyan, Kec. Skanto, Kabupaten Keerom, Papua 99468","Kec. Skanto, Kabupaten Keerom",PAPUA,99468.0,Indonesia,,-2.7845315,140.660086,https://maps.google.com/?cid=0x0:0x21397f5597e72b11
supermarket bangunan,Pusat Perbelanjaan,Toko Bangunan Tugu Lawet 2,"4PHR+M7J, Asiaman, Kec. Arso, Kabupaten Keerom, Papua 99468","Asiaman, Kec. Arso, Kabupaten Keerom",PAPUA,99468.0,Indonesia,,-2.8707322,140.7405158,https://maps.google.com/?cid=0x0:0x8000d12040723a07
supermarket bangunan,Toko Bahan Bangunan,Toko Bangunan Tugu Lawet,"4Q26+65X, Jl. Garuda, Yuwanaim, Kec. Arso, Kabupaten Keerom, Papua 99468","Jl. Garuda, Yuwanaim, Kec. Arso, Kabupaten Keerom",PAPUA,99468.0,Indonesia,,-2.8993798,140.7604978,https://maps.google.com/?cid=0x0:0xd24eb915c165bc9
supermarket bangunan,Toko Bahan Bangunan,Toko Bangunan Karunia Jaya Abadi,"4PCV+PQW, Asiaman, Kec. Arso, Kabupaten Keerom, Papua 99468","Asiaman, Kec. Arso, Kabupaten Keerom",PAPUA,99468.0,Indonesia,82238365051.0,-2.8781414,140.7444425,https://maps.google.com/?cid=0x0:0xe5cd3a535bf4a26b
supermarket bangunan,Toko Perlengkapan Rumah,Toko Bangunan Alvi Jaya Indah,"4PFV+QH8, Asiaman, Kec. Arso, Kabupaten Keerom, Papua 99468","Asiaman, Kec. Arso, Kabupaten Keerom",PAPUA,99468.0,Indonesia,81231225453.0,-2.875585,140.74395,https://maps.google.com/?cid=0x0:0x4b6b4fd47483a8a6
supermarket bangunan,Toko Perlengkapan Rumah,Toko Bangunan Zildan Dirgatama dan zildan shoop hijab,"5PCX+4W5, Unnamed Road, Upt Arso VI / Yamua, Kec. Arso, Kabupaten Keerom, Papua 99468","Unnamed Road, Upt Arso VI / Yamua, Kec. Arso, Kabupaten Keerom",PAPUA,99468.0,Indonesia,81344261163.0,-2.8297372,140.7498681,https://maps.google.com/?cid=0x0:0xdaa949b8f5567a3f
supermarket bangunan,Toko Bahan Bangunan,Toko Bangunan Abadi Mandiri,"Jalan Poros Kakap Selatan, Jaifuri, Kec. Arso, Kabupaten Keerom, Papua 99468","Jaifuri, Kec. Arso, Kabupaten Keerom",PAPUA,99468.0,Indonesia,,-2.7865811,140.6195175,https://maps.google.com/?cid=0x0:0xae359660efbce11c
supermarket bangunan,Toko Perlengkapan Rumah,"kios mitra(bangunan, dll)","4PHV+QV9, Asiaman, Kec. Arso, Kabupaten Keerom, Papua 99468","Asiaman, Kec. Arso, Kabupaten Keerom",PAPUA,99468.0,Indonesia,,-2.8705527,140.7453638,https://maps.google.com/?cid=0x0:0x9d79fbc97104de15
supermarket bangunan,Toko Bahan Bangunan,TB Makmur Jaya,"Jl. Garuda kam yuwanain, Kec. Arso, Kabupaten Keerom, Papua 99361","Kec. Arso, Kabupaten Keerom",PAPUA,99361.0,Indonesia,85211831980.0,-2.897803,140.763938,https://maps.google.com/?cid=0x0:0xc3d55026b5b47915
supermarket bangunan,Toko Bahan Bangunan,Supermarket Multi Bangunan,"Jl Baru No.98, Wai Mhorock, Abepura, Jayapura City, Papua 99225","Wai Mhorock, Abepura, Jayapura City",PAPUA,99225.0,Indonesia,967588677.0,-2.6077336,140.6742812,https://maps.google.com/?cid=0x0:0x3b19f301c68f1d6f
supermarket bangunan,Toko Bahan Bangunan,Toko Sentra Bangunan,"Jl. Garuda No.7, Yuwanain, Arso II, Kabupaten Keerom, Papua 99468","Yuwanain, Arso II, Kabupaten Keerom",PAPUA,99468.0,Indonesia,81240505719.0,-2.9027275,140.7524692,https://maps.google.com/?cid=0x0:0x5a7a0ae632131e91
supermarket bangunan,supermarket bangunan,Senggi,"Senggi, Kabupaten Keerom, Papua","Kabupaten Keerom, Papua",PAPUA,,Indonesia,,-3.444463,140.775696,https://maps.google.com/?cid=0x0:0x6ea1e22b49fe9674
supermarket bangunan,Toko Bahan Bangunan,toko bangunan Yep'Mum,"4Q38+6C4, Jl. Garuda, Arso Kota, Kec. Arso, Kabupaten Keerom, Papua 99468","Jl. Garuda, Arso Kota, Kec. Arso, Kabupaten Keerom",PAPUA,99468.0,Indonesia,85244664394.0,-2.8970308,140.7661616,https://maps.google.com/?cid=0x0:0x9649c22840d7e67e
supermarket bangunan,Toko Bahan Bangunan,Toko Arso Bangunan,"Jl. Garuda No.17, D, Yuwanain, Kec. Arso, Kabupaten Keerom, Papua 99468","D, Yuwanain, Kec. Arso, Kabupaten Keerom",PAPUA,99468.0,Indonesia,82199906967.0,-2.9009028,140.7566149,https://maps.google.com/?cid=0x0:0xd6c7fd0a6c50c3ab
supermarket bangunan,Toko Bahan Bangunan,Super Bangunan Supermarket Bahan Bangun No #1,"Jl. Raya Cikaret No.8, Harapan Jaya, Kec. Cibinong, Kabupaten Bogor, Jawa Barat 16914","Harapan Jaya, Kec. Cibinong, Kabupaten Bogor",PAPUA,16914.0,Indonesia,85710923235.0,-6.4669858,106.8393338,https://maps.google.com/?cid=0x0:0x53373791abd65da6
supermarket bangunan,supermarket bangunan,Swalayan bangunan,"3WMP+8HM, Jl. Pangeran Sogiri, RT.01/RW.05, Tanah Baru, Kec. Bogor Utara, Kota Bogor, Jawa Barat","Kota Bogor, Jawa Barat",PAPUA,,Indonesia,,-6.9166551,106.9364251,https://maps.google.com/?cid=0x0:0xcfd3e49a3eb1a33c
supermarket bangunan,Toko Bahan Bangunan,Padma Bangunan,"Wai Mhorock, Kec. Abepura, Kota Jayapura, Papua 99225","Kec. Abepura, Kota Jayapura",PAPUA,99225.0,Indonesia,9675180108.0,-2.6096427,140.6725314,https://maps.google.com/?cid=0x0:0x908e38e219cfc28
supermarket bangunan,Toko Bahan Bangunan,Supermarket Acc Bangunan,"Jl. Raya Sawangan No.18, Depok I, Kec. Pancoran Mas, Kota Depok, Jawa Barat 16436","Depok I, Kec. Pancoran Mas, Kota Depok",PAPUA,16436.0,Indonesia,87781340350.0,-6.398724,106.81099,https://maps.google.com/?cid=0x0:0xa5cc5981158e131e
supermarket bangunan,Toko Bahan Bangunan,Supermarket Multi Bangunan,"Jl Baru No.98, Wai Mhorock, Abepura, Jayapura City, Papua 99225","Wai Mhorock, Abepura, Jayapura City",PAPUA,99225.0,Indonesia,967588677.0,-2.6077336,140.6742812,https://maps.google.com/?cid=0x0:0x3b19f301c68f1d6f
supermarket bangunan,Toko Bahan Bangunan,Tirta Bangunan Supermarket,"Jl. Siliwangi No.1, Depok, Kec. Pancoran Mas, Kota Depok, Jawa Barat 16431","Depok, Kec. Pancoran Mas, Kota Depok",PAPUA,16431.0,Indonesia,2177211585.0,-6.3994435,106.820465,https://maps.google.com/?cid=0x0:0x6c5691b15a29e9f8
supermarket bangunan,Toko Bahan Bangunan,Tirta Bangunan Supermarket,"Jl. Raya Sawangan No.88, Pancoran MAS, Kec. Pancoran Mas, Kota Depok, Jawa Barat 16436","Pancoran MAS, Kec. Pancoran Mas, Kota Depok",PAPUA,16436.0,Indonesia,2177216007.0,-6.3956644,106.8033311,https://maps.google.com/?cid=0x0:0xb2a503adeb35329d
supermarket bangunan,Toko Bahan Bangunan,Super Bangunan Supermarket Bahan Bangun No #1,"Jl. Raya Cikaret No.8, Harapan Jaya, Kec. Cibinong, Kabupaten Bogor, Jawa Barat 16914","Harapan Jaya, Kec. Cibinong, Kabupaten Bogor",PAPUA,16914.0,Indonesia,85710923235.0,-6.4669858,106.8393338,https://maps.google.com/?cid=0x0:0x53373791abd65da6
supermarket bangunan,Pasar bahan bangunan,Mitra Bangunan Supermarket Cibubur,"Samping RM, Pd. Kemangi Cibubur, Jl. Alternatif Cibubur, Nagrak, Kec. Gn. Putri, Kabupaten Bogor, Jawa Barat 16967","Pd. Kemangi Cibubur, Jl. Alternatif Cibubur, Nagrak, Kec. Gn. Putri, Kabupaten Bogor",PAPUA,16967.0,Indonesia,,-6.387333,106.9405084,https://maps.google.com/?cid=0x0:0xf8f355fe4e840158
supermarket bangunan,Toko Bahan Bangunan,Supermarket Bangunan ACC,"JL. Bojonggede Raya, Bojong Baru, Kecamatan Bojonggede, Kabupaten Bogor, Jawa Barat 16923","Bojong Baru, Kecamatan Bojonggede, Kabupaten Bogor",PAPUA,16923.0,Indonesia,82180892012.0,-6.4674721,106.8032234,https://maps.google.com/?cid=0x0:0x860948fde07d27b2
supermarket bangunan,Toko bahan makanan,SBA (Supermarket Bangunan Abadi),"Jl. Pd. Kacang No.88B, Pd. Kacang Bar., Kec. Pd. Aren, Kota Tangerang Selatan, Banten 15226","Pd. Kacang Bar., Kec. Pd. Aren, Kota Tangerang Selatan",PAPUA,15226.0,Indonesia,2173460185.0,-6.254577,106.688324,https://maps.google.com/?cid=0x0:0x370ec3ee4dda53b
supermarket bangunan,Pemasok Bahan Bangunan,Tirta Bangunan Cilangkap Depok,"Jalan Raya Jakarta - Bogor No.Km. 39 No. 06, Cilangkap, Kec. Tapos, Kota Depok, Jawa Barat 16458","Cilangkap, Kec. Tapos, Kota Depok",PAPUA,16458.0,Indonesia,218750160.0,-6.443838,106.853566,https://maps.google.com/?cid=0x0:0xf553fc838aae54b3
supermarket bangunan,Toko Bahan Bangunan,Bangunan 99 / TB. Cahaya Cibubur,"2, Jl. Lap. Tembak No.99, RT.2/RW.1, Cibubur, Kec. Ciracas, Kota Jakarta Timur, Daerah Khusus Ibukota Jakarta 13720","Jl. Lap. Tembak No.99, RT.2/RW.1, Cibubur, Kec. Ciracas, Kota Jakarta Timur",PAPUA,13720.0,Indonesia,82160050099.0,-6.3471024,106.8750286,https://maps.google.com/?cid=0x0:0x98e5b6f42b6fc00a
supermarket bangunan,Pemasok Bahan Bangunan,Supermarket Bangunan Abadi ( Bangunan Abadi ) Meruya,"Jl. Meruya Ilir Raya No.13 3, RT.3/RW.2, Meruya Utara, Kec. Kembangan, Kota Jakarta Barat, Daerah Khusus Ibukota Jakarta 11610","RT.3/RW.2, Meruya Utara, Kec. Kembangan, Kota Jakarta Barat",PAPUA,11610.0,Indonesia,215856801.0,-6.1976477,106.7425118,https://maps.google.com/?cid=0x0:0x13872e6ebcfc2cac
supermarket bangunan,Toko Bahan Bangunan,Supermarket Bahan Bangunan Tirta Bangunan,"Jl. Raya Babakan Madang, Sentul, Kec. Babakan Madang, Kabupaten Bogor, Jawa Barat 16810","Sentul, Kec. Babakan Madang, Kabupaten Bogor",PAPUA,16810.0,Indonesia,8881300271.0,-6.5601203,106.8537161,https://maps.google.com/?cid=0x0:0xc9e77a7f8f9d2f66
supermarket bangunan,Toko Bahan Bangunan,Mitra Bangunan Supermarket Bekasi,"Jl. Ir H Juanda No.99 E-G, RT.007/RW.001, Duren Jaya, Kec. Bekasi Tim., Kota Bks, Jawa Barat 17111","RT.007/RW.001, Duren Jaya, Kec. Bekasi Tim., Kota Bks",PAPUA,17111.0,Indonesia,,-6.2478223,107.0194033,https://maps.google.com/?cid=0x0:0x93b3c40f87f5e136
supermarket bangunan,Toko Bahan Bangunan,Toko bangunan Arini Djaya,"Upt Arso IX / Intaimilyan, Kec. Skanto, Kabupaten Keerom, Papua 99468","Kec. Skanto, Kabupaten Keerom",PAPUA,99468.0,Indonesia,,-2.7845315,140.660086,https://maps.google.com/?cid=0x0:0x21397f5597e72b11
supermarket bangunan,supermarket bangunan,Papua 99469,Papua,Papua,PAPUA,,Indonesia,,-2.950166,140.4308159,https://maps.google.com/?cid=0x0:0xbc565fc539165f0b
supermarket bangunan,Toko Bahan Bangunan,Toko Bangunan Faza 99 Arso4,"6H9Q+6GQ, Arsopura, Kec. Skanto, Kabupaten Keerom, Papua 99469","Arsopura, Kec. Skanto, Kabupaten Keerom",PAPUA,99469.0,Indonesia,,-2.7819024,140.5888703,https://maps.google.com/?cid=0x0:0x609c726485426068
supermarket bangunan,Toko Bahan Bangunan,Toko Sentra Bangunan,"Jl. Garuda No.7, Yuwanain, Arso II, Kabupaten Keerom, Papua 99468","Yuwanain, Arso II, Kabupaten Keerom",PAPUA,99468.0,Indonesia,81240505719.0,-2.9027275,140.7524692,https://maps.google.com/?cid=0x0:0x5a7a0ae632131e91
supermarket bangunan,Toko Bahan Bangunan,Supermarket Multi Bangunan,"Jl Baru No.98, Wai Mhorock, Abepura, Jayapura City, Papua 99225","Wai Mhorock, Abepura, Jayapura City",PAPUA,99225.0,Indonesia,967588677.0,-2.6077336,140.6742812,https://maps.google.com/?cid=0x0:0x3b19f301c68f1d6f
supermarket bangunan,Toko Bahan Bangunan,Toko Matrial,"6M6V+94M, Upt Arso XII / Traimilyan, Kec. Skanto, Kabupaten Keerom, Papua 99468","Upt Arso XII / Traimilyan, Kec. Skanto, Kabupaten Keerom",PAPUA,99468.0,Indonesia,82198629954.0,-2.7890377,140.6928093,https://maps.google.com/?cid=0x0:0x6b5906f3c0f111b2
supermarket bangunan,Toko Bahan Bangunan,Toko Arso Bangunan,"Jl. Garuda No.17, D, Yuwanain, Kec. Arso, Kabupaten Keerom, Papua 99468","D, Yuwanain, Kec. Arso, Kabupaten Keerom",PAPUA,99468.0,Indonesia,82199906967.0,-2.9009028,140.7566149,https://maps.google.com/?cid=0x0:0xd6c7fd0a6c50c3ab
supermarket bangunan,Toko Bahan Bangunan,Toko Bangunan Abadi Mandiri,"Jalan Poros Kakap Selatan, Jaifuri, Kec. Arso, Kabupaten Keerom, Papua 99468","Jaifuri, Kec. Arso, Kabupaten Keerom",PAPUA,99468.0,Indonesia,,-2.7865811,140.6195175,https://maps.google.com/?cid=0x0:0xae359660efbce11c
supermarket bangunan,Toko Bahan Bangunan,Toko Sinar Abadi,"Jl Yahim - Pertigaan Komba, Pasar lama, Dobonsolo, Sentani, Jayapura Regency, Papua 99359","Pasar lama, Dobonsolo, Sentani, Jayapura Regency",PAPUA,99359.0,Indonesia,83169724040.0,-2.571373,140.504457,https://maps.google.com/?cid=0x0:0x269ccc3b2d9a6fd7
supermarket bangunan,Toko Bahan Bangunan,Toko sahabat bangunan,"Jl. Baru Ps. Lama Abepura No.313, Wai Mhorock, Kec. Abepura, Kota Jayapura, Papua 99225","Wai Mhorock, Kec. Abepura, Kota Jayapura",PAPUA,99225.0,Indonesia,9675185729.0,-2.6092267,140.6732922,https://maps.google.com/?cid=0x0:0xcaeb86475b6967fe
supermarket bangunan,Toko Bahan Bangunan,Toko Bangunan Mutiara timur,"CJ3R+33F, Unnamed Road, Kp. Waena, Kec. Heram, Kota Jayapura, Papua 99225","Unnamed Road, Kp. Waena, Kec. Heram, Kota Jayapura",PAPUA,99225.0,Indonesia,,-2.5973134,140.6401625,https://maps.google.com/?cid=0x0:0x392e56b1342d758c
supermarket bangunan,Toko Bahan Bangunan,Sahabat,"CGJC+QWX, Jalan Raya Flavouw,hawaii, Sentani Kota, Kec. Sentani, Kabupaten Jayapura, Papua 99352","Jalan Raya Flavouw,hawaii, Sentani Kota, Kec. Sentani, Kabupaten Jayapura",PAPUA,99352.0,Indonesia,,-2.5680037,140.5223444,https://maps.google.com/?cid=0x0:0x23039cc2f6ceb26c
supermarket bangunan,Toko Perlengkapan Rumah,"kios mitra(bangunan, dll)","4PHV+QV9, Asiaman, Kec. Arso, Kabupaten Keerom, Papua 99468","Asiaman, Kec. Arso, Kabupaten Keerom",PAPUA,99468.0,Indonesia,,-2.8705527,140.7453638,https://maps.google.com/?cid=0x0:0x9d79fbc97104de15
supermarket bangunan,Toko Bahan Bangunan,Toko Bangunan KOHOIN,"CJ3M+9P8, Jl. Raya Waena Sentani, Kp. Waena, Kec. Heram, Kota Jayapura, Papua 99351","Jl. Raya Waena Sentani, Kp. Waena, Kec. Heram, Kota Jayapura",PAPUA,99351.0,Indonesia,,-2.5965901,140.6343224,https://maps.google.com/?cid=0x0:0x40a996330a565835
supermarket bangunan,supermarket bangunan,Arso Tim.,"Kabupaten Keerom, Papua","Kabupaten Keerom, Papua",PAPUA,,Indonesia,,-2.9996892,140.8239949,https://maps.google.com/?cid=0x0:0xae3aa9f54982454a
supermarket bangunan,Toko Bahan Bangunan,Toko Arso Bangunan,"Jl. Garuda No.17, D, Yuwanain, Kec. Arso, Kabupaten Keerom, Papua 99468","D, Yuwanain, Kec. Arso, Kabupaten Keerom",PAPUA,99468.0,Indonesia,82199906967.0,-2.9009028,140.7566149,https://maps.google.com/?cid=0x0:0xd6c7fd0a6c50c3ab
supermarket bangunan,Toko Bahan Bangunan,Toko Sentra Bangunan,"Jl. Garuda No.7, Yuwanain, Arso II, Kabupaten Keerom, Papua 99468","Yuwanain, Arso II, Kabupaten Keerom",PAPUA,99468.0,Indonesia,81240505719.0,-2.9027275,140.7524692,https://maps.google.com/?cid=0x0:0x5a7a0ae632131e91
supermarket bangunan,Toko umum,Kios baru,"2R29+8Q6, Upt Pir IV / Wonorejo, Arso Tim., Kabupaten Keerom, Papua 99467","Upt Pir IV / Wonorejo, Arso Tim., Kabupaten Keerom",PAPUA,99467.0,Indonesia,82199264526.0,-2.9992012,140.8193981,https://maps.google.com/?cid=0x0:0xcfafc562bfe463e
supermarket bangunan,Toko Bahan Bangunan,Toko Bangunan Tugu Lawet,"4Q26+65X, Jl. Garuda, Yuwanaim, Kec. Arso, Kabupaten Keerom, Papua 99468","Jl. Garuda, Yuwanaim, Kec. Arso, Kabupaten Keerom",PAPUA,99468.0,Indonesia,,-2.8993798,140.7604978,https://maps.google.com/?cid=0x0:0xd24eb915c165bc9
supermarket bangunan,Pusat Perbelanjaan,Toko Bangunan Tugu Lawet 2,"4PHR+M7J, Asiaman, Kec. Arso, Kabupaten Keerom, Papua 99468","Asiaman, Kec. Arso, Kabupaten Keerom",PAPUA,99468.0,Indonesia,,-2.8707322,140.7405158,https://maps.google.com/?cid=0x0:0x8000d12040723a07
supermarket bangunan,Toko Bahan Bangunan,TB Makmur Jaya,"Jl. Garuda kam yuwanain, Kec. Arso, Kabupaten Keerom, Papua 99361","Kec. Arso, Kabupaten Keerom",PAPUA,99361.0,Indonesia,85211831980.0,-2.897803,140.763938,https://maps.google.com/?cid=0x0:0xc3d55026b5b47915
supermarket bangunan,Toko Bahan Bangunan,Toko Bangunan Karunia Jaya Abadi,"4PCV+PQW, Asiaman, Kec. Arso, Kabupaten Keerom, Papua 99468","Asiaman, Kec. Arso, Kabupaten Keerom",PAPUA,99468.0,Indonesia,82238365051.0,-2.8781414,140.7444425,https://maps.google.com/?cid=0x0:0xe5cd3a535bf4a26b
supermarket bangunan,Minimarket,KIOS SEJAHTERA,"Upt Arso X/Yaturaharja, Kec. Arso, Kabupaten Keerom, Papua 99468","Kec. Arso, Kabupaten Keerom",PAPUA,99468.0,Indonesia,,-2.8802618,140.7011781,https://maps.google.com/?cid=0x0:0xcead7600a2d6d90c
supermarket bangunan,Toko Perlengkapan Rumah,Toko Bangunan Alvi Jaya Indah,"4PFV+QH8, Asiaman, Kec. Arso, Kabupaten Keerom, Papua 99468","Asiaman, Kec. Arso, Kabupaten Keerom",PAPUA,99468.0,Indonesia,81231225453.0,-2.875585,140.74395,https://maps.google.com/?cid=0x0:0x4b6b4fd47483a8a6
supermarket bangunan,Toko Bahan Bangunan,Toko Bangunan Arso Jaya,"6Q35+6HV, Jl. Wijaya Kusuma, Arso I. / Sanggaria, Kec. Arso, Kabupaten Keerom, Papua 99468","Jl. Wijaya Kusuma, Arso I. / Sanggaria, Kec. Arso, Kabupaten Keerom",PAPUA,99468.0,Indonesia,85244068633.0,-2.7968972,140.7589213,https://maps.google.com/?cid=0x0:0x1bf911e0dc6cab7
supermarket bangunan,Toko Bahan Bangunan,Toko bangunan Arini Djaya,"Upt Arso IX / Intaimilyan, Kec. Skanto, Kabupaten Keerom, Papua 99468","Kec. Skanto, Kabupaten Keerom",PAPUA,99468.0,Indonesia,,-2.7845315,140.660086,https://maps.google.com/?cid=0x0:0x21397f5597e72b11
supermarket bangunan,Toko Perlengkapan Rumah,"kios mitra(bangunan, dll)","4PHV+QV9, Asiaman, Kec. Arso, Kabupaten Keerom, Papua 99468","Asiaman, Kec. Arso, Kabupaten Keerom",PAPUA,99468.0,Indonesia,,-2.8705527,140.7453638,https://maps.google.com/?cid=0x0:0x9d79fbc97104de15
supermarket bangunan,Toko Bahan Bangunan,Supermarket Multi Bangunan,"Jl Baru No.98, Wai Mhorock, Abepura, Jayapura City, Papua 99225","Wai Mhorock, Abepura, Jayapura City",PAPUA,99225.0,Indonesia,967588677.0,-2.6077336,140.6742812,https://maps.google.com/?cid=0x0:0x3b19f301c68f1d6f
supermarket bangunan,Toko Bahan Bangunan,Supermarket Multi Bangunan,"Jl Baru No.98, Wai Mhorock, Abepura, Jayapura City, Papua 99225","Wai Mhorock, Abepura, Jayapura City",PAPUA,99225.0,Indonesia,967588677.0,-2.6077336,140.6742812,https://maps.google.com/?cid=0x0:0x3b19f301c68f1d6f
supermarket bangunan,Toko Bahan Bangunan,Toko Sentra Bangunan,"Jl. Garuda No.7, Yuwanain, Arso II, Kabupaten Keerom, Papua 99468","Yuwanain, Arso II, Kabupaten Keerom",PAPUA,99468.0,Indonesia,81240505719.0,-2.9027275,140.7524692,https://maps.google.com/?cid=0x0:0x5a7a0ae632131e91
supermarket bangunan,supermarket bangunan,Papua 99466,"Kabupaten Keerom, Papua","Kabupaten Keerom, Papua",PAPUA,,Indonesia,,-3.6008739,140.7624493,https://maps.google.com/?cid=0x0:0x68d0783d81283fe1
supermarket bangunan,Toko Bahan Bangunan,toko bangunan Yep'Mum,"4Q38+6C4, Jl. Garuda, Arso Kota, Kec. Arso, Kabupaten Keerom, Papua 99468","Jl. Garuda, Arso Kota, Kec. Arso, Kabupaten Keerom",PAPUA,99468.0,Indonesia,85244664394.0,-2.8970308,140.7661616,https://maps.google.com/?cid=0x0:0x9649c22840d7e67e
supermarket bangunan,Toko Bahan Bangunan,Toko Arso Bangunan,"Jl. Garuda No.17, D, Yuwanain, Kec. Arso, Kabupaten Keerom, Papua 99468","D, Yuwanain, Kec. Arso, Kabupaten Keerom",PAPUA,99468.0,Indonesia,82199906967.0,-2.9009028,140.7566149,https://maps.google.com/?cid=0x0:0xd6c7fd0a6c50c3ab
supermarket bangunan,Toko Bahan Bangunan,Toko Resky,"jalan poros, Kemon Jaya Sp V, Kec. Waropen Bawah, Kabupaten Waropen, Papua 98261","Kemon Jaya Sp V, Kec. Waropen Bawah, Kabupaten Waropen",PAPUA,98261.0,Indonesia,85394955553.0,-2.2185432,136.4200064,https://maps.google.com/?cid=0x0:0x356450f535852163
supermarket bangunan,Toko Bahan Bangunan,Toko Bangunan Tugu Lawet,"4Q26+65X, Jl. Garuda, Yuwanaim, Kec. Arso, Kabupaten Keerom, Papua 99468","Jl. Garuda, Yuwanaim, Kec. Arso, Kabupaten Keerom",PAPUA,99468.0,Indonesia,,-2.8993798,140.7604978,https://maps.google.com/?cid=0x0:0xd24eb915c165bc9
supermarket bangunan,Pusat Perbelanjaan,Toko Bangunan Tugu Lawet 2,"4PHR+M7J, Asiaman, Kec. Arso, Kabupaten Keerom, Papua 99468","Asiaman, Kec. Arso, Kabupaten Keerom",PAPUA,99468.0,Indonesia,,-2.8707322,140.7405158,https://maps.google.com/?cid=0x0:0x8000d12040723a07
supermarket bangunan,Toko Bahan Bangunan,PAPUA BANGUNAN,"42GX+945, Wosi, Kec. Manokwari Bar., Kabupaten Manokwari, Papua Bar. 98312","Wosi, Kec. Manokwari Bar., Kabupaten Manokwari",PAPUA,98312.0,Indonesia,82198055550.0,-0.874101,134.0478473,https://maps.google.com/?cid=0x0:0x2c3683b193d9430f
supermarket bangunan,Toko Bahan Bangunan,DEPO GRAHA SIMPATI,"Kamundu, Jl. Poros Simpati Jl. Blorep No.88, Klp. Lima, Kec. Merauke, Kabupaten Merauke, Papua 99615","Jl. Poros Simpati Jl. Blorep No.88, Klp. Lima, Kec. Merauke, Kabupaten Merauke",PAPUA,99615.0,Indonesia,,-8.5023088,140.41837,https://maps.google.com/?cid=0x0:0xd02bc8a1b88f33a3
supermarket bangunan,Toko Bahan Bangunan,TOKO BAHAN BANGUNAN TRINITY HOME,"Jalan Baru Pasar Lama, Wahno, Kec. Abepura, Kota Jayapura, Papua 99224","Wahno, Kec. Abepura, Kota Jayapura",PAPUA,99224.0,Indonesia,81232337934.0,-2.5958248,140.6809957,https://maps.google.com/?cid=0x0:0x41c321d86b054228
supermarket bangunan,Toko Bahan Bangunan,TOKO YUDHA BANGUNAN 1,"VWXP+H7P, Jl. Bayangkara, Hurekama, Distrik Wamena, Kabupaten Jayawijaya, Papua 99511","Jl. Bayangkara, Hurekama, Distrik Wamena, Kabupaten Jayawijaya",PAPUA,99511.0,Indonesia,81344454364.0,-4.1010288,138.9356942,https://maps.google.com/?cid=0x0:0xa571c584f4c25eaa
supermarket bangunan,supermarket bangunan,Toko Mitra Bangunan,"8F8G+WJ5, Karubaga, Kec. Karubaga, Kabupaten Tolikara, Papua 99567","Karubaga, Kec. Karubaga, Kabupaten Tolikara",PAPUA,99567.0,Indonesia,81317225643.0,-3.682733,138.4766089,https://maps.google.com/?cid=0x0:0x94f019f9132886e9
supermarket bangunan,Toko Bahan Bangunan,TOKO BANGUNAN DIKA JAYA,"Jl. Dermaga Aikai. Enarotali Distrik Paniai Timur Kabupaten Paniai. Papua, Aikai, Paniai Tim., Enarotali, Papua 98711","Aikai, Paniai Tim., Enarotali",PAPUA,98711.0,Indonesia,81935935177.0,-3.9309089,136.3727901,https://maps.google.com/?cid=0x0:0x814ba48a8059765f
