Category,Real Category,Business Name,Address,City,State,Postal Code,Country,Phone,Email,Website,Latitude,Longitude,Map Link,Details Link
mall,mall,Bali 80752,"Kec. Banjarangkan, Kabupaten Klungkung, Bali","Kabupaten Klungkung, Bali",BALI,,Indonesia,,,,-8.512.833,1.153.726.469,https://maps.google.com/?cid=0x0:0x1c00c5eb6016c000,
mall,Toko Pakaian,Arjuna Bali,"G9MR+4R4, Nyanglan, Banjarangkan, Nyanglan, Kec. Klungkung, Kabupaten Klungkung, Bali 80752","Nyanglan, Banjarangkan, Nyanglan, Kec. Klungkung, Kabupaten Klungkung",BALI,80752.0,Indonesia,81337215737.0,,,-84.672.317,1.153.920.662,https://maps.google.com/?cid=0x0:0xe8d6aec5417e946,
mall,Pusat Perbelanjaan,optabuket,"Jl. Nangka II No.11, Banjarangkan, Kec. Banjarangkan, Kabupaten Klungkung, Bali 80752","Banjarangkan, Kec. Banjarangkan, Kabupaten Klungkung",BALI,80752.0,Indonesia,87897909467.0,,,-85.516.411,1.153.698.235,https://maps.google.com/?cid=0x0:0xa56cad0067f8ee0a,
mall,Kantor Perusahaan,Balai Br.jungut,"G9GC+F3X, Jl. Banjar Jungut, Tohpati, Kec. Banjarangkan, Kabupaten Klungkung, Bali 80752","Jl. Banjar Jungut, Tohpati, Kec. Banjarangkan, Kabupaten Klungkung",BALI,80752.0,Indonesia,87861718324.0,,,-84.737.561,1.153.702.382,https://maps.google.com/?cid=0x0:0x949489b27d405ee7,
mall,Pusat Perbelanjaan,Sari Sedana,"F94H+252, Jl. Sm Agung, Tusan, Kec. Banjarangkan, Kabupaten Klungkung, Bali 80752","Jl. Sm Agung, Tusan, Kec. Banjarangkan, Kabupaten Klungkung",BALI,80752.0,Indonesia,87754910683.0,,,-85.449.801,11.537.788,https://maps.google.com/?cid=0x0:0xe56cd026981f57f6,
mall,Pusat Perbelanjaan,Gong Windu,"F99M+6H4, Tihingan, Kec. Banjarangkan, Kabupaten Klungkung, Bali 80713","Tihingan, Kec. Banjarangkan, Kabupaten Klungkung",BALI,80713.0,Indonesia,3665596246.0,,,-85.319.765,1.153.839.432,https://maps.google.com/?cid=0x0:0x1a27ef74fa092dc5,
mall,Pusat Perbelanjaan,Be koi bali,"Tohpati, Kec. Banjarangkan, Kabupaten Klungkung, Bali 80752","Kec. Banjarangkan, Kabupaten Klungkung",BALI,80752.0,Indonesia,87832258854.0,,,-84.662.387,115.383.235,https://maps.google.com/?cid=0x0:0xdd107a52027d258b,
mall,Pusat Perbelanjaan,Shoesseven,"C9WH+PFW, Jl. Durian II, Banjarangkan, Kec. Banjarangkan, Kabupaten Klungkung, Bali 80752","Jl. Durian II, Banjarangkan, Kec. Banjarangkan, Kabupaten Klungkung",BALI,80752.0,Indonesia,82145540529.0,,,-85.531.274,115.378.698,https://maps.google.com/?cid=0x0:0xf7d842ca49a0355e,
mall,Pusat Perbelanjaan,Gamelan Maker Mulia Utama,"Jl. Raya Tihingan No.12, Tihingan, Kec. Banjarangkan, Kabupaten Klungkung, Bali 80716","Tihingan, Kec. Banjarangkan, Kabupaten Klungkung",BALI,80716.0,Indonesia,81338700773.0,,,-85.316.814,1.153.829.937,https://maps.google.com/?cid=0x0:0x69362e2bbcb73db2,
mall,Pusat Perbelanjaan,Widii_karya gambelan,"F99M+FFH, Tihingan, Kec. Banjarangkan, Kabupaten Klungkung, Bali 80716","Tihingan, Kec. Banjarangkan, Kabupaten Klungkung",BALI,80716.0,Indonesia,,,,-8.531.484,115.384.223,https://maps.google.com/?cid=0x0:0x28b33605b5370e92,
mall,Komplek perumahan,Matchaa.project,"Desa, koripan, Kec. Banjarangkan, Kabupaten Klungkung, Bali 80752","koripan, Kec. Banjarangkan, Kabupaten Klungkung",BALI,80752.0,Indonesia,,,,-85.519.535,1.153.772.792,https://maps.google.com/?cid=0x0:0xab4111d788aaaac5,
mall,Pasar,sp kios tusan,"Jl. Raya Tusan No.3, Banjarangkan, Kec. Banjarangkan, Kabupaten Klungkung, Bali 80752","Banjarangkan, Kec. Banjarangkan, Kabupaten Klungkung",BALI,80752.0,Indonesia,,,,-85.443.813,1.153.676.985,https://maps.google.com/?cid=0x0:0xa2de9491ec6c22,
mall,Pusat Perbelanjaan,Sintiashop,"C9WH+WMM, Gg. Cenrawasih, koripan kangin, Kec. Banjarangkan, Kabupaten Klungkung, Bali 80752","Gg. Cenrawasih, koripan kangin, Kec. Banjarangkan, Kabupaten Klungkung",BALI,80752.0,Indonesia,85954725408.0,,,-85.526.537,1.153.791.712,https://maps.google.com/?cid=0x0:0xaa026907755c7faf,
mall,Toko,Yasa Amertha,"G939+WWX, Jl. Raya Desa Nyalian, Nyalian, Kec. Banjarangkan, Kabupaten Klungkung, Bali 80752","Jl. Raya Desa Nyalian, Nyalian, Kec. Banjarangkan, Kabupaten Klungkung",BALI,80752.0,Indonesia,87854506975.0,,,-84.951.266,1.153.698.563,https://maps.google.com/?cid=0x0:0x28be57c22e076dfa,
mall,Pusat Perbelanjaan,Wr Subur,"G9JJ+4GR, Jl. Uluwatu, Tohpati, Kec. Banjarangkan, Kabupaten Klungkung, Bali 80752","Jl. Uluwatu, Tohpati, Kec. Banjarangkan, Kabupaten Klungkung",BALI,80752.0,Indonesia,87862246592.0,,,-84.696.371,1.153.812.589,https://maps.google.com/?cid=0x0:0x696b73c9c1938b1,
mall,Pusat Perbelanjaan,Warung D'Mali,"F9PJ+X6C, Jl. Raya Aan, Aan, Kec. Banjarangkan, Kabupaten Klungkung, Bali 80752","Jl. Raya Aan, Aan, Kec. Banjarangkan, Kabupaten Klungkung",BALI,80752.0,Indonesia,85238160858.0,,,-85.125.522,1.153.805.124,https://maps.google.com/?cid=0x0:0xcb9152701e1d154f,
mall,mall,Mentik sari,"G98J+6J3, Timuhun, Kec. Banjarangkan, Kabupaten Klungkung, Bali","Kabupaten Klungkung, Bali",BALI,,Indonesia,,,,-84.844.942,1.153.815.343,https://maps.google.com/?cid=0x0:0xeb73535cd698dc1d,
mall,Pusat Perbelanjaan,GAMELAN,"Jl. Raya Tihingan No.21, Tihingan, Kec. Banjarangkan, Kabupaten Klungkung, Bali 80716","Tihingan, Kec. Banjarangkan, Kabupaten Klungkung",BALI,80716.0,Indonesia,89651323642.0,,,-85.303.317,1.153.829.968,https://maps.google.com/?cid=0x0:0x828f849c48335ce8,
mall,Pusat Perbelanjaan,Wr canang sari,"C9V9+JVM, Dsn nesa, Banjarangkan, Kec. Banjarangkan, Kabupaten Klungkung, Bali","Kabupaten Klungkung, Bali",BALI,,Indonesia,,,,-85.559.072,1.153.696.844,https://maps.google.com/?cid=0x0:0x7dc5b0f9aff52c0e,
mall,Toko Kosmetik,Dewa Ayu Shop Klungkung,"Jl. Untung Suropati No.45, Semarapura Tengah, Kec. Klungkung, Kabupaten Klungkung, Bali 80761","Semarapura Tengah, Kec. Klungkung, Kabupaten Klungkung",BALI,80761.0,Indonesia,85935049741.0,,,-85.346.406,1.153.990.262,https://maps.google.com/?cid=0x0:0x5da955d7be084be1,
mall,Produsen makanan,Nanta Produksi Kripik,"F96J+925, Getakan, Kec. Banjarangkan, Kabupaten Klungkung, Bali 80752","Getakan, Kec. Banjarangkan, Kabupaten Klungkung",BALI,80752.0,Indonesia,81936255447.0,,,-85.391.137,1.153.801.094,https://maps.google.com/?cid=0x0:0x56e61103696334bc,
mall,Rumah Makan,ACK BANJARANGKAN,"C9XF+V6J, Tusan, Kec. Banjarangkan, Kabupaten Klungkung, Bali 80752","Tusan, Kec. Banjarangkan, Kabupaten Klungkung",BALI,80752.0,Indonesia,85941911873.0,,,-85.502.825,1.153.730.244,https://maps.google.com/?cid=0x0:0xc6d115276c3171de,
mall,Bengkel Sepeda Motor,Ugalugalan Garage,"F938+HW8, Unnamed Road, Tusan, Kec. Banjarangkan, Kabupaten Klungkung, Bali 80752","Unnamed Road, Tusan, Kec. Banjarangkan, Kabupaten Klungkung",BALI,80752.0,Indonesia,87861202999.0,,,-85.460.936,1.153.673.311,https://maps.google.com/?cid=0x0:0x9921a56538125f17,
mall,mall,Bali 80761,"Kec. Dawan, Kabupaten Klungkung, Bali","Kabupaten Klungkung, Bali",BALI,,Indonesia,,,,-85.234.217,1.154.378.152,https://maps.google.com/?cid=0x0:0x1c00c5eb6016c010,
mall,Toko Kosmetik,Dewa Ayu Shop Klungkung,"Jl. Untung Suropati No.45, Semarapura Tengah, Kec. Klungkung, Kabupaten Klungkung, Bali 80761","Semarapura Tengah, Kec. Klungkung, Kabupaten Klungkung",BALI,80761.0,Indonesia,85935049741.0,,,-85.346.406,1.153.990.262,https://maps.google.com/?cid=0x0:0x5da955d7be084be1,
mall,Pusat Perbelanjaan,GARDEN JAYA INDAH,"Jl. Prof. Dr. Ida Bagus Mantra No.66, Gunaksa, Kec. Dawan, Kabupaten Klungkung, Bali 80761","Gunaksa, Kec. Dawan, Kabupaten Klungkung",BALI,80761.0,Indonesia,81236904305.0,,,-85.553.426,1.154.447.399,https://maps.google.com/?cid=0x0:0x41cb0e9cebd5fb13,
mall,Pusat Perbelanjaan,Eka Yadnya,"FC78+5W9, Jl. Sri Rama, Paksebali, Kec. Dawan, Kabupaten Klungkung, Bali 80761","Jl. Sri Rama, Paksebali, Kec. Dawan, Kabupaten Klungkung",BALI,80761.0,Indonesia,82340877033.0,,,-85.370.998,1.154.173.578,https://maps.google.com/?cid=0x0:0xa81141be3323fca0,
mall,Komplek perumahan,Tirthanadidekorasi,"FC87+QW6, Jl. Semarapura-Karangasem, Paksebali, Kec. Dawan, Kabupaten Klungkung, Bali 80761","Jl. Semarapura-Karangasem, Paksebali, Kec. Dawan, Kabupaten Klungkung",BALI,80761.0,Indonesia,85931035055.0,,,-85.333.548,1.154.146.154,https://maps.google.com/?cid=0x0:0x7efd4be1c7e18d16,
mall,Ahli estetika,Thatabeautyskin,"FC47+HVR, Unnamed Road, Sampalan Klod, Kec. Dawan, Kabupaten Klungkung, Bali 80761","Unnamed Road, Sampalan Klod, Kec. Dawan, Kabupaten Klungkung",BALI,80761.0,Indonesia,81558744317.0,,,-85.435.221,1.154.146.308,https://maps.google.com/?cid=0x0:0x99a248a231c9168,
mall,Pusat Perbelanjaan,MIC Store,"CCV6+RM7, Kp. Gelgel, Kec. Klungkung, Kabupaten Klungkung, Bali 80761","Kp. Gelgel, Kec. Klungkung, Kabupaten Klungkung",BALI,80761.0,Indonesia,85954130363.0,,,-85.554.516,1.154.116.864,https://maps.google.com/?cid=0x0:0x975466d1530894da,
mall,Toko Pakaian,Luxurious,"CFX5+9P9, Jl. Yudistira, Pesinggahan, Kec. Dawan, Kabupaten Klungkung, Bali 80761","Jl. Yudistira, Pesinggahan, Kec. Dawan, Kabupaten Klungkung",BALI,80761.0,Indonesia,82147333900.0,,,-8.551.581,1.154.593.455,https://maps.google.com/?cid=0x0:0xbe57fc886304266f,
mall,Pusat Perbelanjaan,Toko baru wira mart,"FC6V+56P, Dawan Klod, Kec. Dawan, Kabupaten Klungkung, Bali 80761","Dawan Klod, Kec. Dawan, Kabupaten Klungkung",BALI,80761.0,Indonesia,36623470.0,,,-85.395.262,1.154.430.833,https://maps.google.com/?cid=0x0:0x76b3484786896259,
mall,Pusat Perbelanjaan,MK. DANA,"Semarapura Kangin, Kec. Klungkung, Kabupaten Klungkung, Bali 80761","Kec. Klungkung, Kabupaten Klungkung",BALI,80761.0,Indonesia,87761041934.0,,,-85.406.958,1.154.041.906,https://maps.google.com/?cid=0x0:0xe7fda7a9c1607399,
mall,Pusat Perbelanjaan,Suwetja Wastra Centre,"Jl. Dewisitha No.8, Paksebali, Kec. Dawan, Kabupaten Klungkung, Bali 80761","Paksebali, Kec. Dawan, Kabupaten Klungkung",BALI,80761.0,Indonesia,82340988591.0,,,-85.350.112,1.154.169.377,https://maps.google.com/?cid=0x0:0x8927ac32f6b30edf,
mall,Pusat Perbelanjaan,Genta Gending,"Jl. Hasanudin No.1, Semarapura Kauh, Kec. Klungkung, Kabupaten Klungkung, Bali 80711","Semarapura Kauh, Kec. Klungkung, Kabupaten Klungkung",BALI,80711.0,Indonesia,85239096028.0,,,-85.334.271,1.153.949.998,https://maps.google.com/?cid=0x0:0x601ca4ae0ef8275f,
mall,Pasar,Toko puspa Agung -Didalam Pasar Seni Semarapura klungkung bali.,"Jl. Diponegoro No.16, Semarapura Kelod Kangin, Kec. Klungkung, Kabupaten Klungkung, Bali 80761","Semarapura Kelod Kangin, Kec. Klungkung, Kabupaten Klungkung",BALI,80761.0,Indonesia,81229230891.0,,,-85.354.833,115.404.216,https://maps.google.com/?cid=0x0:0x8d7b7e7cc6e557d9,
mall,Pasar,Los Pasar Pagi Sampalan Klod,"FC48+5PG, Sampalan Klod, Kec. Dawan, Kabupaten Klungkung, Bali 80761","Sampalan Klod, Kec. Dawan, Kabupaten Klungkung",BALI,80761.0,Indonesia,,,,-85.445.672,1.154.168.436,https://maps.google.com/?cid=0x0:0x5b324b1f9e1bc111,
mall,Pusat Perbelanjaan,Kadek rock/Rock431 palet,"Unnamed Road, Sampalan Klod, Kec. Dawan, Kabupaten Klungkung, Bali 80761","Sampalan Klod, Kec. Dawan, Kabupaten Klungkung",BALI,80761.0,Indonesia,85792736199.0,,,-85.431.438,1.154.147.682,https://maps.google.com/?cid=0x0:0xade8bd1e7a13d795,
mall,Rumah singgah,Gang Mertha Puri Residence,"FCF7+HMR, Paksebali, Kec. Dawan, Kabupaten Klungkung, Bali 80761","Paksebali, Kec. Dawan, Kabupaten Klungkung",BALI,80761.0,Indonesia,,,,-85.260.129,1.154.141.403,https://maps.google.com/?cid=0x0:0x567d37e24e10faaf,
mall,Pusat Perbelanjaan,Warung Dek Menol,"FF69+FPH, Pesinggahan, Kec. Dawan, Kabupaten Klungkung, Bali 80761","Pesinggahan, Kec. Dawan, Kabupaten Klungkung",BALI,80761.0,Indonesia,83119192898.0,,,-85.388.037,1.154.693.703,https://maps.google.com/?cid=0x0:0x8be269234dc1bef3,
mall,Pusat Perbelanjaan,Warung Ayu,"FC3X+C2R, Krematorium Pondok Dawa, Dawan - Klungkung, Bali, Dawan Klod, Kec. Dawan, Kabupaten Klungkung, Bali 80761","Krematorium Pondok Dawa, Dawan - Klungkung, Bali, Dawan Klod, Kec. Dawan, Kabupaten Klungkung",BALI,80761.0,Indonesia,83851049110.0,,,-8.546.384,1.154.475.283,https://maps.google.com/?cid=0x0:0xef052f914f3a4d5a,
mall,Pusat Perbelanjaan,HopeShop By En,"FC5G+HPF, Jl. Kb., Gunaksa, Kec. Dawan, Kabupaten Klungkung, Bali 80761","Jl. Kb., Gunaksa, Kec. Dawan, Kabupaten Klungkung",BALI,80761.0,Indonesia,83119657375.0,,,-85.410.558,1.154.267.954,https://maps.google.com/?cid=0x0:0xe16341359e85da2d,
mall,Toko bahan makanan,TOKO INDRAJAYA,"Jl. Raya Gelgel, Tojan, Kec. Klungkung, Kabupaten Klungkung, Bali 80716","Tojan, Kec. Klungkung, Kabupaten Klungkung",BALI,80716.0,Indonesia,81238533100.0,,,-85.531.716,1.154.037.726,https://maps.google.com/?cid=0x0:0x84e48669f81f3c55,
mall,Pasar,Pasar Senggol Goa Lawah Pesinggahan,"CFW7+974, Pesinggahan, Kec. Dawan, Kabupaten Klungkung, Bali 80761","Pesinggahan, Kec. Dawan, Kabupaten Klungkung",BALI,80761.0,Indonesia,,,,-85.541.009,1.154.631.912,https://maps.google.com/?cid=0x0:0x5ab5d82ec705a60,
mall,Toko,BINTANG SUCI,"FC73+9RM, Semarapura Kangin, Kec. Klungkung, Kabupaten Klungkung, Bali 80761","Semarapura Kangin, Kec. Klungkung, Kabupaten Klungkung",BALI,80761.0,Indonesia,81353177775.0,,,-85.365.316,1.154.045.459,https://maps.google.com/?cid=0x0:0x69fac899b19979b6,
mall,Toko,Pande Koi Shop,"Jl. Giri Wisma No.59, Dawan Klod, Kec. Dawan, Kabupaten Klungkung, Bali 80761","Dawan Klod, Kec. Dawan, Kabupaten Klungkung",BALI,80761.0,Indonesia,87765458237.0,,,-85.336.396,1.154.435.477,https://maps.google.com/?cid=0x0:0x136096fbb9abace7,
mall,Minimarket,SMART MINIMARKET,"FC3F+5QC, Unnamed Road, Gunaksa, Kec. Dawan, Kabupaten Klungkung, Bali 80761","Unnamed Road, Gunaksa, Kec. Dawan, Kabupaten Klungkung",BALI,80761.0,Indonesia,82144051853.0,,,-85.470.604,1.154.243.759,https://maps.google.com/?cid=0x0:0xe1e174578210f3a,
mall,Pusat Perbelanjaan,Warung Bintang/Wayan Brewok,"Jl. Babung Kangin, Gunaksa, Dawan, Klungkung Regency, Bali 80761","Gunaksa, Dawan, Klungkung Regency",BALI,80761.0,Indonesia,82340899623.0,,,-85.339.437,1.154.369.076,https://maps.google.com/?cid=0x0:0xf2f76b29a99f4508,
mall,Toko bahan makanan,Warung mek darma,"Jl. Giri Wisma No.2012, Dawan Kaler, Kec. Dawan, Kabupaten Klungkung, Bali 80761","Dawan Kaler, Kec. Dawan, Kabupaten Klungkung",BALI,80761.0,Indonesia,,,,-85.255.126,1.154.456.325,https://maps.google.com/?cid=0x0:0xe2c1bbdc60afa13c,
mall,mall,Bali 80711,"Kec. Klungkung, Kabupaten Klungkung, Bali","Kabupaten Klungkung, Bali",BALI,,Indonesia,,,,-8.527.468,1.153.978.272,https://maps.google.com/?cid=0x0:0x1c00c5eb6016bf90,
mall,Mal outlet,Miniso Klungkung,"Jl. Ngurah Rai No.60, Semarapura Tengah, Kec. Klungkung, Kabupaten Klungkung, Bali 80716","Semarapura Tengah, Kec. Klungkung, Kabupaten Klungkung",BALI,80716.0,Indonesia,81215672599.0,,,-85.288.157,1.153.986.771,https://maps.google.com/?cid=0x0:0x6b952e2d34b9db64,
mall,Toko Kosmetik,Dewa Ayu Shop Klungkung,"Jl. Untung Suropati No.45, Semarapura Tengah, Kec. Klungkung, Kabupaten Klungkung, Bali 80761","Semarapura Tengah, Kec. Klungkung, Kabupaten Klungkung",BALI,80761.0,Indonesia,85935049741.0,,,-85.346.406,1.153.990.262,https://maps.google.com/?cid=0x0:0x5da955d7be084be1,
mall,Pasar,Toko puspa Agung -Didalam Pasar Seni Semarapura klungkung bali.,"Jl. Diponegoro No.16, Semarapura Kelod Kangin, Kec. Klungkung, Kabupaten Klungkung, Bali 80761","Semarapura Kelod Kangin, Kec. Klungkung, Kabupaten Klungkung",BALI,80761.0,Indonesia,81229230891.0,,,-85.354.833,115.404.216,https://maps.google.com/?cid=0x0:0x8d7b7e7cc6e557d9,
mall,Pusat Perbelanjaan,Nusantara Koi,"FCH2+3PM, Gg. Bangau, Akah, Kec. Klungkung, Kabupaten Klungkung, Bali 80711","Gg. Bangau, Akah, Kec. Klungkung, Kabupaten Klungkung",BALI,80711.0,Indonesia,81236941727.0,,,-85.222.877,1.154.017.882,https://maps.google.com/?cid=0x0:0x7fd9e7b34a8ab7b6,
mall,Pasar,Pasar Klungkung,"FC73+HV9, Semarapura Kangin, Kec. Klungkung, Kabupaten Klungkung, Bali 80761","Semarapura Kangin, Kec. Klungkung, Kabupaten Klungkung",BALI,80761.0,Indonesia,,,,-85.360.839,1.154.047.405,https://maps.google.com/?cid=0x0:0xecfc9e5d0cba1ffe,
mall,Pusat Perbelanjaan,CEMERLANG FLAMBOYAN,"Jl. Raya Batu Tabih No.63, Semarapura Kelod, Kec. Klungkung, Kabupaten Klungkung, Bali 80716","Semarapura Kelod, Kec. Klungkung, Kabupaten Klungkung",BALI,80716.0,Indonesia,36621418.0,,,-85.414.682,1.153.948.994,https://maps.google.com/?cid=0x0:0xde6773d568428e2d,
mall,Toko Sepatu,SHOESKLUNGKUNG_,"F95V+CR8, Jl. Raya Batu Tabih, Semarapura Kelod, Kec. Klungkung, Kabupaten Klungkung, Bali 80716","Jl. Raya Batu Tabih, Semarapura Kelod, Kec. Klungkung, Kabupaten Klungkung",BALI,80716.0,Indonesia,83114420015.0,,,-85.414.648,1.153.945.694,https://maps.google.com/?cid=0x0:0x98c0ea1f050ae4f7,
mall,Toko Makanan,Kurnia AgungMulia Sejahtera Galiran,"Jl. Puputan No.112, Semarapura Kangin, Kec. Klungkung, Kabupaten Klungkung, Bali 80716","Semarapura Kangin, Kec. Klungkung, Kabupaten Klungkung",BALI,80716.0,Indonesia,81278887909.0,,,-85.459.634,1.154.026.831,https://maps.google.com/?cid=0x0:0x8c41c36838a7fc1f,
mall,Pusat Perbelanjaan,MK. DANA,"Semarapura Kangin, Kec. Klungkung, Kabupaten Klungkung, Bali 80761","Kec. Klungkung, Kabupaten Klungkung",BALI,80761.0,Indonesia,87761041934.0,,,-85.406.958,1.154.041.906,https://maps.google.com/?cid=0x0:0xe7fda7a9c1607399,
mall,Pusat Perbelanjaan,MIC Store,"CCV6+RM7, Kp. Gelgel, Kec. Klungkung, Kabupaten Klungkung, Bali 80761","Kp. Gelgel, Kec. Klungkung, Kabupaten Klungkung",BALI,80761.0,Indonesia,85954130363.0,,,-85.554.516,1.154.116.864,https://maps.google.com/?cid=0x0:0x975466d1530894da,
mall,Pusat Perbelanjaan,Gong Windu,"F99M+6H4, Tihingan, Kec. Banjarangkan, Kabupaten Klungkung, Bali 80713","Tihingan, Kec. Banjarangkan, Kabupaten Klungkung",BALI,80713.0,Indonesia,3665596246.0,,,-85.319.765,1.153.839.432,https://maps.google.com/?cid=0x0:0x1a27ef74fa092dc5,
mall,Toko Swalayan,BALI PLASTIK,"Jl. Arjuna No.18B, Semarapura Kangin, Kec. Klungkung, Kabupaten Klungkung, Bali 80761","Semarapura Kangin, Kec. Klungkung, Kabupaten Klungkung",BALI,80761.0,Indonesia,3612735878.0,,,-85.377.224,1.154.044.635,https://maps.google.com/?cid=0x0:0x691d3644fd10cc38,
mall,Pusat Perbelanjaan,Gamelan Maker Mulia Utama,"Jl. Raya Tihingan No.12, Tihingan, Kec. Banjarangkan, Kabupaten Klungkung, Bali 80716","Tihingan, Kec. Banjarangkan, Kabupaten Klungkung",BALI,80716.0,Indonesia,81338700773.0,,,-85.316.814,1.153.829.937,https://maps.google.com/?cid=0x0:0x69362e2bbcb73db2,
mall,Pasar,Pasar Galiran Klungkung,"FC42+CJ5, Semarapura Kelod, Kec. Klungkung, Kabupaten Klungkung, Bali 80716","Semarapura Kelod, Kec. Klungkung, Kabupaten Klungkung",BALI,80716.0,Indonesia,,,,-85.439.762,1.154.016.092,https://maps.google.com/?cid=0x0:0x839c8ef1c389811d,
mall,Pusat Perbelanjaan,Fortune pink,"Jl. Dewi Sartika No.2, Semarapura Tengah, Kec. Klungkung, Kabupaten Klungkung, Bali 80711","Semarapura Tengah, Kec. Klungkung, Kabupaten Klungkung",BALI,80711.0,Indonesia,82145115617.0,,,-85.316.197,1.154.007.249,https://maps.google.com/?cid=0x0:0x5f3fec9d2cc17122,
mall,Toko,UD. Sari Yadnya,"Jl. Puputan No.121, Tojan, Kec. Klungkung, Kabupaten Klungkung, Bali 80716","Tojan, Kec. Klungkung, Kabupaten Klungkung",BALI,80716.0,Indonesia,81337502778.0,,,-85.470.029,1.154.029.982,https://maps.google.com/?cid=0x0:0xf65d2465ccac927f,
mall,Pusat Perbelanjaan,QIQIMART KLUNGKUNG,"Semarapura Kelod Kangin, Kec. Klungkung, Kabupaten Klungkung, Bali","Kabupaten Klungkung, Bali",BALI,,Indonesia,81337770564.0,,,-85.318.909,1.154.067.139,https://maps.google.com/?cid=0x0:0x5354edccf9490b23,
mall,Pusat Perbelanjaan,tempat saya kerja,"FCJ2+QCG, Jl. Raya Besakih, Akah, Kec. Klungkung, Kabupaten Klungkung, Bali 80716","Jl. Raya Besakih, Akah, Kec. Klungkung, Kabupaten Klungkung",BALI,80716.0,Indonesia,,,,-85.179.707,1.154.010.345,https://maps.google.com/?cid=0x0:0x12154520a97d8145,
mall,Toko,BINTANG SUCI,"FC73+9RM, Semarapura Kangin, Kec. Klungkung, Kabupaten Klungkung, Bali 80761","Semarapura Kangin, Kec. Klungkung, Kabupaten Klungkung",BALI,80761.0,Indonesia,81353177775.0,,,-85.365.316,1.154.045.459,https://maps.google.com/?cid=0x0:0x69fac899b19979b6,
mall,Pusat Perbelanjaan,Toko Utama,"Jl. Arjuna No.30, Semarapura Kangin, Kec. Klungkung, Kabupaten Klungkung, Bali 80761","Semarapura Kangin, Kec. Klungkung, Kabupaten Klungkung",BALI,80761.0,Indonesia,36621464.0,,,-85.377.989,115.405.131,https://maps.google.com/?cid=0x0:0x1d4cc4cbf58c396f,
mall,Toko,AA Shop,"Jl. Mawar No.11, Semarapura Kelod, Kec. Klungkung, Kabupaten Klungkung, Bali 80761","Semarapura Kelod, Kec. Klungkung, Kabupaten Klungkung",BALI,80761.0,Indonesia,87861925625.0,,,-85.365.024,1.154.025.036,https://maps.google.com/?cid=0x0:0x8f0db6704100dc92,
mall,Pusat Perbelanjaan,Tk.TOMI BUK EFA,"FC42+65P, Jl. Jepun, Semarapura Kelod, Kec. Klungkung, Kabupaten Klungkung, Bali 80716","Jl. Jepun, Semarapura Kelod, Kec. Klungkung, Kabupaten Klungkung",BALI,80716.0,Indonesia,81337766367.0,,,-85.444.083,1.154.004.439,https://maps.google.com/?cid=0x0:0x3f4af15d9a5df699,
mall,Ahli tembakau,ARI TOBACCO Klungkung,"FC63+M7W, Jl. Puputan, Semarapura Kangin, Kec. Klungkung, Kabupaten Klungkung, Bali","Kabupaten Klungkung, Bali",BALI,,Indonesia,85951759030.0,,,-8.538.262,1.154.031.921,https://maps.google.com/?cid=0x0:0xb4fb9ad32dab063a,
mall,mall,Bali 80712,"Kec. Klungkung, Kabupaten Klungkung, Bali","Kabupaten Klungkung, Bali",BALI,,Indonesia,,,,-85.253.594,1.153.919.027,https://maps.google.com/?cid=0x0:0x1c00c5eb6016bfa0,
mall,Mal outlet,Miniso Klungkung,"Jl. Ngurah Rai No.60, Semarapura Tengah, Kec. Klungkung, Kabupaten Klungkung, Bali 80716","Semarapura Tengah, Kec. Klungkung, Kabupaten Klungkung",BALI,80716.0,Indonesia,81215672599.0,,,-85.288.157,1.153.986.771,https://maps.google.com/?cid=0x0:0x6b952e2d34b9db64,
mall,Pusat Perbelanjaan,Nusantara Koi,"FCH2+3PM, Gg. Bangau, Akah, Kec. Klungkung, Kabupaten Klungkung, Bali 80711","Gg. Bangau, Akah, Kec. Klungkung, Kabupaten Klungkung",BALI,80711.0,Indonesia,81236941727.0,,,-85.222.877,1.154.017.882,https://maps.google.com/?cid=0x0:0x7fd9e7b34a8ab7b6,
mall,Toko,Al2 Store,"FC45+QX4, Kamasan, Kec. Klungkung, Kabupaten Klungkung, Bali 80761","Kamasan, Kec. Klungkung, Kabupaten Klungkung",BALI,80761.0,Indonesia,81353319397.0,,,-85.431.161,1.154.099.533,https://maps.google.com/?cid=0x0:0xe4c4661e40ad36ab,
mall,Pusat Perbelanjaan,QIQIMART KLUNGKUNG,"Semarapura Kelod Kangin, Kec. Klungkung, Kabupaten Klungkung, Bali","Kabupaten Klungkung, Bali",BALI,,Indonesia,81337770564.0,,,-85.318.909,1.154.067.139,https://maps.google.com/?cid=0x0:0x5354edccf9490b23,
mall,Pasar,Pasar Umum Klungkung,"Jl. Puputan No.7, Semarapura Kangin, Kec. Klungkung, Kabupaten Klungkung, Bali 80761","Semarapura Kangin, Kec. Klungkung, Kabupaten Klungkung",BALI,80761.0,Indonesia,,,,-85.371.512,1.154.046.376,https://maps.google.com/?cid=0x0:0x655915630f00f0a5,
mall,Pusat Perbelanjaan,Clandy's Mart Klungkung,"Jl. Ngurah Rai No.10, Semarapura Kauh, Kec. Klungkung, Kabupaten Klungkung, Bali 80716","Semarapura Kauh, Kec. Klungkung, Kabupaten Klungkung",BALI,80716.0,Indonesia,87761299130.0,,,-8.533.107,115.397.265,https://maps.google.com/?cid=0x0:0x3b17e2ccd55271bf,
mall,Kantor Pemerintah,Mal Pelayanan Publik (MPP) Kabupaten Klungkung,"Jl. Gajah Mada No.50, Semarapura Kelod Kangin, Kec. Klungkung, Kabupaten Klungkung, Bali 80761","Semarapura Kelod Kangin, Kec. Klungkung, Kabupaten Klungkung",BALI,80761.0,Indonesia,,,,-85.307.734,1.154.048.376,https://maps.google.com/?cid=0x0:0x4ad8165955693918,
mall,Pusat Perbelanjaan,Yoga Gamelan Maker,"F99P+G6C, Tihingan, Kec. Banjarangkan, Kabupaten Klungkung, Bali","Kabupaten Klungkung, Bali",BALI,,Indonesia,8563745484.0,,,-85.311.977,1.153.855.167,https://maps.google.com/?cid=0x0:0x7d28e8d3e2724189,
mall,mall,Nanda_Besang,"F9HX+8CW, Semarapura Kaja, Kec. Klungkung, Kabupaten Klungkung, Bali 80711","Semarapura Kaja, Kec. Klungkung, Kabupaten Klungkung",BALI,80711.0,Indonesia,,,,-85.216.259,1.153.985.711,https://maps.google.com/?cid=0x0:0x3ec353642c16d8d9,
mall,Toko Kosmetik,Dewa Ayu Shop Klungkung,"Jl. Untung Suropati No.45, Semarapura Tengah, Kec. Klungkung, Kabupaten Klungkung, Bali 80761","Semarapura Tengah, Kec. Klungkung, Kabupaten Klungkung",BALI,80761.0,Indonesia,85935049741.0,,,-85.346.406,1.153.990.262,https://maps.google.com/?cid=0x0:0x5da955d7be084be1,
mall,Toko bahan makanan,TOKO INDRAJAYA,"Jl. Raya Gelgel, Tojan, Kec. Klungkung, Kabupaten Klungkung, Bali 80716","Tojan, Kec. Klungkung, Kabupaten Klungkung",BALI,80716.0,Indonesia,81238533100.0,,,-85.531.716,1.154.037.726,https://maps.google.com/?cid=0x0:0x84e48669f81f3c55,
mall,Pasar,Pasar Klungkung,"FC73+HV9, Semarapura Kangin, Kec. Klungkung, Kabupaten Klungkung, Bali 80761","Semarapura Kangin, Kec. Klungkung, Kabupaten Klungkung",BALI,80761.0,Indonesia,,,,-85.360.839,1.154.047.405,https://maps.google.com/?cid=0x0:0xecfc9e5d0cba1ffe,
mall,mall,Bali 80713,"Tihingan, Kec. Banjarangkan, Kabupaten Klungkung, Bali","Kabupaten Klungkung, Bali",BALI,,Indonesia,,,,-8.533.129,1.153.889.403,https://maps.google.com/?cid=0x0:0x1c00c5eb6016bfb0,
mall,Mal outlet,Miniso Klungkung,"Jl. Ngurah Rai No.60, Semarapura Tengah, Kec. Klungkung, Kabupaten Klungkung, Bali 80716","Semarapura Tengah, Kec. Klungkung, Kabupaten Klungkung",BALI,80716.0,Indonesia,81215672599.0,,,-85.288.157,1.153.986.771,https://maps.google.com/?cid=0x0:0x6b952e2d34b9db64,
mall,Pusat Perbelanjaan,Genta Gending,"Jl. Hasanudin No.1, Semarapura Kauh, Kec. Klungkung, Kabupaten Klungkung, Bali 80711","Semarapura Kauh, Kec. Klungkung, Kabupaten Klungkung",BALI,80711.0,Indonesia,85239096028.0,,,-85.334.271,1.153.949.998,https://maps.google.com/?cid=0x0:0x601ca4ae0ef8275f,
mall,Pusat Perbelanjaan,Gamelan Maker Mulia Utama,"Jl. Raya Tihingan No.12, Tihingan, Kec. Banjarangkan, Kabupaten Klungkung, Bali 80716","Tihingan, Kec. Banjarangkan, Kabupaten Klungkung",BALI,80716.0,Indonesia,81338700773.0,,,-85.316.814,1.153.829.937,https://maps.google.com/?cid=0x0:0x69362e2bbcb73db2,
mall,Pasar,Pasar Klungkung,"FC73+HV9, Semarapura Kangin, Kec. Klungkung, Kabupaten Klungkung, Bali 80761","Semarapura Kangin, Kec. Klungkung, Kabupaten Klungkung",BALI,80761.0,Indonesia,,,,-85.360.839,1.154.047.405,https://maps.google.com/?cid=0x0:0xecfc9e5d0cba1ffe,
mall,Toko Sepatu,SHOESKLUNGKUNG_,"F95V+CR8, Jl. Raya Batu Tabih, Semarapura Kelod, Kec. Klungkung, Kabupaten Klungkung, Bali 80716","Jl. Raya Batu Tabih, Semarapura Kelod, Kec. Klungkung, Kabupaten Klungkung",BALI,80716.0,Indonesia,83114420015.0,,,-85.414.648,1.153.945.694,https://maps.google.com/?cid=0x0:0x98c0ea1f050ae4f7,
mall,Pasar,Toko puspa Agung -Didalam Pasar Seni Semarapura klungkung bali.,"Jl. Diponegoro No.16, Semarapura Kelod Kangin, Kec. Klungkung, Kabupaten Klungkung, Bali 80761","Semarapura Kelod Kangin, Kec. Klungkung, Kabupaten Klungkung",BALI,80761.0,Indonesia,81229230891.0,,,-85.354.833,115.404.216,https://maps.google.com/?cid=0x0:0x8d7b7e7cc6e557d9,
mall,Pusat Perbelanjaan,CEMERLANG FLAMBOYAN,"Jl. Raya Batu Tabih No.63, Semarapura Kelod, Kec. Klungkung, Kabupaten Klungkung, Bali 80716","Semarapura Kelod, Kec. Klungkung, Kabupaten Klungkung",BALI,80716.0,Indonesia,36621418.0,,,-85.414.682,1.153.948.994,https://maps.google.com/?cid=0x0:0xde6773d568428e2d,
mall,Pusat Perbelanjaan,MIC Store,"CCV6+RM7, Kp. Gelgel, Kec. Klungkung, Kabupaten Klungkung, Bali 80761","Kp. Gelgel, Kec. Klungkung, Kabupaten Klungkung",BALI,80761.0,Indonesia,85954130363.0,,,-85.554.516,1.154.116.864,https://maps.google.com/?cid=0x0:0x975466d1530894da,
mall,Pusat Perbelanjaan,GAMELAN,"Jl. Raya Tihingan No.21, Tihingan, Kec. Banjarangkan, Kabupaten Klungkung, Bali 80716","Tihingan, Kec. Banjarangkan, Kabupaten Klungkung",BALI,80716.0,Indonesia,89651323642.0,,,-85.303.317,1.153.829.968,https://maps.google.com/?cid=0x0:0x828f849c48335ce8,
mall,Pasar,Pasar Umum Klungkung,"Jl. Puputan No.7, Semarapura Kangin, Kec. Klungkung, Kabupaten Klungkung, Bali 80761","Semarapura Kangin, Kec. Klungkung, Kabupaten Klungkung",BALI,80761.0,Indonesia,,,,-85.371.512,1.154.046.376,https://maps.google.com/?cid=0x0:0x655915630f00f0a5,
mall,Pusat Perbelanjaan,Widii_karya gambelan,"F99M+FFH, Tihingan, Kec. Banjarangkan, Kabupaten Klungkung, Bali 80716","Tihingan, Kec. Banjarangkan, Kabupaten Klungkung",BALI,80716.0,Indonesia,,,,-8.531.484,115.384.223,https://maps.google.com/?cid=0x0:0x28b33605b5370e92,
mall,Pusat Perbelanjaan,QIQIMART KLUNGKUNG,"Semarapura Kelod Kangin, Kec. Klungkung, Kabupaten Klungkung, Bali","Kabupaten Klungkung, Bali",BALI,,Indonesia,81337770564.0,,,-85.318.909,1.154.067.139,https://maps.google.com/?cid=0x0:0x5354edccf9490b23,
mall,Toko Makanan,Toko Saputra,"Jl. Flamboyan No.37, Semarapura Kauh, Kec. Klungkung, Kabupaten Klungkung, Bali 80716","Semarapura Kauh, Kec. Klungkung, Kabupaten Klungkung",BALI,80716.0,Indonesia,,,,-8.538.351,115.395.354,https://maps.google.com/?cid=0x0:0x6a5be7667ce2e9e0,
mall,Toko Pakaian,Arjuna Bali,"G9MR+4R4, Nyanglan, Banjarangkan, Nyanglan, Kec. Klungkung, Kabupaten Klungkung, Bali 80752","Nyanglan, Banjarangkan, Nyanglan, Kec. Klungkung, Kabupaten Klungkung",BALI,80752.0,Indonesia,81337215737.0,,,-84.672.317,1.153.920.662,https://maps.google.com/?cid=0x0:0xe8d6aec5417e946,
mall,Pusat Perbelanjaan,Clandy's Mart Klungkung,"Jl. Ngurah Rai No.10, Semarapura Kauh, Kec. Klungkung, Kabupaten Klungkung, Bali 80716","Semarapura Kauh, Kec. Klungkung, Kabupaten Klungkung",BALI,80716.0,Indonesia,87761299130.0,,,-8.533.107,115.397.265,https://maps.google.com/?cid=0x0:0x3b17e2ccd55271bf,
mall,Kantor Perusahaan,Ud. PANDE KUSUMA BARGAWA GONG,"F98M+96M, Tihingan, Kec. Banjarangkan, Kabupaten Klungkung, Bali 80713","Tihingan, Kec. Banjarangkan, Kabupaten Klungkung",BALI,80713.0,Indonesia,81936238424.0,,,-85.340.484,1.153.830.325,https://maps.google.com/?cid=0x0:0x59af5bba6dd990a1,
mall,Toko,Wangga foto copy,"Jl. Flamboyan No.48, Semarapura Kauh, Kec. Klungkung, Kabupaten Klungkung, Bali 80716","Semarapura Kauh, Kec. Klungkung, Kabupaten Klungkung",BALI,80716.0,Indonesia,,,,-85.405.717,1.153.949.121,https://maps.google.com/?cid=0x0:0x3bff3dc0adbd1b5d,
mall,Kedai Pernak-pernik,SA.AccessoriesMotor,"Jl. Flamboyan No.13, Semarapura Kelod, Kec. Klungkung, Kabupaten Klungkung, Bali 80711","Semarapura Kelod, Kec. Klungkung, Kabupaten Klungkung",BALI,80711.0,Indonesia,81246742192.0,,,-85.358.894,1.153.962.393,https://maps.google.com/?cid=0x0:0x1973aa86bcd6740d,
mall,Kantor Pemerintah,Mal Pelayanan Publik (MPP) Kabupaten Klungkung,"Jl. Gajah Mada No.50, Semarapura Kelod Kangin, Kec. Klungkung, Kabupaten Klungkung, Bali 80761","Semarapura Kelod Kangin, Kec. Klungkung, Kabupaten Klungkung",BALI,80761.0,Indonesia,,,,-85.307.734,1.154.048.376,https://maps.google.com/?cid=0x0:0x4ad8165955693918,
mall,Toko,Al2 Store,"FC45+QX4, Kamasan, Kec. Klungkung, Kabupaten Klungkung, Bali 80761","Kamasan, Kec. Klungkung, Kabupaten Klungkung",BALI,80761.0,Indonesia,81353319397.0,,,-85.431.161,1.154.099.533,https://maps.google.com/?cid=0x0:0xe4c4661e40ad36ab,
mall,Grosir,Mawar Collection,"C9WW+4V2, Satra, Kec. Klungkung, Kabupaten Klungkung, Bali 80716","Satra, Kec. Klungkung, Kabupaten Klungkung",BALI,80716.0,Indonesia,87777962669.0,,,-85.547.378,1.153.971.555,https://maps.google.com/?cid=0x0:0xa8b0bacaddcc7b8f,
mall,Produsen makanan,Nanta Produksi Kripik,"F96J+925, Getakan, Kec. Banjarangkan, Kabupaten Klungkung, Bali 80752","Getakan, Kec. Banjarangkan, Kabupaten Klungkung",BALI,80752.0,Indonesia,81936255447.0,,,-85.391.137,1.153.801.094,https://maps.google.com/?cid=0x0:0x56e61103696334bc,
mall,Pusat Perbelanjaan,Gong Yoga Pande Lanus,"F98M+C8X, Tihingan, Kec. Banjarangkan, Kabupaten Klungkung, Bali 80713","Tihingan, Kec. Banjarangkan, Kabupaten Klungkung",BALI,80713.0,Indonesia,,,,-85.338.979,1.153.833.465,https://maps.google.com/?cid=0x0:0x608d6c730d6e81de,
mall,Pusat Perbelanjaan,Yoga Gamelan Maker,"F99P+G6C, Tihingan, Kec. Banjarangkan, Kabupaten Klungkung, Bali","Kabupaten Klungkung, Bali",BALI,,Indonesia,8563745484.0,,,-85.311.977,1.153.855.167,https://maps.google.com/?cid=0x0:0x7d28e8d3e2724189,
mall,Pusat Perbelanjaan,Warung Nasib,"F9FJ+WHF, Tihingan, Kec. Banjarangkan, Kabupaten Klungkung, Bali 80716","Tihingan, Kec. Banjarangkan, Kabupaten Klungkung",BALI,80716.0,Indonesia,,,,-85.251.973,1.153.814.203,https://maps.google.com/?cid=0x0:0x74ac4be72c27d2e4,
mall,mall,Semarapura,"Kec. Klungkung, Kabupaten Klungkung, Bali","Kabupaten Klungkung, Bali",BALI,,Indonesia,,,,-85.388.252,115.402.367,https://maps.google.com/?cid=0x0:0x4030bfbca7d2ed0,
mall,Mal outlet,Miniso Klungkung,"Jl. Ngurah Rai No.60, Semarapura Tengah, Kec. Klungkung, Kabupaten Klungkung, Bali 80716","Semarapura Tengah, Kec. Klungkung, Kabupaten Klungkung",BALI,80716.0,Indonesia,81215672599.0,,,-85.288.157,1.153.986.771,https://maps.google.com/?cid=0x0:0x6b952e2d34b9db64,
mall,Toko Kosmetik,Dewa Ayu Shop Klungkung,"Jl. Untung Suropati No.45, Semarapura Tengah, Kec. Klungkung, Kabupaten Klungkung, Bali 80761","Semarapura Tengah, Kec. Klungkung, Kabupaten Klungkung",BALI,80761.0,Indonesia,85935049741.0,,,-85.346.406,1.153.990.262,https://maps.google.com/?cid=0x0:0x5da955d7be084be1,
mall,Pusat Perbelanjaan,Genta Gending,"Jl. Hasanudin No.1, Semarapura Kauh, Kec. Klungkung, Kabupaten Klungkung, Bali 80711","Semarapura Kauh, Kec. Klungkung, Kabupaten Klungkung",BALI,80711.0,Indonesia,85239096028.0,,,-85.334.271,1.153.949.998,https://maps.google.com/?cid=0x0:0x601ca4ae0ef8275f,
mall,Pusat Perbelanjaan,CEMERLANG FLAMBOYAN,"Jl. Raya Batu Tabih No.63, Semarapura Kelod, Kec. Klungkung, Kabupaten Klungkung, Bali 80716","Semarapura Kelod, Kec. Klungkung, Kabupaten Klungkung",BALI,80716.0,Indonesia,36621418.0,,,-85.414.682,1.153.948.994,https://maps.google.com/?cid=0x0:0xde6773d568428e2d,
mall,Pusat Perbelanjaan,MIC Store,"CCV6+RM7, Kp. Gelgel, Kec. Klungkung, Kabupaten Klungkung, Bali 80761","Kp. Gelgel, Kec. Klungkung, Kabupaten Klungkung",BALI,80761.0,Indonesia,85954130363.0,,,-85.554.516,1.154.116.864,https://maps.google.com/?cid=0x0:0x975466d1530894da,
mall,Toko Sepatu,SHOESKLUNGKUNG_,"F95V+CR8, Jl. Raya Batu Tabih, Semarapura Kelod, Kec. Klungkung, Kabupaten Klungkung, Bali 80716","Jl. Raya Batu Tabih, Semarapura Kelod, Kec. Klungkung, Kabupaten Klungkung",BALI,80716.0,Indonesia,83114420015.0,,,-85.414.648,1.153.945.694,https://maps.google.com/?cid=0x0:0x98c0ea1f050ae4f7,
mall,Toko Makanan,Kurnia AgungMulia Sejahtera Galiran,"Jl. Puputan No.112, Semarapura Kangin, Kec. Klungkung, Kabupaten Klungkung, Bali 80716","Semarapura Kangin, Kec. Klungkung, Kabupaten Klungkung",BALI,80716.0,Indonesia,81278887909.0,,,-85.459.634,1.154.026.831,https://maps.google.com/?cid=0x0:0x8c41c36838a7fc1f,
mall,Pasar,Toko puspa Agung -Didalam Pasar Seni Semarapura klungkung bali.,"Jl. Diponegoro No.16, Semarapura Kelod Kangin, Kec. Klungkung, Kabupaten Klungkung, Bali 80761","Semarapura Kelod Kangin, Kec. Klungkung, Kabupaten Klungkung",BALI,80761.0,Indonesia,81229230891.0,,,-85.354.833,115.404.216,https://maps.google.com/?cid=0x0:0x8d7b7e7cc6e557d9,
mall,Pasar,Pasar Klungkung,"FC73+HV9, Semarapura Kangin, Kec. Klungkung, Kabupaten Klungkung, Bali 80761","Semarapura Kangin, Kec. Klungkung, Kabupaten Klungkung",BALI,80761.0,Indonesia,,,,-85.360.839,1.154.047.405,https://maps.google.com/?cid=0x0:0xecfc9e5d0cba1ffe,
mall,Toko,UD. Sari Yadnya,"Jl. Puputan No.121, Tojan, Kec. Klungkung, Kabupaten Klungkung, Bali 80716","Tojan, Kec. Klungkung, Kabupaten Klungkung",BALI,80716.0,Indonesia,81337502778.0,,,-85.470.029,1.154.029.982,https://maps.google.com/?cid=0x0:0xf65d2465ccac927f,
mall,Pusat Perbelanjaan,MK. DANA,"Semarapura Kangin, Kec. Klungkung, Kabupaten Klungkung, Bali 80761","Kec. Klungkung, Kabupaten Klungkung",BALI,80761.0,Indonesia,87761041934.0,,,-85.406.958,1.154.041.906,https://maps.google.com/?cid=0x0:0xe7fda7a9c1607399,
mall,Toko Swalayan,BALI PLASTIK,"Jl. Arjuna No.18B, Semarapura Kangin, Kec. Klungkung, Kabupaten Klungkung, Bali 80761","Semarapura Kangin, Kec. Klungkung, Kabupaten Klungkung",BALI,80761.0,Indonesia,3612735878.0,,,-85.377.224,1.154.044.635,https://maps.google.com/?cid=0x0:0x691d3644fd10cc38,
mall,Pasar,Pasar Galiran Klungkung,"FC42+CJ5, Semarapura Kelod, Kec. Klungkung, Kabupaten Klungkung, Bali 80716","Semarapura Kelod, Kec. Klungkung, Kabupaten Klungkung",BALI,80716.0,Indonesia,,,,-85.439.762,1.154.016.092,https://maps.google.com/?cid=0x0:0x839c8ef1c389811d,
mall,Pusat Perbelanjaan,Nusantara Koi,"FCH2+3PM, Gg. Bangau, Akah, Kec. Klungkung, Kabupaten Klungkung, Bali 80711","Gg. Bangau, Akah, Kec. Klungkung, Kabupaten Klungkung",BALI,80711.0,Indonesia,81236941727.0,,,-85.222.877,1.154.017.882,https://maps.google.com/?cid=0x0:0x7fd9e7b34a8ab7b6,
mall,Pusat Perbelanjaan,QIQIMART KLUNGKUNG,"Semarapura Kelod Kangin, Kec. Klungkung, Kabupaten Klungkung, Bali","Kabupaten Klungkung, Bali",BALI,,Indonesia,81337770564.0,,,-85.318.909,1.154.067.139,https://maps.google.com/?cid=0x0:0x5354edccf9490b23,
mall,Komplek perumahan,Tu tapa dgj,"Jl. Raya Takmung, Satra, Kec. Klungkung, Kabupaten Klungkung, Bali 80716","Satra, Kec. Klungkung, Kabupaten Klungkung",BALI,80716.0,Indonesia,81916758337.0,,,-85.537.296,1.153.961.144,https://maps.google.com/?cid=0x0:0xc2c5902b7283abcf,
mall,Pusat Perbelanjaan,Tk.TOMI BUK EFA,"FC42+65P, Jl. Jepun, Semarapura Kelod, Kec. Klungkung, Kabupaten Klungkung, Bali 80716","Jl. Jepun, Semarapura Kelod, Kec. Klungkung, Kabupaten Klungkung",BALI,80716.0,Indonesia,81337766367.0,,,-85.444.083,1.154.004.439,https://maps.google.com/?cid=0x0:0x3f4af15d9a5df699,
mall,Toko Pakaian,Aryakoi 9,"Jl. Puputan No.122, Tojan, Kec. Klungkung, Kabupaten Klungkung, Bali 80716","Tojan, Kec. Klungkung, Kabupaten Klungkung",BALI,80716.0,Indonesia,,,,-85.470.641,1.154.027.778,https://maps.google.com/?cid=0x0:0xaff263add6a84a7a,
mall,Grosir,Mawar Collection,"C9WW+4V2, Satra, Kec. Klungkung, Kabupaten Klungkung, Bali 80716","Satra, Kec. Klungkung, Kabupaten Klungkung",BALI,80716.0,Indonesia,87777962669.0,,,-85.547.378,1.153.971.555,https://maps.google.com/?cid=0x0:0xa8b0bacaddcc7b8f,
mall,Pusat Perbelanjaan,UD sumber akbar klungkung,"FC32+X76, Semarapura Kelod, Kec. Klungkung, Kabupaten Klungkung, Bali 80716","Semarapura Kelod, Kec. Klungkung, Kabupaten Klungkung",BALI,80716.0,Indonesia,81236378658.0,,,-85.450.819,1.154.006.354,https://maps.google.com/?cid=0x0:0x2dc4885655bda75b,
mall,Toko Makanan,Toko Saputra,"Jl. Flamboyan No.37, Semarapura Kauh, Kec. Klungkung, Kabupaten Klungkung, Bali 80716","Semarapura Kauh, Kec. Klungkung, Kabupaten Klungkung",BALI,80716.0,Indonesia,,,,-8.538.351,115.395.354,https://maps.google.com/?cid=0x0:0x6a5be7667ce2e9e0,
mall,Pusat Perbelanjaan,Utama Grosir,"Jl. Puputan No.87, Semarapura Kangin, Kec. Klungkung, Kabupaten Klungkung, Bali 80716","Semarapura Kangin, Kec. Klungkung, Kabupaten Klungkung",BALI,80716.0,Indonesia,,,,-85.441.025,1.154.027.246,https://maps.google.com/?cid=0x0:0xba8e245dee7bce05,
mall,mall,Bali 80771,"Kec. Nusa Penida, Kabupaten Klungkung, Bali","Kabupaten Klungkung, Bali",BALI,,Indonesia,,,,-8.727.807,1.155.444.231,https://maps.google.com/?cid=0x0:0x1c00c5eb6016c020,
mall,Toko,BINTANG Souvenir Nusa Penida,"Br. pendem No.Desa, Pejukutan, Kec. Nusa Penida, Kabupaten Klungkung, Bali 80771","Pejukutan, Kec. Nusa Penida, Kabupaten Klungkung",BALI,80771.0,Indonesia,85238460866.0,,,-87.615.013,11.559.267,https://maps.google.com/?cid=0x0:0xc13ea646873e3299,
mall,Pasar,Pasar Tradisional Sampalan,"Jl. Nusa Indah No.11, Batununggul, Kec. Nusa Penida, Kabupaten Klungkung, Bali 80771","Batununggul, Kec. Nusa Penida, Kabupaten Klungkung",BALI,80771.0,Indonesia,,,,-8.672.656,1.155.564.764,https://maps.google.com/?cid=0x0:0x135d06e67de2b101,
mall,Toko Suvenir,Nusa Udeng Collection(Hyang Api Cottage),"7G4C+GPW, Klumpu, Kec. Nusa Penida, Kabupaten Klungkung, Bali 80771","Klumpu, Kec. Nusa Penida, Kabupaten Klungkung",BALI,80771.0,Indonesia,82247036708.0,,,-8.743.643,115.521.813,https://maps.google.com/?cid=0x0:0xf8f00a971efc70f6,
mall,Toko bahan makanan,Toko Rama,"8F9Q+2CC, Kp. Toyapakeh, Kec. Nusa Penida, Kabupaten Klungkung, Bali 80771","Kp. Toyapakeh, Kec. Nusa Penida, Kabupaten Klungkung",BALI,80771.0,Indonesia,81246466633.0,,,-86.824.263,115.488.514,https://maps.google.com/?cid=0x0:0x3e1c40ac86740d3b,
mall,Toko Suvenir,Gaya Island Souvenir,"8FM2+RH8, Jungutbatu, Kec. Nusa Penida, Kabupaten Klungkung, Bali 80771","Jungutbatu, Kec. Nusa Penida, Kabupaten Klungkung",BALI,80771.0,Indonesia,81999198228.0,,,-86.654.642,1.154.514.653,https://maps.google.com/?cid=0x0:0x9285f8014adda83c,
mall,Toko Swalayan,Saren Mini Store,"6GV7+3R5, Batumadeg, Kec. Nusa Penida, Kabupaten Klungkung, Bali 80771","Batumadeg, Kec. Nusa Penida, Kabupaten Klungkung",BALI,80771.0,Indonesia,85237941786.0,,,-87.573.542,1.155.145.987,https://maps.google.com/?cid=0x0:0x8fe7626f73439b86,
mall,Toko bahan makanan,Dewi Artha Mart,"Jl. Nusa Ceningan, Lembongan, Kec. Nusa Penida, Kabupaten Klungkung, Bali 80771","Lembongan, Kec. Nusa Penida, Kabupaten Klungkung",BALI,80771.0,Indonesia,81239301324.0,,,-86.997.074,1.154.455.946,https://maps.google.com/?cid=0x0:0x80369cce9414113c,
mall,Persewaan Skuter,Maha shop  scooter rental,"8CCW+GCX, Jungutbatu, Kec. Nusa Penida, Kabupaten Klungkung, Bali 80771","Jungutbatu, Kec. Nusa Penida, Kabupaten Klungkung",BALI,80771.0,Indonesia,82114723719.0,,,-86.786.448,1.154.461.236,https://maps.google.com/?cid=0x0:0x87eafc495666fbac,
mall,Pusat Perbelanjaan,Japfa silver,"8G8R+8Q7, Jl. Buyuk Limo, Kutampi Kaler, Kec. Nusa Penida, Kabupaten Klungkung, Bali 80771","Jl. Buyuk Limo, Kutampi Kaler, Kec. Nusa Penida, Kabupaten Klungkung",BALI,80771.0,Indonesia,81337574462.0,,,-86.842.118,1.155.419.168,https://maps.google.com/?cid=0x0:0x29ed68e056c5c847,
mall,Pusat Perbelanjaan,Toko Liong Crystal Bay,"7FMH+3PC, Br. Penida Desa Sakti. Nusa Penida, Sakti, Kec. Nusa Penida, Kabupaten Klungkung, Bali 80771","Br. Penida Desa Sakti. Nusa Penida, Sakti, Kec. Nusa Penida, Kabupaten Klungkung",BALI,80771.0,Indonesia,82339964886.0,,,-87.173.108,1.154.792.784,https://maps.google.com/?cid=0x0:0x9b97b65859eb590a,
mall,Toko bahan makanan,Lukya Ping,"Ped, Kec. Nusa Penida, Kabupaten Klungkung, Bali 80771","Kec. Nusa Penida, Kabupaten Klungkung",BALI,80771.0,Indonesia,82260815792.0,,,-8.675.682,1.154.918.098,https://maps.google.com/?cid=0x0:0x98b4e93bb269c383,
mall,Pusat Perbelanjaan,Warung Bu Peby,"7G58+RF9, Unnamed Road, Batumadeg, Nusa Penida, Klungkung Regency, Bali 80771","Unnamed Road, Batumadeg, Nusa Penida, Klungkung Regency",BALI,80771.0,Indonesia,85338688766.0,,,-87.404.589,1.155.162.419,https://maps.google.com/?cid=0x0:0x3d042d08a90d2ca2,
mall,Toko bahan makanan,Lolot Fresh,"8HF9+CW6, Batununggul, Kec. Nusa Penida, Kabupaten Klungkung, Bali 80771","Batununggul, Kec. Nusa Penida, Kabupaten Klungkung",BALI,80771.0,Indonesia,81338163703.0,,,-86.764.578,115.569.766,https://maps.google.com/?cid=0x0:0x18592bd339cc3811,
mall,Pusat Perbelanjaan,Bali silver smith,"6HW5+CM7, Jl. Batu Kandik-Tanglad, Banjar Gepuh, Kec. Nusa Penida, Kabupaten Klungkung, Bali 59274","Jl. Batu Kandik-Tanglad, Banjar Gepuh, Kec. Nusa Penida, Kabupaten Klungkung",BALI,59274.0,Indonesia,85238003979.0,,,-8.753.958,11.555.916,https://maps.google.com/?cid=0x0:0x8bc117c42fe0f4ea,
mall,Pusat Perbelanjaan,Warung Made Suandri,"7F8H+W6W, Bunga Mekar, Kec. Nusa Penida, Kabupaten Klungkung, Bali 80771","Bunga Mekar, Kec. Nusa Penida, Kabupaten Klungkung",BALI,80771.0,Indonesia,85338161697.0,,,-87.326.263,1.154.780.723,https://maps.google.com/?cid=0x0:0x44a85a8e67d151b6,
mall,Toko Pakaian,Ayu Colection,"Nusa Lembongan, Jungutbatu, Kec. Nusa Penida, Kabupaten Klungkung, Bali 80771","Jungutbatu, Kec. Nusa Penida, Kabupaten Klungkung",BALI,80771.0,Indonesia,,,,-86.823.266,1.154.383.504,https://maps.google.com/?cid=0x0:0x9699788a023207c1,
mall,Toko Swalayan,WARUNG YOGA MART,"7J76+7HP, Jl. Raya Semaya, Nusa, penida, Kabupaten Klungkung, Bali 80771","Jl. Raya Semaya, Nusa, penida, Kabupaten Klungkung",BALI,80771.0,Indonesia,82340864525.0,,,-87.367.968,1.156.114.635,https://maps.google.com/?cid=0x0:0xe288a9f9e33ae163,
mall,Pusat Perbelanjaan,Warung Putu Bawe,"7HH9+GQ5, Unnamed Road, Kutampi, Kec. Nusa Penida, Kabupaten Klungkung, Bali 80771","Unnamed Road, Kutampi, Kec. Nusa Penida, Kabupaten Klungkung",BALI,80771.0,Indonesia,,,,-87.212.434,1.155.694.885,https://maps.google.com/?cid=0x0:0xcb565b266134fd88,
mall,Pondok,Rumah belajar bukit keker,"8F8V+QG3, Unnamed Road, Ped, Kec. Nusa Penida, Kabupaten Klungkung, Bali 80771","Unnamed Road, Ped, Kec. Nusa Penida, Kabupaten Klungkung",BALI,80771.0,Indonesia,82144881945.0,,,-86.831.064,1.154.938.054,https://maps.google.com/?cid=0x0:0x3a1beb4b59a59ec4,
mall,Pusat Perbelanjaan,Warung Mek Deker,"8C2X+M98, Jl. Nusa Ceningan, Lembongan, Kec. Nusa Penida, Kabupaten Klungkung, Bali 80771","Jl. Nusa Ceningan, Lembongan, Kec. Nusa Penida, Kabupaten Klungkung",BALI,80771.0,Indonesia,,,,-86.983.449,1.154.484.531,https://maps.google.com/?cid=0x0:0x5fbb754860dc49be,
mall,Pusat Perbelanjaan,Warung Mek Agus,"7GXH+224, Ped, Kec. Nusa Penida, Kabupaten Klungkung, Bali 80771","Ped, Kec. Nusa Penida, Kabupaten Klungkung",BALI,80771.0,Indonesia,,,,-87.024.963,1.155.275.731,https://maps.google.com/?cid=0x0:0xcdbdd03609d3034a,
mall,Pusat Perbelanjaan,Warung diaseh,"6JC2+6XX, Unnamed Road, Pejukutan, Kec. Nusa Penida, Kabupaten Klungkung, Bali 80771","Unnamed Road, Pejukutan, Kec. Nusa Penida, Kabupaten Klungkung",BALI,80771.0,Indonesia,,,,-87.793.941,1.156.024.699,https://maps.google.com/?cid=0x0:0x11c407f75075e5c8,
supermarket,supermarket,Bali 80752,"Kec. Banjarangkan, Kabupaten Klungkung, Bali","Kabupaten Klungkung, Bali",BALI,,Indonesia,,,,-8.512.833,1.153.726.469,https://maps.google.com/?cid=0x0:0x1c00c5eb6016c000,
supermarket,Toko Swalayan,Swalayan Cintamani,"C9XF+VX8, Jl. Raya Banjarangkan, Kabupaten, Kec. Klungkung, Kabupaten Klungkung, Bali 80752","Jl. Raya Banjarangkan, Kabupaten, Kec. Klungkung, Kabupaten Klungkung",BALI,80752.0,Indonesia,36631638.0,,,-85.503.389,1.153.749.386,https://maps.google.com/?cid=0x0:0x7091b38d7622f422,
supermarket,Minimarket,Indomaret Banjarangkan 2,"C9XG+M8X, Jl. Raya Banjarangkan, Klungkung, Kec. Banjarangkan, Kabupaten Klungkung, Bali 80752","Jl. Raya Banjarangkan, Klungkung, Kec. Banjarangkan, Kabupaten Klungkung",BALI,80752.0,Indonesia,8873437414.0,,,-85.507.622,1.153.758.651,https://maps.google.com/?cid=0x0:0x111c858faa117b23,
supermarket,Minimarket,Alfamart Banjarangkan,"Jl. Letda Ida Bagus Puja, Banjarangkan, Kec. Banjarangkan, Kab. Klungkung, Bali 80752","Banjarangkan, Kec. Banjarangkan, Kab. Klungkung",BALI,80752.0,Indonesia,1500959.0,,,-85.502.104,1.153.712.566,https://maps.google.com/?cid=0x0:0xdeaf1241fb6cc8dd,
supermarket,Toko bahan makanan,"Toko Manandana, grosir dan ecer","Jl. Raya Takmung, Takmung, Kec. Banjarangkan, Kabupaten Klungkung, Bali 80752","Takmung, Kec. Banjarangkan, Kabupaten Klungkung",BALI,80752.0,Indonesia,85737425398.0,,,-85.569.701,1.153.872.221,https://maps.google.com/?cid=0x0:0xb8debd411beddcf7,
supermarket,Toko,Garage shop,"Jl. Raya Tusan, Tusan, Kec. Banjarangkan, Kabupaten Klungkung, Bali 80752","Tusan, Kec. Banjarangkan, Kabupaten Klungkung",BALI,80752.0,Indonesia,,,,-85.335.854,115.366.827,https://maps.google.com/?cid=0x0:0xcd51147687b55453,
supermarket,Minimarket,SRC Suwitra,"F9H8+236, Jl. Bakas, Tusan, Kec. Banjarangkan, Kabupaten Klungkung, Bali 80752","Jl. Bakas, Tusan, Kec. Banjarangkan, Kabupaten Klungkung",BALI,80752.0,Indonesia,,,,-85.224.555,1.153.651.528,https://maps.google.com/?cid=0x0:0x49e95ce4254b6f64,
supermarket,Minimarket,Warung Dewa Nyoman Sayang,"F9MG+937, Desa, Getakan, Kec. Banjarangkan, Kabupaten Klungkung, Bali 80752","Desa, Getakan, Kec. Banjarangkan, Kabupaten Klungkung",BALI,80752.0,Indonesia,81239127173.0,,,-85.165.929,1.153.751.763,https://maps.google.com/?cid=0x0:0x4661b4eee22be99d,
supermarket,Toko,Warung carangsari,"G9GM+83P, Unnamed Road, Bungbungan, Kec. Banjarangkan, Kabupaten Klungkung, Bali 80752","Unnamed Road, Bungbungan, Kec. Banjarangkan, Kabupaten Klungkung",BALI,80752.0,Indonesia,,,,-84.741.617,1.153.827.165,https://maps.google.com/?cid=0x0:0x1a1695a69d1a5d85,
supermarket,Toko,Men Gede Mart,"Jl. Bakas No.kangin, Br. Kangin, Kec. Banjarangkan, Kelungkung, Bali 80752","Br. Kangin, Kec. Banjarangkan, Kelungkung",BALI,80752.0,Indonesia,82247412947.0,,,-85.215.234,1.153.660.354,https://maps.google.com/?cid=0x0:0x6351dcb471e43001,
supermarket,Toko Perlengkapan Rumah,Toko Napura,"Nyalian, Kec. Banjarangkan, Kabupaten Klungkung, Bali 80752","Kec. Banjarangkan, Kabupaten Klungkung",BALI,80752.0,Indonesia,81338799619.0,,,-84.988.176,1.153.676.805,https://maps.google.com/?cid=0x0:0x7616ce6be370c166,
supermarket,Toko bahan makanan,WARUNG BIANG WENTEN,"G978+RWF, Bungbungan, Kec. Banjarangkan, Kabupaten Klungkung, Bali 80752","Bungbungan, Kec. Banjarangkan, Kabupaten Klungkung",BALI,80752.0,Indonesia,,,,-84.854.398,1.153.673.099,https://maps.google.com/?cid=0x0:0x540164c24a5e80b5,
supermarket,Toko bahan makanan,Jero Mangku Gunawan,"F9QM+RH8, Unnamed Rd, Kabupaten KlungkungBanjarankan, Aan, Kec. Banjarangkan, Kabupaten Klungkung, Bali 80716","Unnamed Rd, Kabupaten KlungkungBanjarankan, Aan, Kec. Banjarangkan, Kabupaten Klungkung",BALI,80716.0,Indonesia,81321249903.0,,,-8.510.454,1.153.839.624,https://maps.google.com/?cid=0x0:0x78c10acd1c184dd7,
supermarket,Toko bahan makanan,Warung Genta,"F9RJ+QMC, Aan, Kec. Banjarangkan, Kabupaten Klungkung, Bali 80752","Aan, Kec. Banjarangkan, Kabupaten Klungkung",BALI,80752.0,Indonesia,81338384086.0,,,-85.080.723,115.381.629,https://maps.google.com/?cid=0x0:0xfaa9f544ec4a2986,
supermarket,Toko,Warung Sukrani,"F9XF+RPM, Aan, Kec. Banjarangkan, Kabupaten Klungkung, Bali 80752","Aan, Kec. Banjarangkan, Kabupaten Klungkung",BALI,80752.0,Indonesia,85936102927.0,,,-85.004.055,1.153.743.082,https://maps.google.com/?cid=0x0:0x390fd5c64a399222,
supermarket,Toko Swalayan,Indomaret Banjarangkan,"JL. Letnan Dua Ida Bagus Puja, No. 19, Klungkung, Banjarangkan, Kec. Gianyar, Kabupaten Klungkung, Bali 80752","No. 19, Klungkung, Banjarangkan, Kec. Gianyar, Kabupaten Klungkung",BALI,80752.0,Indonesia,36622550.0,,,-85.495.567,1.153.687.466,https://maps.google.com/?cid=0x0:0xea3ed07a3be2d87b,
supermarket,Toko,Warung Bu Gusti Sriati,"BTN Penasan Blok D no. 1, Tihingan, Kec. Banjarangkan, Kabupaten Klungkung, Bali 80713","Tihingan, Kec. Banjarangkan, Kabupaten Klungkung",BALI,80713.0,Indonesia,,,,-85.328.789,1.153.856.117,https://maps.google.com/?cid=0x0:0xef49050c6085ccf2,
supermarket,Supermarket Diskon,Unit Swalayan Mini,"Jl. Jempiring No.18, Semarapura Kelod, Kec. Klungkung, Kabupaten Klungkung, Bali 80711","Semarapura Kelod, Kec. Klungkung, Kabupaten Klungkung",BALI,80711.0,Indonesia,36625656.0,,,-85.388.147,1.153.999.291,https://maps.google.com/?cid=0x0:0xbb2237f769f95858,
supermarket,Toko,Adi Chan Waroeng,"GC82+WXG, Br.Gembalan, Selat, Kec. Klungkung, Kabupaten Klungkung, Bali 80716","Br.Gembalan, Selat, Kec. Klungkung, Kabupaten Klungkung",BALI,80716.0,Indonesia,85792489030.0,,,-84.826.877,1.154.024.396,https://maps.google.com/?cid=0x0:0xb7cc786c9ca6b424,
supermarket,Toko bahan makanan,Supermarket Inti,"Jl. Gn. Batukaru No.10, Semarapura Kelod Kangin, Kec. Klungkung, Kabupaten Klungkung, Bali 80761","Semarapura Kelod Kangin, Kec. Klungkung, Kabupaten Klungkung",BALI,80761.0,Indonesia,36621997.0,,,-85.345.619,1.154.046.405,https://maps.google.com/?cid=0x0:0xabcd68283db9de3c,
supermarket,Toko,Warung Lekok Made Ajra,"F9PF+CPC, Unnamed Road, Getakan, Kec. Banjarangkan, Kabupaten Klungkung, Bali 80752","Unnamed Road, Getakan, Kec. Banjarangkan, Kabupaten Klungkung",BALI,80752.0,Indonesia,,,,-85.139.337,1.153.742.568,https://maps.google.com/?cid=0x0:0xeb37b31f026c35b2,
supermarket,Toko Swalayan,MANAN DANA MART,"C9VP+5VW, Jl. Raya Takmung, Takmung, Kec. Banjarangkan, Kabupaten Klungkung, Bali 80716","Jl. Raya Takmung, Takmung, Kec. Banjarangkan, Kabupaten Klungkung",BALI,80716.0,Indonesia,,,,-8.557.013,1.153.872.137,https://maps.google.com/?cid=0x0:0x78c89fe8a7cc6f3a,
supermarket,Toko,Warung Bu Murtini Getakan,"F9JF+HF, Getakan, Kec. Banjarangkan, Kabupaten Klungkung, Bali 80752","Getakan, Kec. Banjarangkan, Kabupaten Klungkung",BALI,80752.0,Indonesia,,,,-85.185.346,1.153.736.594,https://maps.google.com/?cid=0x0:0xbacdec463347187f,
supermarket,Toko,Warung Bu Ariyana,"C9MM+PX5, jl. raya Lepang, Banjar Lepang, Kec. Banjarangkan, Kabupaten Klungkung, Bali 80752","jl. raya Lepang, Banjar Lepang, Kec. Banjarangkan, Kabupaten Klungkung",BALI,80752.0,Indonesia,81998972881.0,,,-85.657.394,1.153.849.904,https://maps.google.com/?cid=0x0:0x79a84401fb9acaff,
supermarket,supermarket,Bali 80761,"Kec. Dawan, Kabupaten Klungkung, Bali","Kabupaten Klungkung, Bali",BALI,,Indonesia,,,,-85.234.217,1.154.378.152,https://maps.google.com/?cid=0x0:0x1c00c5eb6016c010,
supermarket,Toko bahan makanan,SURYA NADI MART,"Paksebali, Kec. Dawan, Kabupaten Klungkung, Bali 80761","Kec. Dawan, Kabupaten Klungkung",BALI,80761.0,Indonesia,3665551260.0,,,-85.259.361,115.415.956,https://maps.google.com/?cid=0x0:0x6ef4df5d2ff5d901,
supermarket,Minimarket,Lais Mart,"FC6V+P8G, Dawan Klod, Kec. Dawan, Kabupaten Klungkung, Bali 80761","Dawan Klod, Kec. Dawan, Kabupaten Klungkung",BALI,80761.0,Indonesia,81337724679.0,,,-85.381.896,1.154.433.342,https://maps.google.com/?cid=0x0:0x61e46403eb56fc00,
supermarket,Minimarket,Toko nesh,"Jl. Bima No.5, Sampalan Tengah, Kec. Dawan, Kabupaten Klungkung, Bali 80761","Sampalan Tengah, Kec. Dawan, Kabupaten Klungkung",BALI,80761.0,Indonesia,,,,-85.384.325,1.154.149.231,https://maps.google.com/?cid=0x0:0xaf748439f2ae8509,
supermarket,Pemasok Produk Makanan,Supermarket Srinadi,"CCW7+C4H, Gelgel, Kec. Klungkung, Kabupaten Klungkung, Bali 80761","Gelgel, Kec. Klungkung, Kabupaten Klungkung",BALI,80761.0,Indonesia,36625750.0,,,-85.539.334,1.154.128.607,https://maps.google.com/?cid=0x0:0xce1d14e7af1e62f0,
supermarket,Toko,Warung Luh Nik   ,"Dawan Kaler, Kec. Dawan, Kabupaten Klungkung, Bali 80761","Kec. Dawan, Kabupaten Klungkung",BALI,80761.0,Indonesia,,,,-85.275.812,1.154.451.967,https://maps.google.com/?cid=0x0:0x5496297d1e94dffe,
supermarket,Toko bahan makanan,Nurta's Market,"Jl. Dharmawangsa Dusun Pasekan, Dawan Kaler, Kec. Dawan, Kabupaten Klungkung, Bali 80761","Dawan Kaler, Kec. Dawan, Kabupaten Klungkung",BALI,80761.0,Indonesia,,,,-8.527.301,115.445.262,https://maps.google.com/?cid=0x0:0xa81243f345a51a85,
supermarket,Rumah Makan,Warung Tepi Sawah Dawan,"CCWX+994, Gunaksa, Kec. Dawan, Kabupaten Klungkung, Bali 80761","Gunaksa, Kec. Dawan, Kabupaten Klungkung",BALI,80761.0,Indonesia,85738533528.0,,,-85.541.066,1.154.484.464,https://maps.google.com/?cid=0x0:0xbc1d8b33e22a77dc,
supermarket,Toko,Kios Bintang,"FC98+88C, Paksebali, Kec. Dawan, Kabupaten Klungkung, Bali 80761","Paksebali, Kec. Dawan, Kabupaten Klungkung",BALI,80761.0,Indonesia,,,,-85.316.894,1.154.157.676,https://maps.google.com/?cid=0x0:0x2b1beba264e056eb,
supermarket,Toko,Sri Sedana,"CFR2+23R, Banjaranyar, Jl. Pandu, Kusamba, Kec. Dawan, Kabupaten Klungkung, Bali 80761","Banjaranyar, Jl. Pandu, Kusamba, Kec. Dawan, Kabupaten Klungkung",BALI,80761.0,Indonesia,81234710991.0,,,-8.559.882,1.154.501.289,https://maps.google.com/?cid=0x0:0x784edc84c548f3b9,
supermarket,Pusat Perbelanjaan,Warung Om Dedik,"FC9V+VV7, Jl. Sawo Kabeh, Dawan Kaler, Kec. Dawan, Kabupaten Klungkung, Bali 80761","Jl. Sawo Kabeh, Dawan Kaler, Kec. Dawan, Kabupaten Klungkung",BALI,80761.0,Indonesia,87860253708.0,,,-85.303.296,1.154.446.833,https://maps.google.com/?cid=0x0:0xb3c34ec9e5f6a94a,
supermarket,Toko bahan makanan,Supermarket Inti,"Jl. Gn. Batukaru No.10, Semarapura Kelod Kangin, Kec. Klungkung, Kabupaten Klungkung, Bali 80761","Semarapura Kelod Kangin, Kec. Klungkung, Kabupaten Klungkung",BALI,80761.0,Indonesia,36621997.0,,,-85.345.619,1.154.046.405,https://maps.google.com/?cid=0x0:0xabcd68283db9de3c,
supermarket,Toko,Wr mega,"FC6V+G65, Dawan Klod, Kec. Dawan, Kabupaten Klungkung, Bali 80761","Dawan Klod, Kec. Dawan, Kabupaten Klungkung",BALI,80761.0,Indonesia,,,,-85.387.334,1.154.430.994,https://maps.google.com/?cid=0x0:0x4574c1fd62cafa32,
supermarket,Toko,Warung Koko,"Jl. Giri Wisma, Dawan Kaler, Kec. Dawan, Kabupaten Klungkung, Bali 80761","Dawan Kaler, Kec. Dawan, Kabupaten Klungkung",BALI,80761.0,Indonesia,81338636648.0,,,-85.270.704,1.154.454.351,https://maps.google.com/?cid=0x0:0x4bf42b52bd052427,
supermarket,Pusat Perbelanjaan,Bali Gendis. UD,"FC3R+H9H, Jl. Br Tengah, Dawan Klod, Kec. Klungkung, Kabupaten Klungkung, Bali 80761","Jl. Br Tengah, Dawan Klod, Kec. Klungkung, Kabupaten Klungkung",BALI,80761.0,Indonesia,36622602.0,,,-8.546.053,115.440.974,https://maps.google.com/?cid=0x0:0x1c11894e2f13e356,
supermarket,Toko,Natasha Mart,"Dawan Klod, Kec. Dawan, Kabupaten Klungkung, Bali","Kabupaten Klungkung, Bali",BALI,,Indonesia,87861477717.0,,,-85.399.543,1.154.430.247,https://maps.google.com/?cid=0x0:0x1656dc04d179924c,
supermarket,Toko Swalayan,Rahayu cell  shop,"Jl. Sri Rama, dusun pakel, Sampalan Tengah, Kec. Dawan, Kabupaten Klungkung, Bali 80761","dusun pakel, Sampalan Tengah, Kec. Dawan, Kabupaten Klungkung",BALI,80761.0,Indonesia,81999487344.0,,,-85.371.868,1.154.176.891,https://maps.google.com/?cid=0x0:0xf949892ab4a4cc63,
supermarket,Toko Bahan Bangunan,"Toko Bangunan KERTA JAYA, Dawan Klungkung","Jl. Subak Sedahan Ayung, Gunaksa, Dawan, Klungkung Regency, Bali 80761","Gunaksa, Dawan, Klungkung Regency",BALI,80761.0,Indonesia,85738960650.0,,,-85.521.736,11.544.849,https://maps.google.com/?cid=0x0:0x60ef2d8105f8abee,
supermarket,Toko Pertanian,KIOS SARI TANI,"CCVP+7JJ, Jl. Kusanegara, Gunaksa, Kec. Dawan, Kabupaten Klungkung, Bali 80761","Jl. Kusanegara, Gunaksa, Kec. Dawan, Kabupaten Klungkung",BALI,80761.0,Indonesia,81916820040.0,,,-85.567.922,1.154.365.258,https://maps.google.com/?cid=0x0:0x3a0689ca9953240a,
supermarket,Toko bahan makanan,Denata Mart,"Jalan dawan pundukdawa, Kec. Dawan, Kabupaten Klungkung, Bali 80716","Kec. Dawan, Kabupaten Klungkung",BALI,80716.0,Indonesia,81802311322.0,,,-8.543.379,1.154.452.267,https://maps.google.com/?cid=0x0:0xda09b003252ed27d,
supermarket,Toko,Warung Bu Ketut Taman,"Dawan Kaler, Kec. Dawan, Kabupaten Klungkung, Bali 80761","Kec. Dawan, Kabupaten Klungkung",BALI,80761.0,Indonesia,81936271054.0,,,-85.295.116,1.154.448.495,https://maps.google.com/?cid=0x0:0x4e7cce10aae36490,
supermarket,Toko Bahan Bangunan,TB. Darma,"FC6V+R7Q, Jl. Sawo Kabeh, Dawan Kaler, Kec. Dawan, Kabupaten Klungkung, Bali 80761","Jl. Sawo Kabeh, Dawan Kaler, Kec. Dawan, Kabupaten Klungkung",BALI,80761.0,Indonesia,87860486598.0,,,-85.379.088,1.154.432.332,https://maps.google.com/?cid=0x0:0xa4ec9e82f1e4a029,
supermarket,Produsen,Natural Salt Ketut Kaping From Bali,"CCJV+RHP, Jl. Kusuma Bahari, Kusamba, Kec. Dawan, Kabupaten Klungkung, Bali 80761","Jl. Kusuma Bahari, Kusamba, Kec. Dawan, Kabupaten Klungkung",BALI,80761.0,Indonesia,87860091428.0,,,-8.567.909,1.154.439.423,https://maps.google.com/?cid=0x0:0xd92e5765839c0ee0,
supermarket,Toko Swalayan,Bumi Mart,"Jl. Semarapura-Karangasem No.desa, Lokasari, Kec. Sidemen, Kabupaten Karangasem, Bali 80761","Lokasari, Kec. Sidemen, Kabupaten Karangasem",BALI,80761.0,Indonesia,,,,-85.153.452,1.154.228.757,https://maps.google.com/?cid=0x0:0xf9c97049c6811724,
supermarket,Toko bahan makanan,Peken Dawan,"Dawan Klod, Kec. Dawan, Kabupaten Klungkung, Bali","Kabupaten Klungkung, Bali",BALI,,Indonesia,,,,-8.539.717,1.154.431.076,https://maps.google.com/?cid=0x0:0xb9bb9aa2c6415b36,
supermarket,Toko,Family Rejeki,"Jl. Babung Kangin, Gunaksa, Dawan, Klungkung Regency, Bali 80761","Gunaksa, Dawan, Klungkung Regency",BALI,80761.0,Indonesia,,,,-85.328.031,1.154.375.094,https://maps.google.com/?cid=0x0:0x2515cd5b20f138e2,
supermarket,supermarket,Bali 80711,"Kec. Klungkung, Kabupaten Klungkung, Bali","Kabupaten Klungkung, Bali",BALI,,Indonesia,,,,-8.527.468,1.153.978.272,https://maps.google.com/?cid=0x0:0x1c00c5eb6016bf90,
supermarket,Supermarket Diskon,Unit Swalayan Mini,"Jl. Jempiring No.18, Semarapura Kelod, Kec. Klungkung, Kabupaten Klungkung, Bali 80711","Semarapura Kelod, Kec. Klungkung, Kabupaten Klungkung",BALI,80711.0,Indonesia,36625656.0,,,-85.388.147,1.153.999.291,https://maps.google.com/?cid=0x0:0xbb2237f769f95858,
supermarket,Pusat Perbelanjaan,Clandy's Mart Klungkung,"Jl. Ngurah Rai No.10, Semarapura Kauh, Kec. Klungkung, Kabupaten Klungkung, Bali 80716","Semarapura Kauh, Kec. Klungkung, Kabupaten Klungkung",BALI,80716.0,Indonesia,87761299130.0,,,-8.533.107,115.397.265,https://maps.google.com/?cid=0x0:0x3b17e2ccd55271bf,
supermarket,Toko bahan makanan,Supermarket Inti,"Jl. Gn. Batukaru No.10, Semarapura Kelod Kangin, Kec. Klungkung, Kabupaten Klungkung, Bali 80761","Semarapura Kelod Kangin, Kec. Klungkung, Kabupaten Klungkung",BALI,80761.0,Indonesia,36621997.0,,,-85.345.619,1.154.046.405,https://maps.google.com/?cid=0x0:0xabcd68283db9de3c,
supermarket,Toko bahan makanan,Cahaya Melati Grosir,"FC43+V22, Semarapura Kelod, Kec. Klungkung, Kabupaten Klungkung, Bali 80761","Semarapura Kelod, Kec. Klungkung, Kabupaten Klungkung",BALI,80761.0,Indonesia,,,,-85.428.627,1.154.025.217,https://maps.google.com/?cid=0x0:0xe24436bbed3f0ba9,
supermarket,Toko Swalayan,Cahaya Melati Toko,"Jl. Puputan No.03, Semarapura Kangin, Kec. Klungkung, Kabupaten Klungkung, Bali 80715","Semarapura Kangin, Kec. Klungkung, Kabupaten Klungkung",BALI,80715.0,Indonesia,36121406.0,,,-85.359.424,1.154.037.796,https://maps.google.com/?cid=0x0:0x751b87bebf5cd561,
supermarket,Toko,Surya Jaya,"Jl. Ahmad Yani No.23, Semarapura Kaja, Kec. Klungkung, Kabupaten Klungkung, Bali 80711","Semarapura Kaja, Kec. Klungkung, Kabupaten Klungkung",BALI,80711.0,Indonesia,8179716221.0,,,-85.244.267,115.397.524,https://maps.google.com/?cid=0x0:0xfe855ad934e7e9a7,
supermarket,Toko Swalayan,Toko Sudira,"Jl. Pudak No.4, Semarapura Kauh, Kec. Klungkung, Kabupaten Klungkung, Bali 80711","Semarapura Kauh, Kec. Klungkung, Kabupaten Klungkung",BALI,80711.0,Indonesia,,,,-85.348.246,1.153.946.278,https://maps.google.com/?cid=0x0:0x9b173e5db5549f4e,
supermarket,Toko bahan makanan,Toko Kusamba,"Jalan Diponegoro Kangin No.82, Semarapura Kelod, Kec. Klungkung, Kabupaten Klungkung, Bali 80715","Semarapura Kelod, Kec. Klungkung, Kabupaten Klungkung",BALI,80715.0,Indonesia,87828948429.0,,,-85.357.664,1.154.062.647,https://maps.google.com/?cid=0x0:0xa20cc74adff550f6,
supermarket,Minimarket,Toko Modern 3 Langit,"Jl. Sakura No.8, Semarapura Kelod, Kec. Klungkung, Kabupaten Klungkung, Bali 80716","Semarapura Kelod, Kec. Klungkung, Kabupaten Klungkung",BALI,80716.0,Indonesia,85158339106.0,,,-85.430.732,1.153.981.508,https://maps.google.com/?cid=0x0:0xd36311b1e1d41102,
supermarket,Toko Swalayan,Warung Kas Mulia,"Jl. Dewi Sartika, Semarapura Tengah, Kec. Klungkung, Kabupaten Klungkung, Bali 80711","Semarapura Tengah, Kec. Klungkung, Kabupaten Klungkung",BALI,80711.0,Indonesia,,,,-85.279.355,1.154.000.902,https://maps.google.com/?cid=0x0:0x5ecbefb5c90f115c,
supermarket,Minimarket,Alfamart,"Jl. Flamboyan Kel No.53, Semarapura Kelod, Kec. Klungkung, Kab. Klungkung, Bali 80714","Semarapura Kelod, Kec. Klungkung, Kab. Klungkung",BALI,80714.0,Indonesia,211500959.0,,,-85.391.366,1.153.952.278,https://maps.google.com/?cid=0x0:0x1e9516a691e63f,
supermarket,Toko,Toko Surya Plastik,"FC42+GCX, Jl. Anyelir, Semarapura Kelod, Kec. Klungkung, Kabupaten Klungkung, Bali 80711","Jl. Anyelir, Semarapura Kelod, Kec. Klungkung, Kabupaten Klungkung",BALI,80711.0,Indonesia,87861142007.0,,,-85.436.443,1.154.011.107,https://maps.google.com/?cid=0x0:0x16427d566eff5d0d,
supermarket,Pasar,Pasar Klungkung,"FC73+HV9, Semarapura Kangin, Kec. Klungkung, Kabupaten Klungkung, Bali 80761","Semarapura Kangin, Kec. Klungkung, Kabupaten Klungkung",BALI,80761.0,Indonesia,,,,-85.360.839,1.154.047.405,https://maps.google.com/?cid=0x0:0xecfc9e5d0cba1ffe,
supermarket,Toko,Candra Mart,"F9FX+5W3, Jl. Ngurah Rai, Semarapura Kaja, Kec. Klungkung, Kabupaten Klungkung, Bali 80721","Jl. Ngurah Rai, Semarapura Kaja, Kec. Klungkung, Kabupaten Klungkung",BALI,80721.0,Indonesia,81339341000.0,,,-85.271.123,1.153.998.051,https://maps.google.com/?cid=0x0:0x81ac088a81ebae47,
supermarket,Tujuan Wisata,Kembang Kemoning,"Jl. Diponegoro No.7, Semarapura Kelod Kangin, Kec. Klungkung, Kabupaten Klungkung, Bali 80761","Semarapura Kelod Kangin, Kec. Klungkung, Kabupaten Klungkung",BALI,80761.0,Indonesia,81585328210.0,,,-8.535.197,1.154.042.251,https://maps.google.com/?cid=0x0:0xa0554e1539506778,
supermarket,Minimarket,Indomaret | Semarapura Tengah,"Jl. Untung Suropati No.23, Semarapura Tengah, Kec. Klungkung, Kabupaten Klungkung, Bali 80711","Semarapura Tengah, Kec. Klungkung, Kabupaten Klungkung",BALI,80711.0,Indonesia,816500580.0,,,-85.348.614,1.153.999.189,https://maps.google.com/?cid=0x0:0x8b74161e282be118,
supermarket,Grosir,Toko Eka 1,"Jl. Arjuna No.2, Semarapura Kangin, Kec. Klungkung, Kabupaten Klungkung, Bali 80761","Semarapura Kangin, Kec. Klungkung, Kabupaten Klungkung",BALI,80761.0,Indonesia,82146431849.0,,,-85.376.425,1.154.035.781,https://maps.google.com/?cid=0x0:0x1fa5cb0c674a4174,
supermarket,supermarket,DUTA DEWATA Grosir,"F9GX+53C, Jl. Hasanudin, Semarapura Kaja, Kec. Klungkung, Kabupaten Klungkung, Bali 80711","Jl. Hasanudin, Semarapura Kaja, Kec. Klungkung, Kabupaten Klungkung",BALI,80711.0,Indonesia,82236905528.0,,,-85.245.517,1.153.976.553,https://maps.google.com/?cid=0x0:0x3a183a81e3f5dbc1,
supermarket,Toko,WARUNG ARTHA SEDANA,"Akah, Kec. Klungkung, Kabupaten Klungkung, Bali 80711","Kec. Klungkung, Kabupaten Klungkung",BALI,80711.0,Indonesia,8164734214.0,,,-85.202.037,1.154.010.688,https://maps.google.com/?cid=0x0:0x5d32cd77944eaded,
supermarket,Minimarket,Indomaret Semarapura Kauh,"Jl. Ngurah Rai No.64, Semarapura Kauh, Kec. Klungkung, Kabupaten Klungkung, Bali 80711","Semarapura Kauh, Kec. Klungkung, Kabupaten Klungkung",BALI,80711.0,Indonesia,,,,-85.290.289,1.153.984.405,https://maps.google.com/?cid=0x0:0x770560b7cd5758bd,
supermarket,Minimarket,Alfamart,"Jl. Diponegoro Kel No.5, Semarapura Kangin, Kec. Klungkung, Kabupaten Klungkung, Bali 80716","Semarapura Kangin, Kec. Klungkung, Kabupaten Klungkung",BALI,80716.0,Indonesia,1500959.0,,,-85.352.321,115.404.051,https://maps.google.com/?cid=0x0:0x2046bd85a7e3746f,
supermarket,Grosir buku,UD KINARA,"Jl. DR. Sutomo Libgkungan Bendul No.9, Semarapura Tengah, Kec. Klungkung, Kabupaten Klungkung, Bali 80711","Semarapura Tengah, Kec. Klungkung, Kabupaten Klungkung",BALI,80711.0,Indonesia,81805406100.0,,,-85.295.336,1.154.040.992,https://maps.google.com/?cid=0x0:0x29af6c76ede9fa92,
supermarket,supermarket,Bali 80712,"Kec. Klungkung, Kabupaten Klungkung, Bali","Kabupaten Klungkung, Bali",BALI,,Indonesia,,,,-85.253.594,1.153.919.027,https://maps.google.com/?cid=0x0:0x1c00c5eb6016bfa0,
supermarket,Supermarket Diskon,Unit Swalayan Mini,"Jl. Jempiring No.18, Semarapura Kelod, Kec. Klungkung, Kabupaten Klungkung, Bali 80711","Semarapura Kelod, Kec. Klungkung, Kabupaten Klungkung",BALI,80711.0,Indonesia,36625656.0,,,-85.388.147,1.153.999.291,https://maps.google.com/?cid=0x0:0xbb2237f769f95858,
supermarket,Pusat Perbelanjaan,Clandy's Mart Klungkung,"Jl. Ngurah Rai No.10, Semarapura Kauh, Kec. Klungkung, Kabupaten Klungkung, Bali 80716","Semarapura Kauh, Kec. Klungkung, Kabupaten Klungkung",BALI,80716.0,Indonesia,87761299130.0,,,-8.533.107,115.397.265,https://maps.google.com/?cid=0x0:0x3b17e2ccd55271bf,
supermarket,Toko bahan makanan,Cahaya Melati Grosir,"FC43+V22, Semarapura Kelod, Kec. Klungkung, Kabupaten Klungkung, Bali 80761","Semarapura Kelod, Kec. Klungkung, Kabupaten Klungkung",BALI,80761.0,Indonesia,,,,-85.428.627,1.154.025.217,https://maps.google.com/?cid=0x0:0xe24436bbed3f0ba9,
supermarket,Toko Swalayan,Swalayan Cintamani,"C9XF+VX8, Jl. Raya Banjarangkan, Kabupaten, Kec. Klungkung, Kabupaten Klungkung, Bali 80752","Jl. Raya Banjarangkan, Kabupaten, Kec. Klungkung, Kabupaten Klungkung",BALI,80752.0,Indonesia,36631638.0,,,-85.503.389,1.153.749.386,https://maps.google.com/?cid=0x0:0x7091b38d7622f422,
supermarket,Toko,Surya Jaya,"Jl. Ahmad Yani No.23, Semarapura Kaja, Kec. Klungkung, Kabupaten Klungkung, Bali 80711","Semarapura Kaja, Kec. Klungkung, Kabupaten Klungkung",BALI,80711.0,Indonesia,8179716221.0,,,-85.244.267,115.397.524,https://maps.google.com/?cid=0x0:0xfe855ad934e7e9a7,
supermarket,Toko bahan makanan,Toko Kusamba,"Jalan Diponegoro Kangin No.82, Semarapura Kelod, Kec. Klungkung, Kabupaten Klungkung, Bali 80715","Semarapura Kelod, Kec. Klungkung, Kabupaten Klungkung",BALI,80715.0,Indonesia,87828948429.0,,,-85.357.664,1.154.062.647,https://maps.google.com/?cid=0x0:0xa20cc74adff550f6,
supermarket,Toko Swalayan,Toko Sudira,"Jl. Pudak No.4, Semarapura Kauh, Kec. Klungkung, Kabupaten Klungkung, Bali 80711","Semarapura Kauh, Kec. Klungkung, Kabupaten Klungkung",BALI,80711.0,Indonesia,,,,-85.348.246,1.153.946.278,https://maps.google.com/?cid=0x0:0x9b173e5db5549f4e,
supermarket,Toko,Candra Mart,"F9FX+5W3, Jl. Ngurah Rai, Semarapura Kaja, Kec. Klungkung, Kabupaten Klungkung, Bali 80721","Jl. Ngurah Rai, Semarapura Kaja, Kec. Klungkung, Kabupaten Klungkung",BALI,80721.0,Indonesia,81339341000.0,,,-85.271.123,1.153.998.051,https://maps.google.com/?cid=0x0:0x81ac088a81ebae47,
supermarket,Toko Swalayan,Warung Kas Mulia,"Jl. Dewi Sartika, Semarapura Tengah, Kec. Klungkung, Kabupaten Klungkung, Bali 80711","Semarapura Tengah, Kec. Klungkung, Kabupaten Klungkung",BALI,80711.0,Indonesia,,,,-85.279.355,1.154.000.902,https://maps.google.com/?cid=0x0:0x5ecbefb5c90f115c,
supermarket,supermarket,DUTA DEWATA Grosir,"F9GX+53C, Jl. Hasanudin, Semarapura Kaja, Kec. Klungkung, Kabupaten Klungkung, Bali 80711","Jl. Hasanudin, Semarapura Kaja, Kec. Klungkung, Kabupaten Klungkung",BALI,80711.0,Indonesia,82236905528.0,,,-85.245.517,1.153.976.553,https://maps.google.com/?cid=0x0:0x3a183a81e3f5dbc1,
supermarket,Mal outlet,Miniso Klungkung,"Jl. Ngurah Rai No.60, Semarapura Tengah, Kec. Klungkung, Kabupaten Klungkung, Bali 80716","Semarapura Tengah, Kec. Klungkung, Kabupaten Klungkung",BALI,80716.0,Indonesia,81215672599.0,,,-85.288.157,1.153.986.771,https://maps.google.com/?cid=0x0:0x6b952e2d34b9db64,
supermarket,Toko,Toko Dupa Bali Klungkung,"Bendul, Jl. Antasari No.108X, Semarapura Tengah, Kec. Klungkung, Kabupaten Klungkung, Bali 80761","Jl. Antasari No.108X, Semarapura Tengah, Kec. Klungkung, Kabupaten Klungkung",BALI,80761.0,Indonesia,81946705358.0,,,-85.289.295,1.154.018.245,https://maps.google.com/?cid=0x0:0xfe1a8c475a4948e3,
supermarket,Toko,WARUNG ARTHA SEDANA,"Akah, Kec. Klungkung, Kabupaten Klungkung, Bali 80711","Kec. Klungkung, Kabupaten Klungkung",BALI,80711.0,Indonesia,8164734214.0,,,-85.202.037,1.154.010.688,https://maps.google.com/?cid=0x0:0x5d32cd77944eaded,
supermarket,Minimarket,Indomaret Semarapura Kauh,"Jl. Ngurah Rai No.64, Semarapura Kauh, Kec. Klungkung, Kabupaten Klungkung, Bali 80711","Semarapura Kauh, Kec. Klungkung, Kabupaten Klungkung",BALI,80711.0,Indonesia,,,,-85.290.289,1.153.984.405,https://maps.google.com/?cid=0x0:0x770560b7cd5758bd,
supermarket,Grosir,Toko Cakrawala,"Jl. Arjuna- Pasar Klungkung Blok D No. 8, Semarapura Kangin, Kec. Klungkung, Kabupaten Klungkung, Bali 80711","Semarapura Kangin, Kec. Klungkung, Kabupaten Klungkung",BALI,80711.0,Indonesia,87760353695.0,,,-85.375.516,1.154.048.288,https://maps.google.com/?cid=0x0:0xe129ae34de978a82,
supermarket,Minimarket,Alfamart,"Jl. Flamboyan Kel No.53, Semarapura Kelod, Kec. Klungkung, Kab. Klungkung, Bali 80714","Semarapura Kelod, Kec. Klungkung, Kab. Klungkung",BALI,80714.0,Indonesia,211500959.0,,,-85.391.366,1.153.952.278,https://maps.google.com/?cid=0x0:0x1e9516a691e63f,
supermarket,Toko Kelontong Asia,Warung Yogi's,"Manduang, Kec. Klungkung, Kabupaten Klungkung, Bali 80716","Kec. Klungkung, Kabupaten Klungkung",BALI,80716.0,Indonesia,85237449599.0,,,-8.518.332,1.153.914.598,https://maps.google.com/?cid=0x0:0xb0001234e03fb88b,
supermarket,Distributor Baja,TOKO BALI KLUNGKUNG,"Jl. Nakula, Semarapura Kangin, Kec. Klungkung, Kabupaten Klungkung, Bali 80716","Semarapura Kangin, Kec. Klungkung, Kabupaten Klungkung",BALI,80716.0,Indonesia,81236563756.0,,,-85.366.122,1.154.055.096,https://maps.google.com/?cid=0x0:0x73f0375dab3d9652,
supermarket,Minimarket,Alfamart,"Jl. Diponegoro Kel No.5, Semarapura Kangin, Kec. Klungkung, Kabupaten Klungkung, Bali 80716","Semarapura Kangin, Kec. Klungkung, Kabupaten Klungkung",BALI,80716.0,Indonesia,1500959.0,,,-85.352.321,115.404.051,https://maps.google.com/?cid=0x0:0x2046bd85a7e3746f,
supermarket,Toko Kosmetik,Mutiara Permai Klungkung,"Jl. Ngurah Rai No.60, Semarapura Tengah, Kec. Klungkung, Kabupaten Klungkung, Bali 80711","Semarapura Tengah, Kec. Klungkung, Kabupaten Klungkung",BALI,80711.0,Indonesia,81236015862.0,,,-85.288.157,1.153.986.771,https://maps.google.com/?cid=0x0:0x7601f6a8993358ff,
supermarket,Toko Swalayan,Toko Pak Teja,"FC56+X2Q, Semarapura Kangin, Kec. Klungkung, Kabupaten Klungkung, Bali 80761","Semarapura Kangin, Kec. Klungkung, Kabupaten Klungkung",BALI,80761.0,Indonesia,89528920902.0,,,-85.400.262,1.154.100.955,https://maps.google.com/?cid=0x0:0xeabe024a50266012,
supermarket,Toko bahan makanan,Toko buah Nang-Ning,"Jl. Puputan No.27, Semarapura Kangin, Kec. Klungkung, Kabupaten Klungkung, Bali 80761","Semarapura Kangin, Kec. Klungkung, Kabupaten Klungkung",BALI,80761.0,Indonesia,,,,-85.373.451,1.154.035.685,https://maps.google.com/?cid=0x0:0xd3f9ae5ce8512fcf,
supermarket,Toko,Bali art kamasan,"F9FX+4VH, Jl. Dewi Sartika, Semarapura Tengah, Kec. Klungkung, Kabupaten Klungkung, Bali 80711","Jl. Dewi Sartika, Semarapura Tengah, Kec. Klungkung, Kabupaten Klungkung",BALI,80711.0,Indonesia,,,,-8.527.183,1.153.997.328,https://maps.google.com/?cid=0x0:0x26b0e919263c80f0,
supermarket,Toko,Mawi Janur,"F9FX+XH9, Semarapura Kaja, Kec. Klungkung, Kabupaten Klungkung, Bali","Kabupaten Klungkung, Bali",BALI,,Indonesia,,,,-85.250.988,1.153.989.855,https://maps.google.com/?cid=0x0:0x1f16214f26d306a8,
supermarket,Toko bahan makanan,Warung Dewi Sri,"FCC2+85M, Semarapura Tengah, Kec. Klungkung, Kabupaten Klungkung, Bali 80711","Semarapura Tengah, Kec. Klungkung, Kabupaten Klungkung",BALI,80711.0,Indonesia,,,,-85.291.702,1.154.004.129,https://maps.google.com/?cid=0x0:0xb4dfd9fc4ec4414a,
supermarket,supermarket,Warung Kurnia,"Jl. Dewi Sartika No.2, Semarapura Kaja, Kec. Klungkung, Kabupaten Klungkung, Bali 80711","Semarapura Kaja, Kec. Klungkung, Kabupaten Klungkung",BALI,80711.0,Indonesia,,,,-85.264.771,115.399.591,https://maps.google.com/?cid=0x0:0xa49d50918669d7ba,
supermarket,supermarket,Bali 80713,"Tihingan, Kec. Banjarangkan, Kabupaten Klungkung, Bali","Kabupaten Klungkung, Bali",BALI,,Indonesia,,,,-8.533.129,1.153.889.403,https://maps.google.com/?cid=0x0:0x1c00c5eb6016bfb0,
supermarket,Supermarket Diskon,Unit Swalayan Mini,"Jl. Jempiring No.18, Semarapura Kelod, Kec. Klungkung, Kabupaten Klungkung, Bali 80711","Semarapura Kelod, Kec. Klungkung, Kabupaten Klungkung",BALI,80711.0,Indonesia,36625656.0,,,-85.388.147,1.153.999.291,https://maps.google.com/?cid=0x0:0xbb2237f769f95858,
supermarket,Pusat Perbelanjaan,Clandy's Mart Klungkung,"Jl. Ngurah Rai No.10, Semarapura Kauh, Kec. Klungkung, Kabupaten Klungkung, Bali 80716","Semarapura Kauh, Kec. Klungkung, Kabupaten Klungkung",BALI,80716.0,Indonesia,87761299130.0,,,-8.533.107,115.397.265,https://maps.google.com/?cid=0x0:0x3b17e2ccd55271bf,
supermarket,Toko bahan makanan,Supermarket Inti,"Jl. Gn. Batukaru No.10, Semarapura Kelod Kangin, Kec. Klungkung, Kabupaten Klungkung, Bali 80761","Semarapura Kelod Kangin, Kec. Klungkung, Kabupaten Klungkung",BALI,80761.0,Indonesia,36621997.0,,,-85.345.619,1.154.046.405,https://maps.google.com/?cid=0x0:0xabcd68283db9de3c,
supermarket,Toko Swalayan,Toko Sudira,"Jl. Pudak No.4, Semarapura Kauh, Kec. Klungkung, Kabupaten Klungkung, Bali 80711","Semarapura Kauh, Kec. Klungkung, Kabupaten Klungkung",BALI,80711.0,Indonesia,,,,-85.348.246,1.153.946.278,https://maps.google.com/?cid=0x0:0x9b173e5db5549f4e,
supermarket,Toko bahan makanan,Toko Kusamba,"Jalan Diponegoro Kangin No.82, Semarapura Kelod, Kec. Klungkung, Kabupaten Klungkung, Bali 80715","Semarapura Kelod, Kec. Klungkung, Kabupaten Klungkung",BALI,80715.0,Indonesia,87828948429.0,,,-85.357.664,1.154.062.647,https://maps.google.com/?cid=0x0:0xa20cc74adff550f6,
supermarket,Toko,ZUMA Klungkung,"Jl. Flamboyan No.24-22, Semarapura Kauh, Kec. Klungkung, Kabupaten Klungkung, Bali 80716","Semarapura Kauh, Kec. Klungkung, Kabupaten Klungkung",BALI,80716.0,Indonesia,,,,-85.365.308,1.153.957.461,https://maps.google.com/?cid=0x0:0x32120a9e8890fee1,
supermarket,Minimarket,Alfamart,"Jl. Flamboyan Kel No.53, Semarapura Kelod, Kec. Klungkung, Kab. Klungkung, Bali 80714","Semarapura Kelod, Kec. Klungkung, Kab. Klungkung",BALI,80714.0,Indonesia,211500959.0,,,-85.391.366,1.153.952.278,https://maps.google.com/?cid=0x0:0x1e9516a691e63f,
supermarket,Toko,Warung Bu Gusti Sriati,"BTN Penasan Blok D no. 1, Tihingan, Kec. Banjarangkan, Kabupaten Klungkung, Bali 80713","Tihingan, Kec. Banjarangkan, Kabupaten Klungkung",BALI,80713.0,Indonesia,,,,-85.328.789,1.153.856.117,https://maps.google.com/?cid=0x0:0xef49050c6085ccf2,
supermarket,Toko makanan beku,lucky Frozen,"Jl. Flamboyan No.34, Semarapura Kelod, Kec. Klungkung, Kabupaten Klungkung, Bali 80716","Semarapura Kelod, Kec. Klungkung, Kabupaten Klungkung",BALI,80716.0,Indonesia,89524655182.0,,,-85.377.776,1.153.954.486,https://maps.google.com/?cid=0x0:0xd41c0676af5d4571,
supermarket,Kedai Kopi,Kopi Ninibali,"Br. Sangkanbuana, Semarapura Kauh, Kec. Klungkung, Kabupaten Klungkung, Bali 80713","Semarapura Kauh, Kec. Klungkung, Kabupaten Klungkung",BALI,80713.0,Indonesia,817345770.0,,,-85.328.882,1.153.928.543,https://maps.google.com/?cid=0x0:0x6e9f1123c0214dc1,
supermarket,Pasar,Pasar Klungkung,"FC73+HV9, Semarapura Kangin, Kec. Klungkung, Kabupaten Klungkung, Bali 80761","Semarapura Kangin, Kec. Klungkung, Kabupaten Klungkung",BALI,80761.0,Indonesia,,,,-85.360.839,1.154.047.405,https://maps.google.com/?cid=0x0:0xecfc9e5d0cba1ffe,
supermarket,Toko,Toko Dupa Sudira Eceran dan Grosir,"Jl. Seruni, Desa Budaga, Kec. Klungkung, Kabupaten Klungkung, Bali 80713","Desa Budaga, Kec. Klungkung, Kabupaten Klungkung",BALI,80713.0,Indonesia,85157131338.0,,,-85.376.077,1.153.941.859,https://maps.google.com/?cid=0x0:0xed222e3b752fe8d3,
supermarket,Pengrajin Pernak-pernik,Genta Bali Nyoman Sudibia,"disamping konter rizky cell, Jl. Flamboyan masuk gang rumah pertama No.10, Semarapura Kauh, Kec. Klungkung, Kabupaten Klungkung, Bali 80713","Jl. Flamboyan masuk gang rumah pertama No.10, Semarapura Kauh, Kec. Klungkung, Kabupaten Klungkung",BALI,80713.0,Indonesia,81338772295.0,,,-85.354.327,1.153.963.415,https://maps.google.com/?cid=0x0:0x9dffe3b961adbf18,
supermarket,Restoran,Warung Nyoman,"F98R+8R6, Jl. Watu Renggong, Semarapura Kauh, Kec. Klungkung, Kabupaten Klungkung, Bali 80713","Jl. Watu Renggong, Semarapura Kauh, Kec. Klungkung, Kabupaten Klungkung",BALI,80713.0,Indonesia,87860800871.0,,,-85.342.135,1.153.920.118,https://maps.google.com/?cid=0x0:0xe781fae71aeb02d9,
supermarket,Minimarket,Indomaret Flamboyan,"Jl. Flamboyan, Kemuning Kelod, Semarapura Kelod, Semarapura Kauh, Klungkung, Klungkung Regency, Bali 80714","Kemuning Kelod, Semarapura Kelod, Semarapura Kauh, Klungkung, Klungkung Regency",BALI,80714.0,Indonesia,816500580.0,,,-85.376.967,1.153.952.513,https://maps.google.com/?cid=0x0:0x44a78a78fa8d6959,
supermarket,Grosir,Toko Cakrawala,"Jl. Arjuna- Pasar Klungkung Blok D No. 8, Semarapura Kangin, Kec. Klungkung, Kabupaten Klungkung, Bali 80711","Semarapura Kangin, Kec. Klungkung, Kabupaten Klungkung",BALI,80711.0,Indonesia,87760353695.0,,,-85.375.516,1.154.048.288,https://maps.google.com/?cid=0x0:0xe129ae34de978a82,
supermarket,Toko Roti,Warung Pesinggahan,"Jl. Flamboyan No.11, Semarapura Kelod, Kec. Klungkung, Kabupaten Klungkung, Bali 80714","Semarapura Kelod, Kec. Klungkung, Kabupaten Klungkung",BALI,80714.0,Indonesia,87784636116.0,,,-85.356.771,1.153.963.387,https://maps.google.com/?cid=0x0:0x9e3e1fc17dc47236,
supermarket,Pasar,Pasar Desa Tihingan,"F99M+758, Tihingan, Kec. Banjarangkan, Kabupaten Klungkung, Bali 80716","Tihingan, Kec. Banjarangkan, Kabupaten Klungkung",BALI,80716.0,Indonesia,,,,-85.318.273,1.153.829.598,https://maps.google.com/?cid=0x0:0x5ef9e14074db9e33,
supermarket,Toko Alat Musik,Sutama Gamelan,"F98M+RFW, Tihingan, Kec. Banjarangkan, Kabupaten Klungkung, Bali 80713","Tihingan, Kec. Banjarangkan, Kabupaten Klungkung",BALI,80713.0,Indonesia,85739695584.0,,,-8.532.894,1.153.836.899,https://maps.google.com/?cid=0x0:0x5b6ae23bfe999676,
supermarket,Toko Swalayan,Toko Pak Teja,"FC56+X2Q, Semarapura Kangin, Kec. Klungkung, Kabupaten Klungkung, Bali 80761","Semarapura Kangin, Kec. Klungkung, Kabupaten Klungkung",BALI,80761.0,Indonesia,89528920902.0,,,-85.400.262,1.154.100.955,https://maps.google.com/?cid=0x0:0xeabe024a50266012,
supermarket,Pengrajin Pernak-pernik,Gong Yudha,"F98M+M3H, Tihingan, Kec. Banjarangkan, Kabupaten Klungkung, Bali 80713","Tihingan, Kec. Banjarangkan, Kabupaten Klungkung",BALI,80713.0,Indonesia,81338590441.0,,,-85.333.065,1.153.827.202,https://maps.google.com/?cid=0x0:0x9b54ae7a8221269e,
supermarket,Toko Roti,Nandiya Bakery,"Jl. Flamboyan No.38, Semarapura Kelod, Kec. Klungkung, Kabupaten Klungkung, Bali 80716","Semarapura Kelod, Kec. Klungkung, Kabupaten Klungkung",BALI,80716.0,Indonesia,87760460775.0,,,-85.385.238,1.153.952.643,https://maps.google.com/?cid=0x0:0xd35d7aefca605cc3,
supermarket,Artistic handicrafts,Genta Budaga (I Nengah Sasih,"Jl. Pudak Gg. 12 No.2, Semarapura Kauh, Kec. Klungkung, Kabupaten Klungkung, Bali 80713","Semarapura Kauh, Kec. Klungkung, Kabupaten Klungkung",BALI,80713.0,Indonesia,87761613939.0,,,-85.369.185,1.153.943.835,https://maps.google.com/?cid=0x0:0xbf341ff9cdf687cd,
supermarket,supermarket,Semarapura,"Kec. Klungkung, Kabupaten Klungkung, Bali","Kabupaten Klungkung, Bali",BALI,,Indonesia,,,,-85.388.252,115.402.367,https://maps.google.com/?cid=0x0:0x4030bfbca7d2ed0,
supermarket,Pusat Perbelanjaan,Clandy's Mart Klungkung,"Jl. Ngurah Rai No.10, Semarapura Kauh, Kec. Klungkung, Kabupaten Klungkung, Bali 80716","Semarapura Kauh, Kec. Klungkung, Kabupaten Klungkung",BALI,80716.0,Indonesia,87761299130.0,,,-8.533.107,115.397.265,https://maps.google.com/?cid=0x0:0x3b17e2ccd55271bf,
supermarket,Supermarket Diskon,Unit Swalayan Mini,"Jl. Jempiring No.18, Semarapura Kelod, Kec. Klungkung, Kabupaten Klungkung, Bali 80711","Semarapura Kelod, Kec. Klungkung, Kabupaten Klungkung",BALI,80711.0,Indonesia,36625656.0,,,-85.388.147,1.153.999.291,https://maps.google.com/?cid=0x0:0xbb2237f769f95858,
supermarket,Toko Bahan Bangunan,Swalayan Rama Koppas Srinadi,"FC43+VVV, Jl. Rama, Semarapura Kangin, Kec. Klungkung, Kabupaten Klungkung, Bali 80761","Jl. Rama, Semarapura Kangin, Kec. Klungkung, Kabupaten Klungkung",BALI,80761.0,Indonesia,36622660.0,,,-85.427.566,1.154.046.757,https://maps.google.com/?cid=0x0:0x5cd9787f73d323c1,
supermarket,Toko bahan makanan,Supermarket Inti,"Jl. Gn. Batukaru No.10, Semarapura Kelod Kangin, Kec. Klungkung, Kabupaten Klungkung, Bali 80761","Semarapura Kelod Kangin, Kec. Klungkung, Kabupaten Klungkung",BALI,80761.0,Indonesia,36621997.0,,,-85.345.619,1.154.046.405,https://maps.google.com/?cid=0x0:0xabcd68283db9de3c,
supermarket,Toko bahan makanan,Cahaya Melati Grosir,"FC43+V22, Semarapura Kelod, Kec. Klungkung, Kabupaten Klungkung, Bali 80761","Semarapura Kelod, Kec. Klungkung, Kabupaten Klungkung",BALI,80761.0,Indonesia,,,,-85.428.627,1.154.025.217,https://maps.google.com/?cid=0x0:0xe24436bbed3f0ba9,
supermarket,Toko Swalayan,Cahaya Melati Toko,"Jl. Puputan No.03, Semarapura Kangin, Kec. Klungkung, Kabupaten Klungkung, Bali 80715","Semarapura Kangin, Kec. Klungkung, Kabupaten Klungkung",BALI,80715.0,Indonesia,36121406.0,,,-85.359.424,1.154.037.796,https://maps.google.com/?cid=0x0:0x751b87bebf5cd561,
supermarket,Toko Swalayan,Sari mart,"Jl. Kenyeri No.108, Semarapura Kelod, Kec. Klungkung, Kabupaten Klungkung, Bali 80716","Semarapura Kelod, Kec. Klungkung, Kabupaten Klungkung",BALI,80716.0,Indonesia,,,,-85.447.144,1.153.994.356,https://maps.google.com/?cid=0x0:0x35f3484fcfe3a0aa,
supermarket,Toko bahan makanan,Mulia Sari Mart (MS MART),"FC23+F4P, Banjar Jelantik Kuribatu, Tojan, Kec. Klungkung","Kabupaten Klungkung, Bali",BALI,,Indonesia,,,,-85.487.751,1.154.028.435,https://maps.google.com/?cid=0x0:0xca351a0e878a0fea,
supermarket,Minimarket,Toko Modern 3 Langit,"Jl. Sakura No.8, Semarapura Kelod, Kec. Klungkung, Kabupaten Klungkung, Bali 80716","Semarapura Kelod, Kec. Klungkung, Kabupaten Klungkung",BALI,80716.0,Indonesia,85158339106.0,,,-85.430.732,1.153.981.508,https://maps.google.com/?cid=0x0:0xd36311b1e1d41102,
supermarket,Toko bahan makanan,Toko Kusamba,"Jalan Diponegoro Kangin No.82, Semarapura Kelod, Kec. Klungkung, Kabupaten Klungkung, Bali 80715","Semarapura Kelod, Kec. Klungkung, Kabupaten Klungkung",BALI,80715.0,Indonesia,87828948429.0,,,-85.357.664,1.154.062.647,https://maps.google.com/?cid=0x0:0xa20cc74adff550f6,
supermarket,Toko Swalayan,Swalayan Cintamani,"C9XF+VX8, Jl. Raya Banjarangkan, Kabupaten, Kec. Klungkung, Kabupaten Klungkung, Bali 80752","Jl. Raya Banjarangkan, Kabupaten, Kec. Klungkung, Kabupaten Klungkung",BALI,80752.0,Indonesia,36631638.0,,,-85.503.389,1.153.749.386,https://maps.google.com/?cid=0x0:0x7091b38d7622f422,
supermarket,Toko,ZUMA Klungkung,"Jl. Flamboyan No.24-22, Semarapura Kauh, Kec. Klungkung, Kabupaten Klungkung, Bali 80716","Semarapura Kauh, Kec. Klungkung, Kabupaten Klungkung",BALI,80716.0,Indonesia,,,,-85.365.308,1.153.957.461,https://maps.google.com/?cid=0x0:0x32120a9e8890fee1,
supermarket,Toko,Carnival Mart,"Jl. Kenyeri No.27X, Semarapura Kelod, Kec. Klungkung, Kabupaten Klungkung, Bali 80716","Semarapura Kelod, Kec. Klungkung, Kabupaten Klungkung",BALI,80716.0,Indonesia,,,,-85.432.979,1.153.988.977,https://maps.google.com/?cid=0x0:0x804d13112bc17bef,
supermarket,Minimarket,Toko Bisma 2,"F92X+33G, Jl. Matahari, Semarapura Kelod, Kec. Klungkung, Kabupaten Klungkung, Bali 80716","Jl. Matahari, Semarapura Kelod, Kec. Klungkung, Kabupaten Klungkung",BALI,80716.0,Indonesia,,,,-85.495.667,1.153.979.042,https://maps.google.com/?cid=0x0:0xe968881aef49dddb,
supermarket,Minimarket,Anugrah Dewata,"FC23+39Q, Jl. Pande MAS, Tojan, Kec. Klungkung, Kabupaten Klungkung, Bali 80716","Jl. Pande MAS, Tojan, Kec. Klungkung, Kabupaten Klungkung",BALI,80716.0,Indonesia,81999955784.0,,,-85.497.987,1.154.034.989,https://maps.google.com/?cid=0x0:0x19f8e1df0e9430ac,
supermarket,Toko makanan beku,lucky Frozen,"Jl. Flamboyan No.34, Semarapura Kelod, Kec. Klungkung, Kabupaten Klungkung, Bali 80716","Semarapura Kelod, Kec. Klungkung, Kabupaten Klungkung",BALI,80716.0,Indonesia,89524655182.0,,,-85.377.776,1.153.954.486,https://maps.google.com/?cid=0x0:0xd41c0676af5d4571,
supermarket,Toko Swalayan,Toko Sudira,"Jl. Pudak No.4, Semarapura Kauh, Kec. Klungkung, Kabupaten Klungkung, Bali 80711","Semarapura Kauh, Kec. Klungkung, Kabupaten Klungkung",BALI,80711.0,Indonesia,,,,-85.348.246,1.153.946.278,https://maps.google.com/?cid=0x0:0x9b173e5db5549f4e,
supermarket,Minimarket,Alfamart,"Jl. Flamboyan Kel No.53, Semarapura Kelod, Kec. Klungkung, Kab. Klungkung, Bali 80714","Semarapura Kelod, Kec. Klungkung, Kab. Klungkung",BALI,80714.0,Indonesia,211500959.0,,,-85.391.366,1.153.952.278,https://maps.google.com/?cid=0x0:0x1e9516a691e63f,
supermarket,Toko grosir,UD. Gunung Sari Pusat,"Jl. Rama galiran No.10, Semarapura Kangin, Kec. Klungkung, Kabupaten Klungkung, Bali 80716","Semarapura Kangin, Kec. Klungkung, Kabupaten Klungkung",BALI,80716.0,Indonesia,81337887302.0,,,-85.426.462,1.154.039.429,https://maps.google.com/?cid=0x0:0xa222b6f26a559258,
supermarket,Toko Swalayan,Swalayan Bangunan,"CCX2+J4H, Jl. Kenyeri, Semarapura Kelod, Kec. Klungkung, Kabupaten Klungkung, Bali 80716","Jl. Kenyeri, Semarapura Kelod, Kec. Klungkung, Kabupaten Klungkung",BALI,80716.0,Indonesia,361622660.0,,,-85.509.388,1.154.003.482,https://maps.google.com/?cid=0x0:0x829f8d68b861e8a2,
supermarket,Toko,Pasar Kamasan,"CCX5+W4C, Jl. Nirarta, Kamasan, Kec. Klungkung, Kabupaten Klungkung, Bali 80716","Jl. Nirarta, Kamasan, Kec. Klungkung, Kabupaten Klungkung",BALI,80716.0,Indonesia,,,,-85.501.839,115.407.767,https://maps.google.com/?cid=0x0:0xb2f2bb86dcb3a114,
supermarket,Toko Pakaian,ARJ88 store klungkung,"F98X+H2F, Jl. Ngurah Rai, Semarapura Kauh, Kec. Klungkung, Kabupaten Klungkung, Bali 80716","Jl. Ngurah Rai, Semarapura Kauh, Kec. Klungkung, Kabupaten Klungkung",BALI,80716.0,Indonesia,,,,-8.533.557,115.397.545,https://maps.google.com/?cid=0x0:0x5a7ee9d55119682e,
supermarket,Toko Pakaian,Likelike 1978,"Jl. Flamboyan No.5, Semarapura Kelod, Kec. Klungkung, Kabupaten Klungkung, Bali 80716","Semarapura Kelod, Kec. Klungkung, Kabupaten Klungkung",BALI,80716.0,Indonesia,82146463213.0,,,-85.351.205,1.153.968.011,https://maps.google.com/?cid=0x0:0x56d2bf8493c3c45c,
supermarket,Toko bahan makanan,Cahaya Wirama,"No., Jl. Puputan No.7, Semarapura Kangin, Kec. Klungkung, Kabupaten Klungkung, Bali 80761","Jl. Puputan No.7, Semarapura Kangin, Kec. Klungkung, Kabupaten Klungkung",BALI,80761.0,Indonesia,,,,-85.360.763,1.154.037.732,https://maps.google.com/?cid=0x0:0x91c2e6c1acec3c10,
supermarket,Toko bahan makanan,Toko Kayun,"8FCQ+9XX, Ped, Kec. Nusa Penida, Kabupaten Klungkung, Bali 80771","Ped, Kec. Nusa Penida, Kabupaten Klungkung",BALI,80771.0,Indonesia,87764288192.0,,,-86.789.838,1.154.900.407,https://maps.google.com/?cid=0x0:0x2ac6e77764f995a2,
supermarket,Toko bahan makanan,Bagus Mart 01,"Jl. Raya Cemara BT 8 Nusa Penida Nusa Penida, Batununggul, Kec. Nusa Penida, Kabupaten Klungkung, Bali 80771","Batununggul, Kec. Nusa Penida, Kabupaten Klungkung",BALI,80771.0,Indonesia,81353346131.0,,,-86.777.187,1.155.716.886,https://maps.google.com/?cid=0x0:0x1d9c692f32c18486,
supermarket,supermarket,Bali 80771,"Kec. Nusa Penida, Kabupaten Klungkung, Bali","Kabupaten Klungkung, Bali",BALI,,Indonesia,,,,-8.727.807,1.155.444.231,https://maps.google.com/?cid=0x0:0x1c00c5eb6016c020,
supermarket,Toko Swalayan,Sari Yoga Mart,"Batununggul, Kec. Nusa Penida, Kabupaten Klungkung, Bali 80771","Kec. Nusa Penida, Kabupaten Klungkung",BALI,80771.0,Indonesia,81337947267.0,,,-86.731.744,11.555.564,https://maps.google.com/?cid=0x0:0xfcd37fdbce73c126,
supermarket,Toko Swalayan,Supermarket,"8C6M+J4W, Jl. Nusa Ceningan, Lembongan, Kec. Nusa Penida, Kabupaten Klungkung, Bali 80771","Jl. Nusa Ceningan, Lembongan, Kec. Nusa Penida, Kabupaten Klungkung",BALI,80771.0,Indonesia,,,,-86.883.769,1.154.328.224,https://maps.google.com/?cid=0x0:0x881079996a2fcff5,
supermarket,Minimarket,D'Mart,"8GCG+X2W, Jalan, Buyuk, Ped, Kec. Nusa Penida, Kabupaten Klungkung, Bali 80771","Jalan, Buyuk, Ped, Kec. Nusa Penida, Kabupaten Klungkung",BALI,80771.0,Indonesia,,,,-86.775.524,1.155.248.434,https://maps.google.com/?cid=0x0:0x5248e9e979f4404,
supermarket,Toko Swalayan,S.mart,"8HG6+C23, Jl. Ped - Buyuk, Batununggul, Kec. Nusa Penida, Kabupaten Klungkung, Bali 80771","Jl. Ped - Buyuk, Batununggul, Kec. Nusa Penida, Kabupaten Klungkung",BALI,80771.0,Indonesia,81999081196.0,,,-86.739.914,1.155.600.451,https://maps.google.com/?cid=0x0:0x27e888c2302e053a,
supermarket,Toko bahan makanan,Lukya Ping,"Ped, Kec. Nusa Penida, Kabupaten Klungkung, Bali 80771","Kec. Nusa Penida, Kabupaten Klungkung",BALI,80771.0,Indonesia,82260815792.0,,,-8.675.682,1.154.918.098,https://maps.google.com/?cid=0x0:0x98b4e93bb269c383,
supermarket,Toko Swalayan,Gunung Sari Mart (GS Mart),"Unnamed Road, Klumpu, Nusa Penida, Klungkung Regency, Bali 80771","Klumpu, Nusa Penida, Klungkung Regency",BALI,80771.0,Indonesia,81238222677.0,,,-87.102.221,1.155.196.309,https://maps.google.com/?cid=0x0:0x6fdac652375cbe64,
supermarket,Minimarket,ARPA MART,"Jl. Batu Nunggal-Suana, Suana, Kec. Nusa Penida, Kabupaten Klungkung, Bali 80771","Suana, Kec. Nusa Penida, Kabupaten Klungkung",BALI,80771.0,Indonesia,81353776289.0,,,-87.060.947,1.155.844.076,https://maps.google.com/?cid=0x0:0x33739add4960dc17,
supermarket,Toko Daging Premium,Penida Fresh,"8GFH+375, Jalan, Buyuk, Ped, Nusa Penida, Klungkung Regency, Bali 80771","Jalan, Buyuk, Ped, Nusa Penida, Klungkung Regency",BALI,80771.0,Indonesia,82146814817.0,,,-86.773.746,1.155.282.264,https://maps.google.com/?cid=0x0:0xc5fdeb93d1de7305,
supermarket,Minimarket,Bagus mart 3,"Jl. raya, Kutampi, Kec. Nusa Penida, Kabupaten Klungkung, Bali 80771","Kutampi, Kec. Nusa Penida, Kabupaten Klungkung",BALI,80771.0,Indonesia,,,,-86.740.789,1.155.508.183,https://maps.google.com/?cid=0x0:0xdd308040df8e4156,
supermarket,Toko Swalayan,Supermarket Nusa Penida,"7GCV+VQF, Batukandik, Kec. Nusa Penida, Kabupaten Klungkung, Bali 80771","Batukandik, Kec. Nusa Penida, Kabupaten Klungkung",BALI,80771.0,Indonesia,,,,-8.727.807,1.155.444.231,https://maps.google.com/?cid=0x0:0xfb5fcb9291fca5df,
supermarket,Toko Swalayan,Jukung Mart,"8FCR+F24, Ped, Kec. Nusa Penida, Kabupaten Klungkung, Bali 80771","Ped, Kec. Nusa Penida, Kabupaten Klungkung",BALI,80771.0,Indonesia,,,,-86.788.688,1.154.900.743,https://maps.google.com/?cid=0x0:0xbc8ba4718d9afee4,
supermarket,Minimarket,Bagus Mart 2,"8GFQ+C9F, Kutampi Kaler, Kec. Nusa Penida, Kabupaten Klungkung, Bali 80771","Kutampi Kaler, Kec. Nusa Penida, Kabupaten Klungkung",BALI,80771.0,Indonesia,85238708082.0,,,-86.764.304,1.155.384.259,https://maps.google.com/?cid=0x0:0xa05a124cc03c1e41,
supermarket,Toko bahan makanan,Toko Bali Nusa Sampalan,"8HG5+CM5, Jl. Nusa Indah, Batununggul, Kec. Nusa Penida, Kabupaten Klungkung, Bali 80771","Jl. Nusa Indah, Batununggul, Kec. Nusa Penida, Kabupaten Klungkung",BALI,80771.0,Indonesia,82339791973.0,,,-86.739.935,1.155.592.474,https://maps.google.com/?cid=0x0:0x27cb9abe168d0a35,
supermarket,Toko Swalayan,Toko Pacific,"8FGW+RGF, Jl. Raya Toya Pakeh - Ped, Ped, Kec. Nusa Penida, Kabupaten Klungkung, Bali 80771","Jl. Raya Toya Pakeh - Ped, Ped, Kec. Nusa Penida, Kabupaten Klungkung",BALI,80771.0,Indonesia,,,,-86.729.485,1.154.963.074,https://maps.google.com/?cid=0x0:0x33b8beecf42bf52b,
supermarket,Minimarket,Family Mart,"8C7P+6R3, Mushroom Beach Road, Lembongan, Kec. Nusa Penida, Kabupaten Klungkung, Bali 80771","Mushroom Beach Road, Lembongan, Kec. Nusa Penida, Kabupaten Klungkung",BALI,80771.0,Indonesia,81353101734.0,,,-86.869.972,1.154.370.459,https://maps.google.com/?cid=0x0:0x6c2e8300e47977dc,
supermarket,Rumah wisata,BUMDes Batumadeg,"7G34+4P8, Batumadeg, Kec. Nusa Penida, Kabupaten Klungkung, Bali 80771","Batumadeg, Kec. Nusa Penida, Kabupaten Klungkung",BALI,80771.0,Indonesia,,,,-87.472.045,1.155.068.143,https://maps.google.com/?cid=0x0:0xaef2b1d3f69f67c7,
supermarket,Minimarket,Yanti's mart,"8GCH+W5C, Jl. Br Sental Kawan, Ped, Kec. Nusa Penida, Kabupaten Klungkung, Bali 80771","Jl. Br Sental Kawan, Ped, Kec. Nusa Penida, Kabupaten Klungkung",BALI,80771.0,Indonesia,,,,-8.677.678,1.155.278.774,https://maps.google.com/?cid=0x0:0xddf472a93d36ed91,
supermarket,Toko bahan makanan,the lucky shop market and RENTAL scooter ceningan,"Lembongan, Kec. Nusa Penida, Kabupaten Klungkung, Bali 80771","Kec. Nusa Penida, Kabupaten Klungkung",BALI,80771.0,Indonesia,,,,-87.052.632,1.154.406.533,https://maps.google.com/?cid=0x0:0xfb5e2ec0e7cd9000,
supermarket,Toko Swalayan,Jukung Mart,"8H8G+JC5, Jl. Batumulapan, Batununggul, Kec. Nusa Penida, Kabupaten Klungkung, Bali 80771","Jl. Batumulapan, Batununggul, Kec. Nusa Penida, Kabupaten Klungkung",BALI,80771.0,Indonesia,,,,-86.835.108,1.155.760.879,https://maps.google.com/?cid=0x0:0x30f8b0515a2ef75a,
